Consignment No.,Date of Pickup,Date of First Attempt,Date of Delivery,Date of Return,Customer No.,Customer Agreement,Delivery Depot,Delivery Region Type,Delivery Land,Delivery Remote,Delivery Inaccessible,Pending First Attempt,First Attempt,First Attempt Days,Returned,Returned Days,AScan,AScan Days,Delivered,Delivered Days,Cancelled / Destroyed,First Attempt in SLA,Return in SLA,AScan in SLA
050037356468,05/06/2026,,,,C0014826,ΠΕ119756-98088,0948, ,TRUE,FALSE,FALSE,TRUE,FALSE,0,FALSE,0,FALSE,0,FALSE,0,FALSE,FALSE,FALSE,FALSE
700047338216,05/06/2026,,,,C0014826,ΠΕ119756-98088,0113,ATH,TRUE,FALSE,FALSE,TRUE,FALSE,0,FALSE,0,TRUE,0,FALSE,0,FALSE,FALSE,FALSE,TRUE
700047342687,05/06/2026,,,,C0014826,ΠΕ119756-98088,0113,ATH,TRUE,FALSE,FALSE,TRUE,FALSE,0,FALSE,0,FALSE,0,FALSE,0,FALSE,FALSE,FALSE,FALSE
052000437654,05/06/2026,,,,C0014826,ΠΕ119756-102229,0948, ,TRUE,FALSE,FALSE,TRUE,FALSE,0,FALSE,0,FALSE,0,FALSE,0,FALSE,FALSE,FALSE,FALSE
700047356517,05/06/2026,,,,C0014826,ΠΕ119756-98088,0113,ATH,TRUE,FALSE,FALSE,TRUE,FALSE,0,FALSE,0,TRUE,0,FALSE,0,FALSE,FALSE,FALSE,TRUE
900001133664,05/06/2026,,,,C0014826,ΠΕ119756-98088,0113,ATH,TRUE,FALSE,FALSE,TRUE,FALSE,0,FALSE,0,FALSE,0,FALSE,0,FALSE,FALSE,FALSE,FALSE
700047340881,05/06/2026,,,,C0014826,ΠΕ119756-98088,0113,ATH,TRUE,FALSE,FALSE,TRUE,FALSE,0,FALSE,0,FALSE,0,FALSE,0,FALSE,FALSE,FALSE,FALSE
400004832924,05/06/2026,,,,C0014826,ΠΕ119756-98088,0612, ,TRUE,FALSE,FALSE,TRUE,FALSE,0,FALSE,0,TRUE,0,FALSE,0,FALSE,FALSE,FALSE,TRUE
400004832923,05/06/2026,,,,C0014826,ΠΕ119756-98088,0146, ,TRUE,FALSE,FALSE,TRUE,FALSE,0,FALSE,0,TRUE,0,FALSE,0,FALSE,FALSE,FALSE,TRUE
400004832922,05/06/2026,,,,C0014826,ΠΕ119756-98088,0133, ,TRUE,FALSE,FALSE,TRUE,FALSE,0,FALSE,0,TRUE,0,FALSE,0,FALSE,FALSE,FALSE,TRUE
400004832921,05/06/2026,,,,C0014826,ΠΕ119756-98088,0903, ,FALSE,FALSE,TRUE,TRUE,FALSE,0,FALSE,0,TRUE,0,FALSE,0,FALSE,FALSE,FALSE,TRUE
400004832920,05/06/2026,,,,C0014826,ΠΕ119756-98088,0204, ,TRUE,FALSE,FALSE,TRUE,FALSE,0,FALSE,0,TRUE,0,FALSE,0,FALSE,FALSE,FALSE,TRUE
400004832919,05/06/2026,,,,C0014826,ΠΕ119756-98088,0999, ,TRUE,TRUE,FALSE,TRUE,FALSE,0,FALSE,0,TRUE,0,FALSE,0,FALSE,FALSE,FALSE,TRUE
400004832918,05/06/2026,,,,C0014826,ΠΕ119756-98088,0131, ,TRUE,FALSE,TRUE,TRUE,FALSE,0,FALSE,0,TRUE,0,FALSE,0,FALSE,FALSE,FALSE,TRUE
400004832917,05/06/2026,,,,C0014826,ΠΕ119756-98088,0903, ,FALSE,FALSE,FALSE,TRUE,FALSE,0,FALSE,0,TRUE,0,FALSE,0,FALSE,FALSE,FALSE,TRUE
400004832916,05/06/2026,,,,C0014826,ΠΕ119756-98088,0903, ,FALSE,FALSE,TRUE,TRUE,FALSE,0,FALSE,0,TRUE,0,FALSE,0,FALSE,FALSE,FALSE,TRUE
400004832915,05/06/2026,,,,C0014826,ΠΕ119756-98088,0903, ,FALSE,FALSE,FALSE,TRUE,FALSE,0,FALSE,0,TRUE,0,FALSE,0,FALSE,FALSE,FALSE,TRUE
400004832914,05/06/2026,,,,C0014826,ΠΕ119756-98088,0211, ,TRUE,FALSE,FALSE,TRUE,FALSE,0,FALSE,0,TRUE,0,FALSE,0,FALSE,FALSE,FALSE,TRUE
400004832913,05/06/2026,,,,C0014826,ΠΕ119756-98088,0133, ,TRUE,FALSE,TRUE,TRUE,FALSE,0,FALSE,0,TRUE,0,FALSE,0,FALSE,FALSE,FALSE,TRUE
400004832912,05/06/2026,,,,C0014826,ΠΕ119756-98088,0611, ,TRUE,FALSE,FALSE,TRUE,FALSE,0,FALSE,0,TRUE,0,FALSE,0,FALSE,FALSE,FALSE,TRUE
400004832911,05/06/2026,,,,C0014826,ΠΕ119756-98088,0323, ,TRUE,FALSE,FALSE,TRUE,FALSE,0,FALSE,0,TRUE,0,FALSE,0,FALSE,FALSE,FALSE,TRUE
400004832910,05/06/2026,,,,C0014826,ΠΕ119756-98088,0901, ,FALSE,FALSE,FALSE,TRUE,FALSE,0,FALSE,0,TRUE,0,FALSE,0,FALSE,FALSE,FALSE,TRUE
400004832909,05/06/2026,,,,C0014826,ΠΕ119756-98088,0323, ,TRUE,FALSE,FALSE,TRUE,FALSE,0,FALSE,0,TRUE,0,FALSE,0,FALSE,FALSE,FALSE,TRUE
400004832908,05/06/2026,,,,C0014826,ΠΕ119756-98088,0323, ,TRUE,TRUE,FALSE,TRUE,FALSE,0,FALSE,0,TRUE,0,FALSE,0,FALSE,FALSE,FALSE,TRUE
400004832907,05/06/2026,,,,C0014826,ΠΕ119756-98088,0911, ,FALSE,FALSE,FALSE,TRUE,FALSE,0,FALSE,0,TRUE,0,FALSE,0,FALSE,FALSE,FALSE,TRUE
400004832906,05/06/2026,,,,C0014826,ΠΕ119756-98088,0331, ,FALSE,FALSE,FALSE,TRUE,FALSE,0,FALSE,0,TRUE,0,FALSE,0,FALSE,FALSE,FALSE,TRUE
400004832905,05/06/2026,,,,C0014826,ΠΕ119756-98088,0307, ,TRUE,FALSE,TRUE,TRUE,FALSE,0,FALSE,0,TRUE,0,FALSE,0,FALSE,FALSE,FALSE,TRUE
400004832904,05/06/2026,,,,C0014826,ΠΕ119756-98088,0321, ,TRUE,FALSE,TRUE,TRUE,FALSE,0,FALSE,0,TRUE,0,FALSE,0,FALSE,FALSE,FALSE,TRUE
400004832903,05/06/2026,,,,C0014826,ΠΕ119756-98088,0304, ,TRUE,FALSE,FALSE,TRUE,FALSE,0,FALSE,0,TRUE,0,FALSE,0,FALSE,FALSE,FALSE,TRUE
400004832902,05/06/2026,,,,C0014826,ΠΕ119756-98088,0323, ,TRUE,TRUE,FALSE,TRUE,FALSE,0,FALSE,0,TRUE,0,FALSE,0,FALSE,FALSE,FALSE,TRUE
400004832901,05/06/2026,,,,C0014826,ΠΕ119756-98088,0203, ,TRUE,FALSE,FALSE,TRUE,FALSE,0,FALSE,0,TRUE,0,FALSE,0,FALSE,FALSE,FALSE,TRUE
400004832900,05/06/2026,,,,C0014826,ΠΕ119756-98088,0212, ,TRUE,FALSE,TRUE,TRUE,FALSE,0,FALSE,0,TRUE,0,FALSE,0,FALSE,FALSE,FALSE,TRUE
400004832899,05/06/2026,,,,C0014826,ΠΕ119756-98088,0204, ,TRUE,FALSE,FALSE,TRUE,FALSE,0,FALSE,0,TRUE,0,FALSE,0,FALSE,FALSE,FALSE,TRUE
400004832898,05/06/2026,,,,C0014826,ΠΕ119756-98088,0204, ,TRUE,FALSE,FALSE,TRUE,FALSE,0,FALSE,0,TRUE,0,FALSE,0,FALSE,FALSE,FALSE,TRUE
400004832897,05/06/2026,,,,C0014826,ΠΕ119756-98088,0204, ,TRUE,FALSE,FALSE,TRUE,FALSE,0,FALSE,0,TRUE,0,FALSE,0,FALSE,FALSE,FALSE,TRUE
400004832896,05/06/2026,,,,C0014826,ΠΕ119756-98088,0305, ,TRUE,FALSE,FALSE,TRUE,FALSE,0,FALSE,0,TRUE,0,FALSE,0,FALSE,FALSE,FALSE,TRUE
400004832895,05/06/2026,,,,C0014826,ΠΕ119756-98088,0907, ,FALSE,TRUE,FALSE,TRUE,FALSE,0,FALSE,0,TRUE,0,FALSE,0,FALSE,FALSE,FALSE,TRUE
400004832894,05/06/2026,,,,C0014826,ΠΕ119756-98088,0612, ,TRUE,FALSE,FALSE,TRUE,FALSE,0,FALSE,0,TRUE,0,FALSE,0,FALSE,FALSE,FALSE,TRUE
400004832893,05/06/2026,,,,C0014826,ΠΕ119756-98088,0901, ,FALSE,FALSE,FALSE,TRUE,FALSE,0,FALSE,0,TRUE,0,FALSE,0,FALSE,FALSE,FALSE,TRUE
400004832892,05/06/2026,,,,C0014826,ΠΕ119756-98088,0131, ,TRUE,TRUE,FALSE,TRUE,FALSE,0,FALSE,0,TRUE,0,FALSE,0,FALSE,FALSE,FALSE,TRUE
400004832891,05/06/2026,,,,C0014826,ΠΕ119756-98088,0611, ,TRUE,FALSE,FALSE,TRUE,FALSE,0,FALSE,0,TRUE,0,FALSE,0,FALSE,FALSE,FALSE,TRUE
400004832890,05/06/2026,,,,C0014826,ΠΕ119756-98088,0714, ,TRUE,FALSE,FALSE,TRUE,FALSE,0,FALSE,0,TRUE,0,FALSE,0,FALSE,FALSE,FALSE,TRUE
400004832889,05/06/2026,,,,C0014826,ΠΕ119756-98088,0307, ,TRUE,FALSE,FALSE,TRUE,FALSE,0,FALSE,0,TRUE,0,FALSE,0,FALSE,FALSE,FALSE,TRUE
400004832888,05/06/2026,,,,C0014826,ΠΕ119756-98088,0204, ,TRUE,FALSE,FALSE,TRUE,FALSE,0,FALSE,0,TRUE,0,FALSE,0,FALSE,FALSE,FALSE,TRUE
400004832887,05/06/2026,,,,C0014826,ΠΕ119756-98088,0632, ,TRUE,FALSE,FALSE,TRUE,FALSE,0,FALSE,0,TRUE,0,FALSE,0,FALSE,FALSE,FALSE,TRUE
400004832886,05/06/2026,,,,C0014826,ΠΕ119756-98088,0307, ,TRUE,FALSE,FALSE,TRUE,FALSE,0,FALSE,0,TRUE,0,FALSE,0,FALSE,FALSE,FALSE,TRUE
400004832885,05/06/2026,,,,C0014826,ΠΕ119756-98088,0307, ,TRUE,FALSE,TRUE,TRUE,FALSE,0,FALSE,0,TRUE,0,FALSE,0,FALSE,FALSE,FALSE,TRUE
400004832884,05/06/2026,,,,C0014826,ΠΕ119756-98088,0901, ,FALSE,FALSE,FALSE,TRUE,FALSE,0,FALSE,0,TRUE,0,FALSE,0,FALSE,FALSE,FALSE,TRUE
400004832883,05/06/2026,,,,C0014826,ΠΕ119756-98088,0901, ,FALSE,FALSE,FALSE,TRUE,FALSE,0,FALSE,0,TRUE,0,FALSE,0,FALSE,FALSE,FALSE,TRUE
400004832882,05/06/2026,,,,C0014826,ΠΕ119756-98088,0133, ,TRUE,TRUE,FALSE,TRUE,FALSE,0,FALSE,0,TRUE,0,FALSE,0,FALSE,FALSE,FALSE,TRUE
400004832881,05/06/2026,,,,C0014826,ΠΕ119756-98088,0304, ,TRUE,FALSE,FALSE,TRUE,FALSE,0,FALSE,0,TRUE,0,FALSE,0,FALSE,FALSE,FALSE,TRUE
400004832880,05/06/2026,,,,C0014826,ΠΕ119756-98088,0906, ,FALSE,FALSE,TRUE,TRUE,FALSE,0,FALSE,0,TRUE,0,FALSE,0,FALSE,FALSE,FALSE,TRUE
400004832879,05/06/2026,,,,C0014826,ΠΕ119756-98088,0204, ,TRUE,FALSE,FALSE,TRUE,FALSE,0,FALSE,0,TRUE,0,FALSE,0,FALSE,FALSE,FALSE,TRUE
400004832878,05/06/2026,,,,C0014826,ΠΕ119756-98088,0203, ,TRUE,FALSE,FALSE,TRUE,FALSE,0,FALSE,0,TRUE,0,FALSE,0,FALSE,FALSE,FALSE,TRUE
400004832877,05/06/2026,,,,C0014826,ΠΕ119756-98088,0304, ,TRUE,TRUE,FALSE,TRUE,FALSE,0,FALSE,0,TRUE,0,FALSE,0,FALSE,FALSE,FALSE,TRUE
400004832876,05/06/2026,,,,C0014826,ΠΕ119756-98088,0307, ,TRUE,FALSE,TRUE,TRUE,FALSE,0,FALSE,0,TRUE,0,FALSE,0,FALSE,FALSE,FALSE,TRUE
400004832875,05/06/2026,,,,C0014826,ΠΕ119756-98088,0214, ,TRUE,FALSE,FALSE,TRUE,FALSE,0,FALSE,0,TRUE,0,FALSE,0,FALSE,FALSE,FALSE,TRUE
400004832874,05/06/2026,,,,C0014826,ΠΕ119756-98088,0636, ,TRUE,FALSE,TRUE,TRUE,FALSE,0,FALSE,0,TRUE,0,FALSE,0,FALSE,FALSE,FALSE,TRUE
400004832873,05/06/2026,,,,C0014826,ΠΕ119756-98088,0309, ,TRUE,FALSE,FALSE,TRUE,FALSE,0,FALSE,0,TRUE,0,FALSE,0,FALSE,FALSE,FALSE,TRUE
400004832872,05/06/2026,,,,C0014826,ΠΕ119756-98088,0903, ,FALSE,FALSE,TRUE,TRUE,FALSE,0,FALSE,0,TRUE,0,FALSE,0,FALSE,FALSE,FALSE,TRUE
400004832871,05/06/2026,,,,C0014826,ΠΕ119756-98088,0323, ,TRUE,TRUE,FALSE,TRUE,FALSE,0,FALSE,0,TRUE,0,FALSE,0,FALSE,FALSE,FALSE,TRUE
400004832870,05/06/2026,,,,C0014826,ΠΕ119756-98088,0133, ,TRUE,FALSE,TRUE,TRUE,FALSE,0,FALSE,0,TRUE,0,FALSE,0,FALSE,FALSE,FALSE,TRUE
400004832869,05/06/2026,,,,C0014826,ΠΕ119756-98088,0608,SKG,TRUE,FALSE,FALSE,TRUE,FALSE,0,FALSE,0,TRUE,0,FALSE,0,FALSE,FALSE,FALSE,TRUE
400004832868,05/06/2026,,,,C0014826,ΠΕ119756-98088,0214, ,TRUE,TRUE,FALSE,TRUE,FALSE,0,FALSE,0,TRUE,0,FALSE,0,FALSE,FALSE,FALSE,TRUE
400004832867,05/06/2026,,,,C0014826,ΠΕ119756-98088,0131, ,TRUE,FALSE,TRUE,TRUE,FALSE,0,FALSE,0,TRUE,0,FALSE,0,FALSE,FALSE,FALSE,TRUE
400004832866,05/06/2026,,,,C0014826,ΠΕ119756-98088,0133, ,TRUE,TRUE,FALSE,TRUE,FALSE,0,FALSE,0,TRUE,0,FALSE,0,FALSE,FALSE,FALSE,TRUE
400004832865,05/06/2026,,,,C0014826,ΠΕ119756-98088,0304, ,TRUE,TRUE,FALSE,TRUE,FALSE,0,FALSE,0,TRUE,0,FALSE,0,FALSE,FALSE,FALSE,TRUE
400004832864,05/06/2026,,,,C0014826,ΠΕ119756-98088,0204, ,TRUE,FALSE,FALSE,TRUE,FALSE,0,FALSE,0,TRUE,0,FALSE,0,FALSE,FALSE,FALSE,TRUE
400004832863,05/06/2026,,,,C0014826,ΠΕ119756-98088,0212, ,TRUE,FALSE,FALSE,TRUE,FALSE,0,FALSE,0,TRUE,0,FALSE,0,FALSE,FALSE,FALSE,TRUE
400004832862,05/06/2026,,,,C0014826,ΠΕ119756-98088,0202, ,TRUE,TRUE,FALSE,TRUE,FALSE,0,FALSE,0,TRUE,0,FALSE,0,FALSE,FALSE,FALSE,TRUE
400004832861,05/06/2026,,,,C0014826,ΠΕ119756-98088,0325, ,TRUE,FALSE,FALSE,TRUE,FALSE,0,FALSE,0,TRUE,0,FALSE,0,FALSE,FALSE,FALSE,TRUE
400004832860,05/06/2026,,,,C0014826,ΠΕ119756-98088,0615, ,TRUE,TRUE,FALSE,TRUE,FALSE,0,FALSE,0,TRUE,0,FALSE,0,FALSE,FALSE,FALSE,TRUE
400004832859,05/06/2026,,,,C0014826,ΠΕ119756-98088,0213, ,TRUE,FALSE,FALSE,TRUE,FALSE,0,FALSE,0,TRUE,0,FALSE,0,FALSE,FALSE,FALSE,TRUE
400004832858,05/06/2026,,,,C0014826,ΠΕ119756-98088,0858, ,FALSE,FALSE,FALSE,TRUE,FALSE,0,FALSE,0,TRUE,0,FALSE,0,FALSE,FALSE,FALSE,TRUE
400004832857,05/06/2026,,,,C0014826,ΠΕ119756-98088,0634, ,TRUE,FALSE,FALSE,TRUE,FALSE,0,FALSE,0,TRUE,0,FALSE,0,FALSE,FALSE,FALSE,TRUE
400004832856,05/06/2026,,,,C0014826,ΠΕ119756-98088,0503, ,TRUE,FALSE,FALSE,TRUE,FALSE,0,FALSE,0,TRUE,0,FALSE,0,FALSE,FALSE,FALSE,TRUE
400004832855,05/06/2026,,,,C0014826,ΠΕ119756-98088,0331, ,FALSE,FALSE,FALSE,TRUE,FALSE,0,FALSE,0,TRUE,0,FALSE,0,FALSE,FALSE,FALSE,TRUE
400004832854,05/06/2026,,,,C0014826,ΠΕ119756-98088,0632, ,TRUE,FALSE,FALSE,TRUE,FALSE,0,FALSE,0,TRUE,0,FALSE,0,FALSE,FALSE,FALSE,TRUE
400004832853,05/06/2026,,,,C0014826,ΠΕ119756-98088,0637, ,TRUE,FALSE,FALSE,TRUE,FALSE,0,FALSE,0,TRUE,0,FALSE,0,FALSE,FALSE,FALSE,TRUE
400004832852,05/06/2026,,,,C0014826,ΠΕ119756-98088,0324, ,TRUE,TRUE,FALSE,TRUE,FALSE,0,FALSE,0,TRUE,0,FALSE,0,FALSE,FALSE,FALSE,TRUE
400004832851,05/06/2026,,,,C0014826,ΠΕ119756-98088,0866, ,FALSE,TRUE,FALSE,TRUE,FALSE,0,FALSE,0,TRUE,0,FALSE,0,FALSE,FALSE,FALSE,TRUE
400004832850,05/06/2026,,,,C0014826,ΠΕ119756-98088,0901, ,FALSE,FALSE,FALSE,TRUE,FALSE,0,FALSE,0,TRUE,0,FALSE,0,FALSE,FALSE,FALSE,TRUE
400004832849,05/06/2026,,,,C0014826,ΠΕ119756-98088,0304, ,TRUE,TRUE,FALSE,TRUE,FALSE,0,FALSE,0,TRUE,0,FALSE,0,FALSE,FALSE,FALSE,TRUE
400004832848,05/06/2026,,,,C0014826,ΠΕ119756-98088,0213, ,TRUE,FALSE,FALSE,TRUE,FALSE,0,FALSE,0,TRUE,0,FALSE,0,FALSE,FALSE,FALSE,TRUE
400004832847,05/06/2026,,,,C0014826,ΠΕ119756-98088,0901, ,FALSE,FALSE,FALSE,TRUE,FALSE,0,FALSE,0,TRUE,0,FALSE,0,FALSE,FALSE,FALSE,TRUE
400004832846,05/06/2026,,,,C0014826,ΠΕ119756-98088,0212, ,TRUE,FALSE,FALSE,TRUE,FALSE,0,FALSE,0,TRUE,0,FALSE,0,FALSE,FALSE,FALSE,TRUE
400004832845,05/06/2026,,,,C0014826,ΠΕ119756-98088,0214, ,TRUE,FALSE,FALSE,TRUE,FALSE,0,FALSE,0,TRUE,0,FALSE,0,FALSE,FALSE,FALSE,TRUE
400004832844,05/06/2026,,,,C0014826,ΠΕ119756-98088,0901, ,FALSE,FALSE,FALSE,TRUE,FALSE,0,FALSE,0,TRUE,0,FALSE,0,FALSE,FALSE,FALSE,TRUE
400004832843,05/06/2026,,,,C0014826,ΠΕ119756-98088,0612, ,TRUE,FALSE,FALSE,TRUE,FALSE,0,FALSE,0,TRUE,0,FALSE,0,FALSE,FALSE,FALSE,TRUE
400004832842,05/06/2026,,,,C0014826,ΠΕ119756-98088,0901, ,FALSE,FALSE,FALSE,TRUE,FALSE,0,FALSE,0,TRUE,0,FALSE,0,FALSE,FALSE,FALSE,TRUE
400004832841,05/06/2026,,,,C0014826,ΠΕ119756-98088,0611, ,TRUE,FALSE,FALSE,TRUE,FALSE,0,FALSE,0,TRUE,0,FALSE,0,FALSE,FALSE,FALSE,TRUE
400004832840,05/06/2026,,,,C0014826,ΠΕ119756-98088,0204, ,TRUE,FALSE,FALSE,TRUE,FALSE,0,FALSE,0,TRUE,0,FALSE,0,FALSE,FALSE,FALSE,TRUE
400004832839,05/06/2026,,,,C0014826,ΠΕ119756-98088,0142, ,TRUE,FALSE,FALSE,TRUE,FALSE,0,FALSE,0,TRUE,0,FALSE,0,FALSE,FALSE,FALSE,TRUE
400004832837,05/06/2026,,,,C0014826,ΠΕ119756-98088,0133, ,TRUE,TRUE,FALSE,TRUE,FALSE,0,FALSE,0,TRUE,0,FALSE,0,FALSE,FALSE,FALSE,TRUE
400004832836,05/06/2026,,,,C0014826,ΠΕ119756-98088,0204, ,TRUE,FALSE,FALSE,TRUE,FALSE,0,FALSE,0,TRUE,0,FALSE,0,FALSE,FALSE,FALSE,TRUE
400004832835,05/06/2026,,,,C0014826,ΠΕ119756-98088,0854, ,FALSE,FALSE,FALSE,TRUE,FALSE,0,FALSE,0,TRUE,0,FALSE,0,FALSE,FALSE,FALSE,TRUE
400004832834,05/06/2026,,,,C0014826,ΠΕ119756-98088,0304, ,TRUE,FALSE,FALSE,TRUE,FALSE,0,FALSE,0,TRUE,0,FALSE,0,FALSE,FALSE,FALSE,TRUE
400004832833,05/06/2026,,,,C0014826,ΠΕ119756-98088,0214, ,TRUE,FALSE,FALSE,TRUE,FALSE,0,FALSE,0,TRUE,0,FALSE,0,FALSE,FALSE,FALSE,TRUE
400004832832,05/06/2026,,,,C0014826,ΠΕ119756-98088,0142, ,TRUE,FALSE,FALSE,TRUE,FALSE,0,FALSE,0,TRUE,0,FALSE,0,FALSE,FALSE,FALSE,TRUE
400004832831,05/06/2026,,,,C0014826,ΠΕ119756-98088,0151, ,TRUE,FALSE,FALSE,TRUE,FALSE,0,FALSE,0,TRUE,0,FALSE,0,FALSE,FALSE,FALSE,TRUE
400004832830,05/06/2026,,,,C0014826,ΠΕ119756-98088,0204, ,TRUE,FALSE,FALSE,TRUE,FALSE,0,FALSE,0,TRUE,0,FALSE,0,FALSE,FALSE,FALSE,TRUE
400004832829,05/06/2026,,,,C0014826,ΠΕ119756-98088,0325, ,TRUE,FALSE,FALSE,TRUE,FALSE,0,FALSE,0,TRUE,0,FALSE,0,FALSE,FALSE,FALSE,TRUE
400004832828,05/06/2026,,,,C0014826,ΠΕ119756-98088,0146, ,TRUE,FALSE,FALSE,TRUE,FALSE,0,FALSE,0,TRUE,0,FALSE,0,FALSE,FALSE,FALSE,TRUE
400004832827,05/06/2026,,,,C0014826,ΠΕ119756-98088,0635, ,TRUE,FALSE,FALSE,TRUE,FALSE,0,FALSE,0,TRUE,0,FALSE,0,FALSE,FALSE,FALSE,TRUE
400004832826,05/06/2026,,,,C0014826,ΠΕ119756-98088,0142, ,TRUE,FALSE,FALSE,TRUE,FALSE,0,FALSE,0,TRUE,0,FALSE,0,FALSE,FALSE,FALSE,TRUE
400004832825,05/06/2026,,,,C0014826,ΠΕ119756-98088,0860, ,FALSE,FALSE,FALSE,TRUE,FALSE,0,FALSE,0,TRUE,0,FALSE,0,FALSE,FALSE,FALSE,TRUE
400004832824,05/06/2026,,,,C0014826,ΠΕ119756-98088,0204, ,TRUE,FALSE,FALSE,TRUE,FALSE,0,FALSE,0,TRUE,0,FALSE,0,FALSE,FALSE,FALSE,TRUE
400004832823,05/06/2026,,,,C0014826,ΠΕ119756-98088,0321, ,TRUE,FALSE,TRUE,TRUE,FALSE,0,FALSE,0,TRUE,0,FALSE,0,FALSE,FALSE,FALSE,TRUE
400004832822,05/06/2026,,,,C0014826,ΠΕ119756-98088,0858, ,FALSE,FALSE,FALSE,TRUE,FALSE,0,FALSE,0,TRUE,0,FALSE,0,FALSE,FALSE,FALSE,TRUE
400004832821,05/06/2026,,,,C0014826,ΠΕ119756-98088,0612, ,TRUE,FALSE,FALSE,TRUE,FALSE,0,FALSE,0,TRUE,0,FALSE,0,FALSE,FALSE,FALSE,TRUE
400004832820,05/06/2026,,,,C0014826,ΠΕ119756-98088,0621, ,TRUE,FALSE,FALSE,TRUE,FALSE,0,FALSE,0,TRUE,0,FALSE,0,FALSE,FALSE,FALSE,TRUE
400004832819,05/06/2026,,,,C0014826,ΠΕ119756-98088,0862, ,FALSE,FALSE,FALSE,TRUE,FALSE,0,FALSE,0,TRUE,0,FALSE,0,FALSE,FALSE,FALSE,TRUE
400004832818,05/06/2026,,,,C0014826,ΠΕ119756-98088,0324, ,TRUE,FALSE,FALSE,TRUE,FALSE,0,FALSE,0,TRUE,0,FALSE,0,FALSE,FALSE,FALSE,TRUE
400004832817,05/06/2026,,,,C0014826,ΠΕ119756-98088,0901, ,FALSE,FALSE,FALSE,TRUE,FALSE,0,FALSE,0,TRUE,0,FALSE,0,FALSE,FALSE,FALSE,TRUE
400004832816,05/06/2026,,,,C0014826,ΠΕ119756-98088,0903, ,FALSE,FALSE,FALSE,TRUE,FALSE,0,FALSE,0,TRUE,0,FALSE,0,FALSE,FALSE,FALSE,TRUE
400004832815,05/06/2026,,,,C0014826,ΠΕ119756-98088,0906, ,FALSE,FALSE,FALSE,TRUE,FALSE,0,FALSE,0,TRUE,0,FALSE,0,FALSE,FALSE,FALSE,TRUE
400004832814,05/06/2026,,,,C0014826,ΠΕ119756-98088,0702, ,TRUE,TRUE,FALSE,TRUE,FALSE,0,FALSE,0,TRUE,0,FALSE,0,FALSE,FALSE,FALSE,TRUE
400004832813,05/06/2026,,,,C0014826,ΠΕ119756-98088,0203, ,TRUE,FALSE,FALSE,TRUE,FALSE,0,FALSE,0,TRUE,0,FALSE,0,FALSE,FALSE,FALSE,TRUE
400004832812,05/06/2026,,,,C0014826,ΠΕ119756-98088,0912, ,FALSE,FALSE,FALSE,TRUE,FALSE,0,FALSE,0,TRUE,0,FALSE,0,FALSE,FALSE,FALSE,TRUE
400004832811,05/06/2026,,,,C0014826,ΠΕ119756-98088,0151, ,TRUE,FALSE,TRUE,TRUE,FALSE,0,FALSE,0,TRUE,0,FALSE,0,FALSE,FALSE,FALSE,TRUE
400004832810,05/06/2026,,,,C0014826,ΠΕ119756-98088,0211, ,TRUE,FALSE,FALSE,TRUE,FALSE,0,FALSE,0,TRUE,0,FALSE,0,FALSE,FALSE,FALSE,TRUE
400004832809,05/06/2026,,,,C0014826,ΠΕ119756-98088,0999, ,TRUE,FALSE,TRUE,TRUE,FALSE,0,FALSE,0,TRUE,0,FALSE,0,FALSE,FALSE,FALSE,TRUE
400004832808,05/06/2026,,,,C0014826,ΠΕ119756-98088,0514, ,FALSE,FALSE,FALSE,TRUE,FALSE,0,FALSE,0,TRUE,0,FALSE,0,FALSE,FALSE,FALSE,TRUE
400004832807,05/06/2026,,,,C0014826,ΠΕ119756-98088,0204, ,TRUE,FALSE,TRUE,TRUE,FALSE,0,FALSE,0,TRUE,0,FALSE,0,FALSE,FALSE,FALSE,TRUE
400004832806,05/06/2026,,,,C0014826,ΠΕ119756-98088,0142, ,TRUE,FALSE,FALSE,TRUE,FALSE,0,FALSE,0,TRUE,0,FALSE,0,FALSE,FALSE,FALSE,TRUE
400004832805,05/06/2026,,,,C0014826,ΠΕ119756-98088,0201, ,TRUE,FALSE,FALSE,TRUE,FALSE,0,FALSE,0,TRUE,0,FALSE,0,FALSE,FALSE,FALSE,TRUE
400004832804,05/06/2026,,,,C0014826,ΠΕ119756-98088,0204, ,TRUE,FALSE,FALSE,TRUE,FALSE,0,FALSE,0,TRUE,0,FALSE,0,FALSE,FALSE,FALSE,TRUE
400004832803,05/06/2026,,,,C0014826,ΠΕ119756-98088,0204, ,TRUE,FALSE,FALSE,TRUE,FALSE,0,FALSE,0,TRUE,0,FALSE,0,FALSE,FALSE,FALSE,TRUE
400004832802,05/06/2026,,,,C0014826,ΠΕ119756-98088,0309, ,TRUE,FALSE,FALSE,TRUE,FALSE,0,FALSE,0,TRUE,0,FALSE,0,FALSE,FALSE,FALSE,TRUE
400004832801,05/06/2026,,,,C0014826,ΠΕ119756-98088,0204, ,TRUE,TRUE,FALSE,TRUE,FALSE,0,FALSE,0,TRUE,0,FALSE,0,FALSE,FALSE,FALSE,TRUE
400004832800,05/06/2026,,,,C0014826,ΠΕ119756-98088,0324, ,TRUE,FALSE,FALSE,TRUE,FALSE,0,FALSE,0,TRUE,0,FALSE,0,FALSE,FALSE,FALSE,TRUE
400004832799,05/06/2026,,,,C0014826,ΠΕ119756-98088,0202, ,TRUE,FALSE,FALSE,TRUE,FALSE,0,FALSE,0,TRUE,0,FALSE,0,FALSE,FALSE,FALSE,TRUE
400004832798,05/06/2026,,,,C0014826,ΠΕ119756-98088,0876, ,FALSE,FALSE,FALSE,TRUE,FALSE,0,FALSE,0,TRUE,0,FALSE,0,FALSE,FALSE,FALSE,TRUE
400004832797,05/06/2026,,,,C0014826,ΠΕ119756-98088,0325, ,TRUE,FALSE,FALSE,TRUE,FALSE,0,FALSE,0,TRUE,0,FALSE,0,FALSE,FALSE,FALSE,TRUE
400004832796,05/06/2026,,,,C0014826,ΠΕ119756-98088,0215, ,TRUE,FALSE,FALSE,TRUE,FALSE,0,FALSE,0,TRUE,0,FALSE,0,FALSE,FALSE,FALSE,TRUE
400004832795,05/06/2026,,,,C0014826,ΠΕ119756-98088,0853, ,FALSE,TRUE,FALSE,TRUE,FALSE,0,FALSE,0,TRUE,0,FALSE,0,FALSE,FALSE,FALSE,TRUE
400004832793,05/06/2026,,,,C0014826,ΠΕ119756-98088,0853, ,FALSE,FALSE,FALSE,TRUE,FALSE,0,FALSE,0,TRUE,0,FALSE,0,FALSE,FALSE,FALSE,TRUE
400004832792,05/06/2026,,,,C0014826,ΠΕ119756-98088,0701, ,TRUE,TRUE,FALSE,TRUE,FALSE,0,FALSE,0,TRUE,0,FALSE,0,FALSE,FALSE,FALSE,TRUE
400004832791,05/06/2026,,,,C0014826,ΠΕ119756-98088,0133, ,TRUE,FALSE,FALSE,TRUE,FALSE,0,FALSE,0,TRUE,0,FALSE,0,FALSE,FALSE,FALSE,TRUE
400004832790,05/06/2026,,,,C0014826,ΠΕ119756-98088,0213, ,TRUE,FALSE,FALSE,TRUE,FALSE,0,FALSE,0,TRUE,0,FALSE,0,FALSE,FALSE,FALSE,TRUE
400004832789,05/06/2026,,,,C0014826,ΠΕ119756-98088,0623, ,TRUE,FALSE,FALSE,TRUE,FALSE,0,FALSE,0,TRUE,0,FALSE,0,FALSE,FALSE,FALSE,TRUE
400004832788,05/06/2026,,,,C0014826,ΠΕ119756-98088,0911, ,FALSE,FALSE,FALSE,TRUE,FALSE,0,FALSE,0,TRUE,0,FALSE,0,FALSE,FALSE,FALSE,TRUE
400004832787,05/06/2026,,,,C0014826,ΠΕ119756-98088,0702, ,TRUE,FALSE,FALSE,TRUE,FALSE,0,FALSE,0,TRUE,0,FALSE,0,FALSE,FALSE,FALSE,TRUE
400004832786,05/06/2026,,,,C0014826,ΠΕ119756-98088,0854, ,FALSE,FALSE,FALSE,TRUE,FALSE,0,FALSE,0,TRUE,0,FALSE,0,FALSE,FALSE,FALSE,TRUE
160000404370,05/06/2026,,,,C0014826,ΠΕ119756-98088,0632, ,TRUE,FALSE,FALSE,TRUE,FALSE,0,FALSE,0,TRUE,0,FALSE,0,FALSE,FALSE,FALSE,TRUE
160000404369,05/06/2026,,,,C0014826,ΠΕ119756-98088,0204, ,TRUE,TRUE,FALSE,TRUE,FALSE,0,FALSE,0,TRUE,0,FALSE,0,FALSE,FALSE,FALSE,TRUE
160000404368,05/06/2026,,,,C0014826,ΠΕ119756-98088,0212, ,TRUE,FALSE,FALSE,TRUE,FALSE,0,FALSE,0,TRUE,0,FALSE,0,FALSE,FALSE,FALSE,TRUE
160000404367,05/06/2026,,,,C0014826,ΠΕ119756-98088,0305, ,TRUE,FALSE,FALSE,TRUE,FALSE,0,FALSE,0,TRUE,0,FALSE,0,FALSE,FALSE,FALSE,TRUE
160000404366,05/06/2026,,,,C0014826,ΠΕ119756-98088,0612, ,TRUE,FALSE,FALSE,TRUE,FALSE,0,FALSE,0,TRUE,0,FALSE,0,FALSE,FALSE,FALSE,TRUE
160000404365,05/06/2026,,,,C0014826,ΠΕ119756-98088,0612, ,TRUE,FALSE,FALSE,TRUE,FALSE,0,FALSE,0,TRUE,0,FALSE,0,FALSE,FALSE,FALSE,TRUE
160000404364,05/06/2026,,,,C0014826,ΠΕ119756-98088,0611, ,TRUE,FALSE,FALSE,TRUE,FALSE,0,FALSE,0,TRUE,0,FALSE,0,FALSE,FALSE,FALSE,TRUE
160000404363,05/06/2026,,,,C0014826,ΠΕ119756-98088,0204, ,TRUE,FALSE,FALSE,TRUE,FALSE,0,FALSE,0,TRUE,0,FALSE,0,FALSE,FALSE,FALSE,TRUE
160000404362,05/06/2026,,,,C0014826,ΠΕ119756-98088,0621, ,TRUE,FALSE,FALSE,TRUE,FALSE,0,FALSE,0,TRUE,0,FALSE,0,FALSE,FALSE,FALSE,TRUE
160000404361,05/06/2026,,,,C0014826,ΠΕ119756-98088,0203, ,TRUE,FALSE,FALSE,TRUE,FALSE,0,FALSE,0,TRUE,0,FALSE,0,FALSE,FALSE,FALSE,TRUE
160000404360,05/06/2026,,,,C0014826,ΠΕ119756-98088,0325, ,TRUE,FALSE,FALSE,TRUE,FALSE,0,FALSE,0,TRUE,0,FALSE,0,FALSE,FALSE,FALSE,TRUE
160000404359,05/06/2026,,,,C0014826,ΠΕ119756-98088,0876, ,FALSE,FALSE,FALSE,TRUE,FALSE,0,FALSE,0,TRUE,0,FALSE,0,FALSE,FALSE,FALSE,TRUE
160000404358,05/06/2026,,,,C0014826,ΠΕ119756-98088,0142, ,TRUE,FALSE,FALSE,TRUE,FALSE,0,FALSE,0,TRUE,0,FALSE,0,FALSE,FALSE,FALSE,TRUE
160000404357,05/06/2026,,,,C0014826,ΠΕ119756-98088,0903, ,FALSE,FALSE,FALSE,TRUE,FALSE,0,FALSE,0,TRUE,0,FALSE,0,FALSE,FALSE,FALSE,TRUE
160000404356,05/06/2026,,,,C0014826,ΠΕ119756-98088,0912, ,FALSE,FALSE,FALSE,TRUE,FALSE,0,FALSE,0,TRUE,0,FALSE,0,FALSE,FALSE,FALSE,TRUE
160000404355,05/06/2026,,,,C0014826,ΠΕ119756-98088,0514, ,FALSE,FALSE,FALSE,TRUE,FALSE,0,FALSE,0,TRUE,0,FALSE,0,FALSE,FALSE,FALSE,TRUE
160000404087,05/06/2026,05/06/2026,05/06/2026,,C0014826,ΠΕ119756-98088,0714, ,TRUE,FALSE,FALSE,FALSE,TRUE,0,FALSE,0,FALSE,0,TRUE,0,FALSE,TRUE,FALSE,FALSE
700047313546,04/06/2026,,,,C0014826,ΠΕ119756-98088,0948, ,TRUE,FALSE,FALSE,TRUE,FALSE,1,FALSE,0,TRUE,1,FALSE,0,FALSE,FALSE,FALSE,TRUE
700047311220,04/06/2026,05/06/2026,05/06/2026,,C0014826,ΠΕ119756-98088,0948, ,TRUE,FALSE,FALSE,FALSE,TRUE,1,FALSE,0,FALSE,0,TRUE,1,FALSE,TRUE,FALSE,FALSE
700047310625,04/06/2026,05/06/2026,05/06/2026,,C0014826,ΠΕ119756-98088,0113,ATH,TRUE,FALSE,FALSE,FALSE,TRUE,1,FALSE,0,TRUE,0,TRUE,1,FALSE,TRUE,FALSE,TRUE
700047317457,04/06/2026,05/06/2026,05/06/2026,,C0014826,ΠΕ119756-98088,0948, ,TRUE,FALSE,FALSE,FALSE,TRUE,1,FALSE,0,TRUE,0,TRUE,1,FALSE,TRUE,FALSE,TRUE
700047312096,04/06/2026,05/06/2026,05/06/2026,,C0014826,ΠΕ119756-98088,0113,ATH,TRUE,FALSE,FALSE,FALSE,TRUE,1,FALSE,0,TRUE,0,TRUE,1,FALSE,TRUE,FALSE,TRUE
052000966149,04/06/2026,04/06/2026,04/06/2026,,C0014826,ΠΕ119756-98088,0132, ,TRUE,FALSE,FALSE,FALSE,TRUE,0,FALSE,0,TRUE,0,TRUE,0,FALSE,TRUE,FALSE,TRUE
052000965896,04/06/2026,05/06/2026,05/06/2026,,C0014826,ΠΕ119756-98088,0133, ,TRUE,FALSE,TRUE,FALSE,TRUE,1,FALSE,0,TRUE,0,TRUE,1,FALSE,TRUE,FALSE,TRUE
052000964884,04/06/2026,,,,C0014826,ΠΕ119756-98088,0907, ,FALSE,TRUE,FALSE,TRUE,FALSE,1,FALSE,0,TRUE,0,FALSE,0,FALSE,FALSE,FALSE,TRUE
400004832785,04/06/2026,05/06/2026,05/06/2026,,C0014826,ΠΕ119756-98088,0203, ,TRUE,FALSE,FALSE,FALSE,TRUE,1,FALSE,0,TRUE,0,TRUE,1,FALSE,TRUE,FALSE,TRUE
400004832784,04/06/2026,05/06/2026,05/06/2026,,C0014826,ΠΕ119756-98088,0611, ,TRUE,TRUE,FALSE,FALSE,TRUE,1,FALSE,0,TRUE,0,TRUE,1,FALSE,TRUE,FALSE,TRUE
400004832783,04/06/2026,,,,C0014826,ΠΕ119756-98088,0903, ,FALSE,FALSE,FALSE,TRUE,FALSE,1,FALSE,0,TRUE,0,FALSE,0,FALSE,FALSE,FALSE,TRUE
400004832782,04/06/2026,05/06/2026,05/06/2026,,C0014826,ΠΕ119756-98088,0636, ,TRUE,FALSE,FALSE,FALSE,TRUE,1,FALSE,0,TRUE,0,TRUE,1,FALSE,TRUE,FALSE,TRUE
400004832781,04/06/2026,,,,C0014826,ΠΕ119756-98088,0324, ,TRUE,FALSE,FALSE,TRUE,FALSE,1,FALSE,0,TRUE,0,FALSE,0,FALSE,FALSE,FALSE,TRUE
400004832780,04/06/2026,,,,C0014826,ΠΕ119756-98088,0628,SKG,TRUE,FALSE,FALSE,TRUE,FALSE,1,FALSE,0,TRUE,0,FALSE,0,FALSE,FALSE,FALSE,TRUE
400004832779,04/06/2026,,,,C0014826,ΠΕ119756-98088,0331, ,FALSE,TRUE,FALSE,TRUE,FALSE,1,FALSE,0,TRUE,0,FALSE,0,FALSE,FALSE,FALSE,TRUE
400004832778,04/06/2026,05/06/2026,05/06/2026,,C0014826,ΠΕ119756-98088,0211, ,TRUE,FALSE,FALSE,FALSE,TRUE,1,FALSE,0,TRUE,0,TRUE,1,FALSE,TRUE,FALSE,TRUE
400004832777,04/06/2026,05/06/2026,05/06/2026,,C0014826,ΠΕ119756-98088,0615, ,TRUE,TRUE,FALSE,FALSE,TRUE,1,FALSE,0,TRUE,0,TRUE,1,FALSE,TRUE,FALSE,TRUE
400004832776,04/06/2026,,,,C0014826,ΠΕ119756-98088,0331, ,FALSE,TRUE,FALSE,TRUE,FALSE,1,FALSE,0,TRUE,0,FALSE,0,FALSE,FALSE,FALSE,TRUE
400004832775,04/06/2026,05/06/2026,05/06/2026,,C0014826,ΠΕ119756-98088,0212, ,TRUE,FALSE,FALSE,FALSE,TRUE,1,FALSE,0,TRUE,0,TRUE,1,FALSE,TRUE,FALSE,TRUE
400004832774,04/06/2026,,,,C0014826,ΠΕ119756-98088,0131, ,TRUE,FALSE,TRUE,TRUE,FALSE,1,FALSE,0,TRUE,0,FALSE,0,FALSE,FALSE,FALSE,TRUE
400004832773,04/06/2026,,,,C0014826,ΠΕ119756-98088,0903, ,FALSE,FALSE,TRUE,TRUE,FALSE,1,FALSE,0,TRUE,0,FALSE,0,FALSE,FALSE,FALSE,TRUE
400004832772,04/06/2026,05/06/2026,05/06/2026,,C0014826,ΠΕ119756-98088,0151, ,TRUE,FALSE,FALSE,FALSE,TRUE,1,FALSE,0,TRUE,0,TRUE,1,FALSE,TRUE,FALSE,TRUE
400004832771,04/06/2026,05/06/2026,05/06/2026,,C0014826,ΠΕ119756-98088,0636, ,TRUE,TRUE,FALSE,FALSE,TRUE,1,FALSE,0,TRUE,0,TRUE,1,FALSE,TRUE,FALSE,TRUE
400004832770,04/06/2026,,,,C0014826,ΠΕ119756-98088,0323, ,TRUE,TRUE,FALSE,TRUE,FALSE,1,FALSE,0,TRUE,0,FALSE,0,FALSE,FALSE,FALSE,TRUE
400004832769,04/06/2026,05/06/2026,05/06/2026,,C0014826,ΠΕ119756-98088,0203, ,TRUE,FALSE,FALSE,FALSE,TRUE,1,FALSE,0,TRUE,0,TRUE,1,FALSE,TRUE,FALSE,TRUE
400004832768,04/06/2026,05/06/2026,,,C0014826,ΠΕ119756-98088,0211, ,TRUE,TRUE,FALSE,FALSE,TRUE,1,FALSE,0,TRUE,0,FALSE,0,FALSE,TRUE,FALSE,TRUE
400004832767,04/06/2026,05/06/2026,05/06/2026,,C0014826,ΠΕ119756-98088,0611, ,TRUE,TRUE,FALSE,FALSE,TRUE,1,FALSE,0,TRUE,0,TRUE,1,FALSE,TRUE,FALSE,TRUE
400004832766,04/06/2026,,,,C0014826,ΠΕ119756-98088,0701, ,TRUE,FALSE,TRUE,TRUE,FALSE,1,FALSE,0,TRUE,0,FALSE,0,FALSE,FALSE,FALSE,TRUE
400004832765,04/06/2026,05/06/2026,05/06/2026,,C0014826,ΠΕ119756-98088,0303, ,TRUE,FALSE,FALSE,FALSE,TRUE,1,FALSE,0,TRUE,0,TRUE,1,FALSE,TRUE,FALSE,TRUE
400004832764,04/06/2026,05/06/2026,05/06/2026,,C0014826,ΠΕ119756-98088,0308, ,TRUE,FALSE,TRUE,FALSE,TRUE,1,FALSE,0,TRUE,0,TRUE,1,FALSE,TRUE,FALSE,TRUE
400004832763,04/06/2026,,,,C0014826,ΠΕ119756-98088,0901, ,FALSE,FALSE,FALSE,TRUE,FALSE,1,FALSE,0,TRUE,0,FALSE,0,FALSE,FALSE,FALSE,TRUE
400004832762,04/06/2026,,,,C0014826,ΠΕ119756-98088,0611, ,TRUE,FALSE,FALSE,TRUE,FALSE,1,FALSE,0,TRUE,0,FALSE,0,FALSE,FALSE,FALSE,TRUE
400004832761,04/06/2026,,,,C0014826,ΠΕ119756-98088,0304, ,TRUE,FALSE,FALSE,TRUE,FALSE,1,FALSE,0,TRUE,0,FALSE,0,FALSE,FALSE,FALSE,TRUE
400004832760,04/06/2026,05/06/2026,05/06/2026,,C0014826,ΠΕ119756-98088,0203, ,TRUE,FALSE,FALSE,FALSE,TRUE,1,FALSE,0,TRUE,0,TRUE,1,FALSE,TRUE,FALSE,TRUE
400004832759,04/06/2026,,,,C0014826,ΠΕ119756-98088,0905, ,FALSE,FALSE,FALSE,TRUE,FALSE,1,FALSE,0,TRUE,0,FALSE,0,FALSE,FALSE,FALSE,TRUE
400004832758,04/06/2026,05/06/2026,05/06/2026,,C0014826,ΠΕ119756-98088,0208, ,TRUE,FALSE,FALSE,FALSE,TRUE,1,FALSE,0,TRUE,0,TRUE,1,FALSE,TRUE,FALSE,TRUE
400004832757,04/06/2026,05/06/2026,05/06/2026,,C0014826,ΠΕ119756-98088,0611, ,TRUE,FALSE,FALSE,FALSE,TRUE,1,FALSE,0,TRUE,0,TRUE,1,FALSE,TRUE,FALSE,TRUE
400004832756,04/06/2026,,,,C0014826,ΠΕ119756-98088,0903, ,FALSE,FALSE,FALSE,TRUE,FALSE,1,FALSE,0,TRUE,0,FALSE,0,FALSE,FALSE,FALSE,TRUE
400004832755,04/06/2026,,,,C0014826,ΠΕ119756-98088,0901, ,FALSE,FALSE,FALSE,TRUE,FALSE,1,FALSE,0,TRUE,0,FALSE,0,FALSE,FALSE,FALSE,TRUE
400004832754,04/06/2026,,,,C0014826,ΠΕ119756-98088,0905, ,FALSE,FALSE,FALSE,TRUE,FALSE,1,FALSE,0,TRUE,0,FALSE,0,FALSE,FALSE,FALSE,TRUE
400004832753,04/06/2026,,,,C0014826,ΠΕ119756-98088,0901, ,FALSE,FALSE,FALSE,TRUE,FALSE,1,FALSE,0,TRUE,0,FALSE,0,FALSE,FALSE,FALSE,TRUE
400004832752,04/06/2026,,,,C0014826,ΠΕ119756-98088,0131, ,TRUE,FALSE,TRUE,TRUE,FALSE,1,FALSE,0,TRUE,0,FALSE,0,FALSE,FALSE,FALSE,TRUE
400004832751,04/06/2026,,,,C0014826,ΠΕ119756-98088,0331, ,FALSE,FALSE,FALSE,TRUE,FALSE,1,FALSE,0,TRUE,0,FALSE,0,FALSE,FALSE,FALSE,TRUE
400004832750,04/06/2026,05/06/2026,05/06/2026,,C0014826,ΠΕ119756-98088,0613, ,TRUE,FALSE,FALSE,FALSE,TRUE,1,FALSE,0,TRUE,0,TRUE,1,FALSE,TRUE,FALSE,TRUE
400004832749,04/06/2026,05/06/2026,05/06/2026,,C0014826,ΠΕ119756-98088,0615, ,TRUE,TRUE,FALSE,FALSE,TRUE,1,FALSE,0,TRUE,0,TRUE,1,FALSE,TRUE,FALSE,TRUE
400004832748,04/06/2026,,,,C0014826,ΠΕ119756-98088,0331, ,FALSE,FALSE,FALSE,TRUE,FALSE,1,FALSE,0,TRUE,0,FALSE,0,FALSE,FALSE,FALSE,TRUE
400004832747,04/06/2026,,,,C0014826,ΠΕ119756-98088,0905, ,FALSE,FALSE,TRUE,TRUE,FALSE,1,FALSE,0,TRUE,0,FALSE,0,FALSE,FALSE,FALSE,TRUE
400004832746,04/06/2026,05/06/2026,05/06/2026,,C0014826,ΠΕ119756-98088,0214, ,TRUE,FALSE,FALSE,FALSE,TRUE,1,FALSE,0,TRUE,0,TRUE,1,FALSE,TRUE,FALSE,TRUE
400004832745,04/06/2026,,,,C0014826,ΠΕ119756-98088,0324, ,TRUE,FALSE,FALSE,TRUE,FALSE,1,FALSE,0,TRUE,0,FALSE,0,FALSE,FALSE,FALSE,TRUE
400004832744,04/06/2026,05/06/2026,05/06/2026,,C0014826,ΠΕ119756-98088,0203, ,TRUE,FALSE,FALSE,FALSE,TRUE,1,FALSE,0,TRUE,0,TRUE,1,FALSE,TRUE,FALSE,TRUE
400004832743,04/06/2026,05/06/2026,05/06/2026,,C0014826,ΠΕ119756-98088,0304, ,TRUE,FALSE,FALSE,FALSE,TRUE,1,FALSE,0,TRUE,0,TRUE,1,FALSE,TRUE,FALSE,TRUE
400004832742,04/06/2026,,,,C0014826,ΠΕ119756-98088,0641, ,TRUE,FALSE,TRUE,TRUE,FALSE,1,FALSE,0,TRUE,0,FALSE,0,FALSE,FALSE,FALSE,TRUE
400004832741,04/06/2026,,,,C0014826,ΠΕ119756-98088,0855, ,FALSE,FALSE,FALSE,TRUE,FALSE,0,FALSE,0,TRUE,0,FALSE,0,FALSE,FALSE,FALSE,TRUE
400004832740,04/06/2026,,,,C0014826,ΠΕ119756-98088,0304, ,TRUE,TRUE,FALSE,TRUE,FALSE,1,FALSE,0,TRUE,0,FALSE,0,FALSE,FALSE,FALSE,TRUE
400004832739,04/06/2026,,,,C0014826,ΠΕ119756-98088,0863, ,FALSE,FALSE,FALSE,TRUE,FALSE,1,FALSE,0,TRUE,0,FALSE,0,FALSE,FALSE,FALSE,TRUE
400004832738,04/06/2026,05/06/2026,05/06/2026,,C0014826,ΠΕ119756-98088,0622, ,TRUE,FALSE,FALSE,FALSE,TRUE,1,FALSE,0,TRUE,0,TRUE,1,FALSE,TRUE,FALSE,TRUE
400004832737,04/06/2026,05/06/2026,,,C0014826,ΠΕ119756-98088,0309, ,TRUE,FALSE,FALSE,FALSE,TRUE,1,FALSE,0,TRUE,0,FALSE,0,FALSE,TRUE,FALSE,TRUE
400004832736,04/06/2026,05/06/2026,05/06/2026,,C0014826,ΠΕ119756-98088,0712, ,TRUE,FALSE,FALSE,FALSE,TRUE,1,FALSE,0,TRUE,0,TRUE,1,FALSE,TRUE,FALSE,TRUE
400004832735,04/06/2026,,,,C0014826,ΠΕ119756-98088,0901, ,FALSE,FALSE,FALSE,TRUE,FALSE,1,FALSE,0,TRUE,0,FALSE,0,FALSE,FALSE,FALSE,TRUE
400004832734,04/06/2026,05/06/2026,,,C0014826,ΠΕ119756-98088,0622, ,TRUE,FALSE,FALSE,FALSE,TRUE,1,FALSE,0,TRUE,0,FALSE,0,FALSE,TRUE,FALSE,TRUE
400004832733,04/06/2026,05/06/2026,05/06/2026,,C0014826,ΠΕ119756-98088,0133, ,TRUE,FALSE,FALSE,FALSE,TRUE,1,FALSE,0,TRUE,0,TRUE,1,FALSE,TRUE,FALSE,TRUE
400004832732,04/06/2026,,,,C0014826,ΠΕ119756-98088,0901, ,FALSE,FALSE,FALSE,TRUE,FALSE,1,FALSE,0,TRUE,0,FALSE,0,FALSE,FALSE,FALSE,TRUE
400004832731,04/06/2026,,,,C0014826,ΠΕ119756-98088,0866, ,FALSE,TRUE,FALSE,TRUE,FALSE,0,FALSE,0,TRUE,0,FALSE,0,FALSE,FALSE,FALSE,TRUE
400004832730,04/06/2026,05/06/2026,05/06/2026,,C0014826,ΠΕ119756-98088,0611, ,TRUE,FALSE,FALSE,FALSE,TRUE,1,FALSE,0,TRUE,0,TRUE,1,FALSE,TRUE,FALSE,TRUE
400004832729,04/06/2026,,,,C0014826,ΠΕ119756-98088,0214, ,TRUE,FALSE,FALSE,TRUE,FALSE,1,FALSE,0,TRUE,0,FALSE,0,FALSE,FALSE,FALSE,TRUE
400004832728,04/06/2026,05/06/2026,05/06/2026,,C0014826,ΠΕ119756-98088,0635, ,TRUE,FALSE,FALSE,FALSE,TRUE,1,FALSE,0,TRUE,0,TRUE,1,FALSE,TRUE,FALSE,TRUE
400004832727,04/06/2026,,,,C0014826,ΠΕ119756-98088,0304, ,TRUE,FALSE,FALSE,TRUE,FALSE,1,FALSE,0,TRUE,0,FALSE,0,FALSE,FALSE,FALSE,TRUE
400004832726,04/06/2026,,,,C0014826,ΠΕ119756-98088,0304, ,TRUE,TRUE,FALSE,TRUE,FALSE,1,FALSE,0,TRUE,0,FALSE,0,FALSE,FALSE,FALSE,TRUE
400004832725,04/06/2026,05/06/2026,05/06/2026,,C0014826,ΠΕ119756-98088,0636, ,TRUE,FALSE,FALSE,FALSE,TRUE,1,FALSE,0,TRUE,0,TRUE,1,FALSE,TRUE,FALSE,TRUE
400004832724,04/06/2026,05/06/2026,05/06/2026,,C0014826,ΠΕ119756-98088,0212, ,TRUE,FALSE,FALSE,FALSE,TRUE,1,FALSE,0,TRUE,0,TRUE,1,FALSE,TRUE,FALSE,TRUE
400004832723,04/06/2026,,,,C0014826,ΠΕ119756-98088,0321, ,TRUE,FALSE,TRUE,TRUE,FALSE,1,FALSE,0,TRUE,0,FALSE,0,FALSE,FALSE,FALSE,TRUE
400004832722,04/06/2026,,,,C0014826,ΠΕ119756-98088,0851, ,FALSE,FALSE,FALSE,TRUE,FALSE,1,FALSE,0,TRUE,0,FALSE,0,FALSE,FALSE,FALSE,TRUE
400004832721,04/06/2026,,,,C0014826,ΠΕ119756-98088,0302, ,TRUE,TRUE,FALSE,TRUE,FALSE,1,FALSE,0,TRUE,0,FALSE,0,FALSE,FALSE,FALSE,TRUE
400004832720,04/06/2026,,,,C0014826,ΠΕ119756-98088,0615, ,TRUE,TRUE,FALSE,TRUE,FALSE,1,FALSE,0,TRUE,0,FALSE,0,FALSE,FALSE,FALSE,TRUE
400004832719,04/06/2026,05/06/2026,05/06/2026,,C0014826,ΠΕ119756-98088,0208, ,TRUE,TRUE,FALSE,FALSE,TRUE,1,FALSE,0,TRUE,0,TRUE,1,FALSE,TRUE,FALSE,TRUE
400004832718,04/06/2026,,,,C0014826,ΠΕ119756-98088,0305, ,TRUE,FALSE,FALSE,TRUE,FALSE,1,FALSE,0,TRUE,0,FALSE,0,FALSE,FALSE,FALSE,TRUE
400004832717,04/06/2026,05/06/2026,05/06/2026,,C0014826,ΠΕ119756-98088,0715, ,TRUE,FALSE,FALSE,FALSE,TRUE,1,FALSE,0,TRUE,0,TRUE,1,FALSE,TRUE,FALSE,TRUE
400004832716,04/06/2026,,,,C0014826,ΠΕ119756-98088,0853, ,FALSE,TRUE,FALSE,TRUE,FALSE,1,FALSE,0,TRUE,0,FALSE,0,FALSE,FALSE,FALSE,TRUE
400004832715,04/06/2026,,,,C0014826,ΠΕ119756-98088,0131, ,TRUE,FALSE,TRUE,TRUE,FALSE,1,FALSE,0,TRUE,0,FALSE,0,FALSE,FALSE,FALSE,TRUE
400004832714,04/06/2026,05/06/2026,05/06/2026,,C0014826,ΠΕ119756-98088,0503, ,TRUE,FALSE,FALSE,FALSE,TRUE,1,FALSE,0,TRUE,0,TRUE,1,FALSE,TRUE,FALSE,TRUE
400004832713,04/06/2026,05/06/2026,05/06/2026,,C0014826,ΠΕ119756-98088,0131, ,TRUE,FALSE,FALSE,FALSE,TRUE,1,FALSE,0,TRUE,0,TRUE,1,FALSE,TRUE,FALSE,TRUE
400004832712,04/06/2026,05/06/2026,05/06/2026,,C0014826,ΠΕ119756-98088,0701, ,TRUE,TRUE,FALSE,FALSE,TRUE,1,FALSE,0,TRUE,0,TRUE,1,FALSE,TRUE,FALSE,TRUE
400004832711,04/06/2026,05/06/2026,05/06/2026,,C0014826,ΠΕ119756-98088,0612, ,TRUE,FALSE,FALSE,FALSE,TRUE,1,FALSE,0,TRUE,0,TRUE,1,FALSE,TRUE,FALSE,TRUE
400004832710,04/06/2026,05/06/2026,05/06/2026,,C0014826,ΠΕ119756-98088,0213, ,TRUE,FALSE,FALSE,FALSE,TRUE,1,FALSE,0,TRUE,0,TRUE,1,FALSE,TRUE,FALSE,TRUE
400004832709,04/06/2026,05/06/2026,05/06/2026,,C0014826,ΠΕ119756-98088,0307, ,TRUE,FALSE,FALSE,FALSE,TRUE,1,FALSE,0,TRUE,0,TRUE,1,FALSE,TRUE,FALSE,TRUE
400004832708,04/06/2026,05/06/2026,05/06/2026,,C0014826,ΠΕ119756-98088,0701, ,TRUE,FALSE,FALSE,FALSE,TRUE,1,FALSE,0,TRUE,0,TRUE,1,FALSE,TRUE,FALSE,TRUE
400004832707,04/06/2026,,,,C0014826,ΠΕ119756-98088,0332, ,FALSE,TRUE,FALSE,TRUE,FALSE,1,FALSE,0,TRUE,0,FALSE,0,FALSE,FALSE,FALSE,TRUE
400004832706,04/06/2026,,,,C0014826,ΠΕ119756-98088,0862, ,FALSE,FALSE,FALSE,TRUE,FALSE,1,FALSE,0,TRUE,0,FALSE,0,FALSE,FALSE,FALSE,TRUE
400004832705,04/06/2026,05/06/2026,05/06/2026,,C0014826,ΠΕ119756-98088,0131, ,TRUE,TRUE,FALSE,FALSE,TRUE,1,FALSE,0,TRUE,0,TRUE,1,FALSE,TRUE,FALSE,TRUE
400004832704,04/06/2026,,,,C0014826,ΠΕ119756-98088,0611, ,TRUE,TRUE,FALSE,TRUE,FALSE,1,FALSE,0,TRUE,0,FALSE,0,FALSE,FALSE,FALSE,TRUE
400004832703,04/06/2026,05/06/2026,,,C0014826,ΠΕ119756-98088,0712, ,TRUE,TRUE,FALSE,FALSE,TRUE,1,FALSE,0,TRUE,0,FALSE,0,FALSE,TRUE,FALSE,TRUE
400004832702,04/06/2026,,,,C0014826,ΠΕ119756-98088,0903, ,FALSE,FALSE,TRUE,TRUE,FALSE,1,FALSE,0,TRUE,0,FALSE,0,FALSE,FALSE,FALSE,TRUE
400004832701,04/06/2026,05/06/2026,,,C0014826,ΠΕ119756-98088,0131, ,TRUE,TRUE,FALSE,FALSE,TRUE,1,FALSE,0,TRUE,0,FALSE,0,FALSE,TRUE,FALSE,TRUE
400004832700,04/06/2026,,,,C0014826,ΠΕ119756-98088,0855, ,FALSE,FALSE,FALSE,TRUE,FALSE,0,FALSE,0,TRUE,0,FALSE,0,FALSE,FALSE,FALSE,TRUE
400004832699,04/06/2026,05/06/2026,,,C0014826,ΠΕ119756-98088,0712, ,TRUE,FALSE,FALSE,FALSE,TRUE,1,FALSE,0,TRUE,0,FALSE,0,FALSE,TRUE,FALSE,TRUE
400004832698,04/06/2026,05/06/2026,,,C0014826,ΠΕ119756-98088,0316, ,TRUE,FALSE,TRUE,FALSE,TRUE,1,FALSE,0,TRUE,0,FALSE,0,FALSE,TRUE,FALSE,TRUE
400004832697,04/06/2026,,,,C0014826,ΠΕ119756-98088,0714, ,TRUE,FALSE,FALSE,TRUE,FALSE,1,FALSE,0,TRUE,0,FALSE,0,FALSE,FALSE,FALSE,TRUE
400004832696,04/06/2026,,,,C0014826,ΠΕ119756-98088,0711, ,TRUE,TRUE,FALSE,TRUE,FALSE,1,FALSE,0,TRUE,0,FALSE,0,FALSE,FALSE,FALSE,TRUE
400004832695,04/06/2026,05/06/2026,05/06/2026,,C0014826,ΠΕ119756-98088,0715, ,TRUE,FALSE,FALSE,FALSE,TRUE,1,FALSE,0,TRUE,0,TRUE,1,FALSE,TRUE,FALSE,TRUE
400004832694,04/06/2026,05/06/2026,05/06/2026,,C0014826,ΠΕ119756-98088,0332, ,FALSE,FALSE,FALSE,FALSE,TRUE,1,FALSE,0,TRUE,0,TRUE,1,FALSE,TRUE,FALSE,TRUE
400004832693,04/06/2026,05/06/2026,,,C0014826,ΠΕ119756-98088,0203, ,TRUE,FALSE,FALSE,FALSE,TRUE,1,FALSE,0,TRUE,0,FALSE,0,FALSE,TRUE,FALSE,TRUE
400004832692,04/06/2026,,,,C0014826,ΠΕ119756-98088,0901, ,FALSE,FALSE,FALSE,TRUE,FALSE,1,FALSE,0,TRUE,0,FALSE,0,FALSE,FALSE,FALSE,TRUE
400004832691,04/06/2026,,,,C0014826,ΠΕ119756-98088,0621, ,TRUE,TRUE,FALSE,TRUE,FALSE,1,FALSE,0,TRUE,0,FALSE,0,FALSE,FALSE,FALSE,TRUE
400004832690,04/06/2026,,,,C0014826,ΠΕ119756-98088,0304, ,TRUE,TRUE,FALSE,TRUE,FALSE,1,FALSE,0,TRUE,0,FALSE,0,FALSE,FALSE,FALSE,TRUE
400004832689,04/06/2026,05/06/2026,05/06/2026,,C0014826,ΠΕ119756-98088,0201, ,TRUE,FALSE,FALSE,FALSE,TRUE,1,FALSE,0,TRUE,0,TRUE,1,FALSE,TRUE,FALSE,TRUE
400004832688,04/06/2026,,,,C0014826,ΠΕ119756-98088,0641, ,TRUE,FALSE,TRUE,TRUE,FALSE,1,FALSE,0,TRUE,0,FALSE,0,FALSE,FALSE,FALSE,TRUE
400004832687,04/06/2026,05/06/2026,05/06/2026,,C0014826,ΠΕ119756-98088,0211, ,TRUE,FALSE,FALSE,FALSE,TRUE,1,FALSE,0,TRUE,0,TRUE,1,FALSE,TRUE,FALSE,TRUE
400004832686,04/06/2026,,,,C0014826,ΠΕ119756-98088,0851, ,FALSE,FALSE,FALSE,TRUE,FALSE,1,FALSE,0,TRUE,0,FALSE,0,FALSE,FALSE,FALSE,TRUE
400004832685,04/06/2026,,,,C0014826,ΠΕ119756-98088,0641, ,TRUE,FALSE,TRUE,TRUE,FALSE,1,FALSE,0,TRUE,0,FALSE,0,FALSE,FALSE,FALSE,TRUE
400004832684,04/06/2026,05/06/2026,,,C0014826,ΠΕ119756-98088,0304, ,TRUE,FALSE,FALSE,FALSE,TRUE,1,FALSE,0,TRUE,0,FALSE,0,FALSE,TRUE,FALSE,TRUE
400004832683,04/06/2026,,,,C0014826,ΠΕ119756-98088,0855, ,FALSE,FALSE,FALSE,TRUE,FALSE,0,FALSE,0,TRUE,0,FALSE,0,FALSE,FALSE,FALSE,TRUE
400004832682,04/06/2026,,,,C0014826,ΠΕ119756-98088,0304, ,TRUE,TRUE,FALSE,TRUE,FALSE,1,FALSE,0,TRUE,0,FALSE,0,FALSE,FALSE,FALSE,TRUE
400004832681,04/06/2026,,,,C0014826,ΠΕ119756-98088,0857, ,FALSE,FALSE,FALSE,TRUE,FALSE,0,FALSE,0,TRUE,0,FALSE,0,FALSE,FALSE,FALSE,TRUE
400004832680,04/06/2026,05/06/2026,05/06/2026,,C0014826,ΠΕ119756-98088,0213, ,TRUE,FALSE,FALSE,FALSE,TRUE,1,FALSE,0,TRUE,0,TRUE,1,FALSE,TRUE,FALSE,TRUE
400004832679,04/06/2026,05/06/2026,05/06/2026,,C0014826,ΠΕ119756-98088,0151, ,TRUE,FALSE,FALSE,FALSE,TRUE,1,FALSE,0,TRUE,0,TRUE,1,FALSE,TRUE,FALSE,TRUE
400004832678,04/06/2026,,,,C0014826,ΠΕ119756-98088,0323, ,TRUE,TRUE,FALSE,TRUE,FALSE,1,FALSE,0,TRUE,0,FALSE,0,FALSE,FALSE,FALSE,TRUE
400004832677,04/06/2026,05/06/2026,05/06/2026,,C0014826,ΠΕ119756-98088,0212, ,TRUE,FALSE,FALSE,FALSE,TRUE,1,FALSE,0,TRUE,0,TRUE,1,FALSE,TRUE,FALSE,TRUE
400004832676,04/06/2026,,,,C0014826,ΠΕ119756-98088,0855, ,FALSE,FALSE,FALSE,TRUE,FALSE,0,FALSE,0,TRUE,0,FALSE,0,FALSE,FALSE,FALSE,TRUE
400004832675,04/06/2026,05/06/2026,05/06/2026,,C0014826,ΠΕ119756-98088,0214, ,TRUE,FALSE,FALSE,FALSE,TRUE,1,FALSE,0,TRUE,0,TRUE,1,FALSE,TRUE,FALSE,TRUE
400004832674,04/06/2026,05/06/2026,05/06/2026,,C0014826,ΠΕ119756-98088,0641, ,TRUE,FALSE,TRUE,FALSE,TRUE,1,FALSE,0,TRUE,0,TRUE,1,FALSE,TRUE,FALSE,TRUE
400004832673,04/06/2026,,,,C0014826,ΠΕ119756-98088,0851, ,FALSE,FALSE,FALSE,TRUE,FALSE,1,FALSE,0,TRUE,0,FALSE,0,FALSE,FALSE,FALSE,TRUE
400004832672,04/06/2026,05/06/2026,,,C0014826,ΠΕ119756-98088,0201, ,TRUE,FALSE,FALSE,FALSE,TRUE,1,FALSE,0,TRUE,0,FALSE,0,FALSE,TRUE,FALSE,TRUE
400004832671,04/06/2026,,,,C0014826,ΠΕ119756-98088,0713, ,TRUE,FALSE,FALSE,TRUE,FALSE,1,FALSE,0,TRUE,0,FALSE,0,FALSE,FALSE,FALSE,TRUE
400004832670,04/06/2026,05/06/2026,,,C0014826,ΠΕ119756-98088,0621, ,TRUE,FALSE,FALSE,FALSE,TRUE,1,FALSE,0,TRUE,0,FALSE,0,FALSE,TRUE,FALSE,TRUE
400004832669,04/06/2026,,,,C0014826,ΠΕ119756-98088,0855, ,FALSE,FALSE,FALSE,TRUE,FALSE,0,FALSE,0,TRUE,0,FALSE,0,FALSE,FALSE,FALSE,TRUE
400004832668,04/06/2026,05/06/2026,05/06/2026,,C0014826,ΠΕ119756-98088,0612, ,TRUE,FALSE,FALSE,FALSE,TRUE,1,FALSE,0,TRUE,0,TRUE,1,FALSE,TRUE,FALSE,TRUE
400004832667,04/06/2026,05/06/2026,05/06/2026,,C0014826,ΠΕ119756-98088,0212, ,TRUE,FALSE,FALSE,FALSE,TRUE,1,FALSE,0,TRUE,0,TRUE,1,FALSE,TRUE,FALSE,TRUE
400004832666,04/06/2026,05/06/2026,05/06/2026,,C0014826,ΠΕ119756-98088,0641, ,TRUE,FALSE,TRUE,FALSE,TRUE,1,FALSE,0,TRUE,0,TRUE,1,FALSE,TRUE,FALSE,TRUE
400004832665,04/06/2026,,,,C0014826,ΠΕ119756-98088,0131, ,TRUE,FALSE,FALSE,TRUE,FALSE,1,FALSE,0,TRUE,0,FALSE,0,FALSE,FALSE,FALSE,TRUE
400004832664,04/06/2026,05/06/2026,,,C0014826,ΠΕ119756-98088,0202, ,TRUE,FALSE,FALSE,FALSE,TRUE,1,FALSE,0,TRUE,0,FALSE,0,FALSE,TRUE,FALSE,TRUE
400004832663,04/06/2026,,,,C0014826,ΠΕ119756-98088,0873, ,FALSE,FALSE,FALSE,TRUE,FALSE,1,FALSE,0,TRUE,0,FALSE,0,FALSE,FALSE,FALSE,TRUE
400004832662,04/06/2026,05/06/2026,05/06/2026,,C0014826,ΠΕ119756-98088,0311, ,TRUE,FALSE,TRUE,FALSE,TRUE,1,FALSE,0,TRUE,0,TRUE,1,FALSE,TRUE,FALSE,TRUE
400004832661,04/06/2026,05/06/2026,05/06/2026,,C0014826,ΠΕ119756-98088,0605,SKG,TRUE,TRUE,FALSE,FALSE,TRUE,1,FALSE,0,TRUE,0,TRUE,1,FALSE,TRUE,FALSE,TRUE
400004832660,04/06/2026,05/06/2026,05/06/2026,,C0014826,ΠΕ119756-98088,0636, ,TRUE,TRUE,FALSE,FALSE,TRUE,1,FALSE,0,TRUE,0,TRUE,1,FALSE,TRUE,FALSE,TRUE
400004832659,04/06/2026,05/06/2026,05/06/2026,,C0014826,ΠΕ119756-98088,0141, ,TRUE,FALSE,FALSE,FALSE,TRUE,1,FALSE,0,TRUE,0,TRUE,1,FALSE,TRUE,FALSE,TRUE
400004832658,04/06/2026,05/06/2026,05/06/2026,,C0014826,ΠΕ119756-98088,0714, ,TRUE,FALSE,FALSE,FALSE,TRUE,1,FALSE,0,TRUE,0,TRUE,1,FALSE,TRUE,FALSE,TRUE
400004832657,04/06/2026,05/06/2026,05/06/2026,,C0014826,ΠΕ119756-98088,0715, ,TRUE,FALSE,FALSE,FALSE,TRUE,1,FALSE,0,TRUE,0,TRUE,1,FALSE,TRUE,FALSE,TRUE
400004832656,04/06/2026,05/06/2026,,,C0014826,ΠΕ119756-98088,0203, ,TRUE,TRUE,FALSE,FALSE,TRUE,1,FALSE,0,TRUE,0,FALSE,0,FALSE,TRUE,FALSE,TRUE
400004832655,04/06/2026,,,,C0014826,ΠΕ119756-98088,0901, ,FALSE,FALSE,FALSE,TRUE,FALSE,1,FALSE,0,TRUE,0,FALSE,0,FALSE,FALSE,FALSE,TRUE
400004832654,04/06/2026,05/06/2026,05/06/2026,,C0014826,ΠΕ119756-98088,0305, ,TRUE,FALSE,FALSE,FALSE,TRUE,1,FALSE,0,TRUE,0,TRUE,1,FALSE,TRUE,FALSE,TRUE
400004832653,04/06/2026,05/06/2026,05/06/2026,,C0014826,ΠΕ119756-98088,0635, ,TRUE,FALSE,FALSE,FALSE,TRUE,1,FALSE,0,TRUE,0,TRUE,1,FALSE,TRUE,FALSE,TRUE
400004832652,04/06/2026,,,,C0014826,ΠΕ119756-98088,0514, ,FALSE,FALSE,FALSE,TRUE,FALSE,0,FALSE,0,TRUE,0,FALSE,0,FALSE,FALSE,FALSE,TRUE
400004832651,04/06/2026,,,,C0014826,ΠΕ119756-98088,0857, ,FALSE,FALSE,FALSE,TRUE,FALSE,0,FALSE,0,TRUE,0,FALSE,0,FALSE,FALSE,FALSE,TRUE
400004832535,04/06/2026,05/06/2026,05/06/2026,,C0014826,ΠΕ119756-98088,0912, ,FALSE,FALSE,FALSE,FALSE,TRUE,1,FALSE,0,TRUE,0,TRUE,1,FALSE,TRUE,FALSE,TRUE
160000404354,04/06/2026,05/06/2026,05/06/2026,,C0014826,ΠΕ119756-98088,0635, ,TRUE,FALSE,FALSE,FALSE,TRUE,1,FALSE,0,TRUE,0,TRUE,1,FALSE,TRUE,FALSE,TRUE
160000404353,04/06/2026,05/06/2026,05/06/2026,,C0014826,ΠΕ119756-98088,0212, ,TRUE,FALSE,FALSE,FALSE,TRUE,1,FALSE,0,TRUE,0,TRUE,1,FALSE,TRUE,FALSE,TRUE
160000404352,04/06/2026,,,,C0014826,ΠΕ119756-98088,0324, ,TRUE,FALSE,FALSE,TRUE,FALSE,1,FALSE,0,TRUE,0,FALSE,0,FALSE,FALSE,FALSE,TRUE
160000404351,04/06/2026,,,,C0014826,ΠΕ119756-98088,0304, ,TRUE,FALSE,FALSE,TRUE,FALSE,1,FALSE,0,TRUE,0,FALSE,0,FALSE,FALSE,FALSE,TRUE
160000404350,04/06/2026,05/06/2026,05/06/2026,,C0014826,ΠΕ119756-98088,0612, ,TRUE,FALSE,FALSE,FALSE,TRUE,1,FALSE,0,TRUE,0,TRUE,1,FALSE,TRUE,FALSE,TRUE
160000404349,04/06/2026,,,,C0014826,ΠΕ119756-98088,0324, ,TRUE,FALSE,FALSE,TRUE,FALSE,1,FALSE,0,TRUE,0,FALSE,0,FALSE,FALSE,FALSE,TRUE
160000404348,04/06/2026,05/06/2026,05/06/2026,,C0014826,ΠΕ119756-98088,0212, ,TRUE,FALSE,FALSE,FALSE,TRUE,1,FALSE,0,TRUE,0,TRUE,1,FALSE,TRUE,FALSE,TRUE
160000404347,04/06/2026,,,,C0014826,ΠΕ119756-98088,0304, ,TRUE,TRUE,FALSE,TRUE,FALSE,1,FALSE,0,TRUE,0,FALSE,0,FALSE,FALSE,FALSE,TRUE
160000404346,04/06/2026,,,,C0014826,ΠΕ119756-98088,0323, ,TRUE,TRUE,FALSE,TRUE,FALSE,1,FALSE,0,TRUE,0,FALSE,0,FALSE,FALSE,FALSE,TRUE
160000404345,04/06/2026,05/06/2026,05/06/2026,,C0014826,ΠΕ119756-98088,0208, ,TRUE,FALSE,FALSE,FALSE,TRUE,1,FALSE,0,TRUE,0,TRUE,1,FALSE,TRUE,FALSE,TRUE
160000404344,04/06/2026,,,,C0014826,ΠΕ119756-98088,0905, ,FALSE,FALSE,FALSE,TRUE,FALSE,1,FALSE,0,TRUE,0,FALSE,0,FALSE,FALSE,FALSE,TRUE
160000404343,04/06/2026,05/06/2026,05/06/2026,,C0014826,ΠΕ119756-98088,0714, ,TRUE,FALSE,FALSE,FALSE,TRUE,1,FALSE,0,TRUE,0,TRUE,1,FALSE,TRUE,FALSE,TRUE
160000404342,04/06/2026,05/06/2026,05/06/2026,,C0014826,ΠΕ119756-98088,0636, ,TRUE,TRUE,FALSE,FALSE,TRUE,1,FALSE,0,TRUE,0,TRUE,1,FALSE,TRUE,FALSE,TRUE
160000404341,04/06/2026,,,,C0014826,ΠΕ119756-98088,0866, ,FALSE,TRUE,FALSE,TRUE,FALSE,0,FALSE,0,TRUE,0,FALSE,0,FALSE,FALSE,FALSE,TRUE
160000404340,04/06/2026,05/06/2026,05/06/2026,,C0014826,ΠΕ119756-98088,0714, ,TRUE,FALSE,FALSE,FALSE,TRUE,1,FALSE,0,TRUE,0,TRUE,1,FALSE,TRUE,FALSE,TRUE
160000404339,04/06/2026,,,,C0014826,ΠΕ119756-98088,0641, ,TRUE,FALSE,TRUE,TRUE,FALSE,1,FALSE,0,TRUE,0,FALSE,0,FALSE,FALSE,FALSE,TRUE
160000404338,04/06/2026,05/06/2026,,,C0014826,ΠΕ119756-98088,0621, ,TRUE,FALSE,FALSE,FALSE,TRUE,1,FALSE,0,TRUE,0,FALSE,0,FALSE,TRUE,FALSE,TRUE
160000404337,04/06/2026,,,,C0014826,ΠΕ119756-98088,0851, ,FALSE,FALSE,FALSE,TRUE,FALSE,1,FALSE,0,TRUE,0,FALSE,0,FALSE,FALSE,FALSE,TRUE
160000404336,04/06/2026,05/06/2026,05/06/2026,,C0014826,ΠΕ119756-98088,0641, ,TRUE,FALSE,TRUE,FALSE,TRUE,1,FALSE,0,TRUE,0,TRUE,1,FALSE,TRUE,FALSE,TRUE
160000404335,04/06/2026,05/06/2026,05/06/2026,,C0014826,ΠΕ119756-98088,0641, ,TRUE,FALSE,TRUE,FALSE,TRUE,1,FALSE,0,TRUE,0,TRUE,1,FALSE,TRUE,FALSE,TRUE
160000404334,04/06/2026,05/06/2026,05/06/2026,,C0014826,ΠΕ119756-98088,0715, ,TRUE,FALSE,FALSE,FALSE,TRUE,1,FALSE,0,TRUE,0,TRUE,1,FALSE,TRUE,FALSE,TRUE
160000404333,04/06/2026,05/06/2026,,,C0014826,ΠΕ119756-98088,0203, ,TRUE,TRUE,FALSE,FALSE,TRUE,1,FALSE,0,TRUE,0,FALSE,0,FALSE,TRUE,FALSE,TRUE
050067733420,03/06/2026,03/06/2026,03/06/2026,,C0014826,ΠΕ119756-98088,0948, ,TRUE,FALSE,FALSE,FALSE,TRUE,0,FALSE,0,TRUE,0,TRUE,0,FALSE,TRUE,FALSE,TRUE
700047289642,03/06/2026,,,,C0014826,,0948, ,TRUE,FALSE,FALSE,TRUE,FALSE,0,FALSE,0,FALSE,0,FALSE,0,FALSE,FALSE,FALSE,FALSE
050090889860,03/06/2026,04/06/2026,04/06/2026,,C0014826,ΠΕ119756-102229,0948, ,TRUE,FALSE,FALSE,FALSE,TRUE,1,FALSE,0,FALSE,0,TRUE,1,FALSE,TRUE,FALSE,FALSE
050094122991,03/06/2026,,,,C0014826,ΠΕ119756-102229,0948, ,TRUE,FALSE,FALSE,TRUE,FALSE,1,FALSE,0,FALSE,0,FALSE,0,FALSE,FALSE,FALSE,FALSE
052001651713,03/06/2026,05/06/2026,05/06/2026,,C0014826,ΠΕ119756-102229,0948, ,TRUE,FALSE,FALSE,FALSE,TRUE,2,FALSE,0,FALSE,0,TRUE,2,FALSE,TRUE,FALSE,FALSE
050092461628,03/06/2026,05/06/2026,05/06/2026,,C0014826,ΠΕ119756-98088,0948, ,TRUE,FALSE,FALSE,FALSE,TRUE,2,FALSE,0,FALSE,0,TRUE,2,FALSE,TRUE,FALSE,FALSE
052000419944,03/06/2026,04/06/2026,04/06/2026,,C0014826,ΠΕ119756-102229,0948, ,TRUE,FALSE,FALSE,FALSE,TRUE,1,FALSE,0,TRUE,0,TRUE,1,FALSE,TRUE,FALSE,TRUE
052001013812,03/06/2026,04/06/2026,04/06/2026,,C0014826,ΠΕ119756-102229,0948, ,TRUE,FALSE,FALSE,FALSE,TRUE,1,FALSE,0,TRUE,0,TRUE,1,FALSE,TRUE,FALSE,TRUE
050087657422,03/06/2026,04/06/2026,04/06/2026,,C0014826,ΠΕ119756-102229,0948, ,TRUE,FALSE,FALSE,FALSE,TRUE,1,FALSE,0,FALSE,0,TRUE,1,FALSE,TRUE,FALSE,FALSE
052000966150,03/06/2026,04/06/2026,04/06/2026,,C0014826,ΠΕ119756-98088,0142, ,TRUE,TRUE,FALSE,FALSE,TRUE,1,FALSE,0,TRUE,0,TRUE,1,FALSE,TRUE,FALSE,TRUE
400004832650,03/06/2026,04/06/2026,05/06/2026,,C0014826,ΠΕ119756-98088,0133, ,TRUE,TRUE,FALSE,FALSE,TRUE,1,FALSE,0,TRUE,0,TRUE,2,FALSE,TRUE,FALSE,TRUE
400004832649,03/06/2026,04/06/2026,04/06/2026,,C0014826,ΠΕ119756-98088,0612, ,TRUE,FALSE,FALSE,FALSE,TRUE,1,FALSE,0,TRUE,0,TRUE,1,FALSE,TRUE,FALSE,TRUE
400004832648,03/06/2026,05/06/2026,05/06/2026,,C0014826,ΠΕ119756-98088,0131, ,TRUE,FALSE,TRUE,FALSE,TRUE,2,FALSE,0,TRUE,0,TRUE,2,FALSE,TRUE,FALSE,TRUE
400004832647,03/06/2026,05/06/2026,05/06/2026,,C0014826,ΠΕ119756-98088,0215, ,TRUE,FALSE,FALSE,FALSE,TRUE,2,FALSE,0,TRUE,0,TRUE,2,FALSE,TRUE,FALSE,TRUE
400004832646,03/06/2026,04/06/2026,04/06/2026,,C0014826,ΠΕ119756-98088,0204, ,TRUE,FALSE,FALSE,FALSE,TRUE,1,FALSE,0,TRUE,0,TRUE,1,FALSE,TRUE,FALSE,TRUE
400004832645,03/06/2026,04/06/2026,04/06/2026,,C0014826,ΠΕ119756-98088,0214, ,TRUE,FALSE,FALSE,FALSE,TRUE,1,FALSE,0,TRUE,0,TRUE,1,FALSE,TRUE,FALSE,TRUE
400004832644,03/06/2026,,,,C0014826,ΠΕ119756-98088,0641, ,TRUE,FALSE,TRUE,TRUE,FALSE,1,FALSE,0,TRUE,0,FALSE,0,FALSE,FALSE,FALSE,TRUE
400004832643,03/06/2026,04/06/2026,04/06/2026,,C0014826,ΠΕ119756-98088,0204, ,TRUE,FALSE,FALSE,FALSE,TRUE,1,FALSE,0,TRUE,0,TRUE,1,FALSE,TRUE,FALSE,TRUE
400004832642,03/06/2026,04/06/2026,04/06/2026,,C0014826,ΠΕ119756-98088,0152, ,TRUE,FALSE,FALSE,FALSE,TRUE,1,FALSE,0,TRUE,0,TRUE,1,FALSE,TRUE,FALSE,TRUE
400004832641,03/06/2026,04/06/2026,04/06/2026,,C0014826,ΠΕ119756-98088,0204, ,TRUE,FALSE,FALSE,FALSE,TRUE,1,FALSE,0,TRUE,0,TRUE,1,FALSE,TRUE,FALSE,TRUE
400004832640,03/06/2026,,,,C0014826,ΠΕ119756-98088,0901, ,FALSE,FALSE,FALSE,TRUE,FALSE,1,FALSE,0,TRUE,0,FALSE,0,FALSE,FALSE,FALSE,TRUE
400004832639,03/06/2026,04/06/2026,04/06/2026,,C0014826,ΠΕ119756-98088,0852, ,FALSE,FALSE,FALSE,FALSE,TRUE,1,FALSE,0,TRUE,0,TRUE,1,FALSE,TRUE,FALSE,TRUE
400004832638,03/06/2026,,,,C0014826,ΠΕ119756-98088,0906, ,FALSE,FALSE,TRUE,TRUE,FALSE,2,FALSE,0,TRUE,0,FALSE,0,FALSE,FALSE,FALSE,TRUE
400004832637,03/06/2026,04/06/2026,04/06/2026,,C0014826,ΠΕ119756-98088,0612, ,TRUE,FALSE,FALSE,FALSE,TRUE,1,FALSE,0,TRUE,0,TRUE,1,FALSE,TRUE,FALSE,TRUE
400004832636,03/06/2026,04/06/2026,04/06/2026,,C0014826,ΠΕ119756-98088,0212, ,TRUE,FALSE,FALSE,FALSE,TRUE,1,FALSE,0,TRUE,0,TRUE,1,FALSE,TRUE,FALSE,TRUE
400004832635,03/06/2026,04/06/2026,04/06/2026,,C0014826,ΠΕ119756-98088,0628,SKG,TRUE,FALSE,FALSE,FALSE,TRUE,1,FALSE,0,TRUE,0,TRUE,1,FALSE,TRUE,FALSE,TRUE
400004832634,03/06/2026,05/06/2026,05/06/2026,,C0014826,ΠΕ119756-98088,0133, ,TRUE,TRUE,FALSE,FALSE,TRUE,2,FALSE,0,TRUE,0,TRUE,2,FALSE,TRUE,FALSE,TRUE
400004832633,03/06/2026,,,,C0014826,ΠΕ119756-98088,0903, ,FALSE,FALSE,TRUE,TRUE,FALSE,2,FALSE,0,TRUE,0,FALSE,0,FALSE,FALSE,FALSE,TRUE
400004832632,03/06/2026,,,,C0014826,ΠΕ119756-98088,0901, ,FALSE,FALSE,FALSE,TRUE,FALSE,1,FALSE,0,TRUE,0,FALSE,0,FALSE,FALSE,FALSE,TRUE
400004832631,03/06/2026,05/06/2026,,,C0014826,ΠΕ119756-98088,0204, ,TRUE,FALSE,FALSE,FALSE,TRUE,2,FALSE,0,TRUE,0,FALSE,0,FALSE,TRUE,FALSE,TRUE
400004832630,03/06/2026,04/06/2026,04/06/2026,,C0014826,ΠΕ119756-98088,0202, ,TRUE,FALSE,FALSE,FALSE,TRUE,1,FALSE,0,TRUE,0,TRUE,1,FALSE,TRUE,FALSE,TRUE
400004832629,03/06/2026,05/06/2026,05/06/2026,,C0014826,ΠΕ119756-98088,0304, ,TRUE,FALSE,FALSE,FALSE,TRUE,2,FALSE,0,TRUE,0,TRUE,2,FALSE,TRUE,FALSE,TRUE
400004832628,03/06/2026,,,,C0014826,ΠΕ119756-98088,0999, ,TRUE,TRUE,FALSE,TRUE,FALSE,1,FALSE,0,TRUE,0,FALSE,0,FALSE,FALSE,FALSE,TRUE
400004832627,03/06/2026,,,,C0014826,ΠΕ119756-98088,0901, ,FALSE,FALSE,FALSE,TRUE,FALSE,1,FALSE,0,TRUE,0,FALSE,0,FALSE,FALSE,FALSE,TRUE
400004832626,03/06/2026,,,,C0014826,ΠΕ119756-98088,0901, ,FALSE,FALSE,FALSE,TRUE,FALSE,1,FALSE,0,TRUE,0,FALSE,0,FALSE,FALSE,FALSE,TRUE
400004832625,03/06/2026,,,,C0014826,ΠΕ119756-98088,0611, ,TRUE,FALSE,FALSE,TRUE,FALSE,1,FALSE,0,TRUE,0,FALSE,0,FALSE,FALSE,FALSE,TRUE
400004832624,03/06/2026,05/06/2026,05/06/2026,,C0014826,ΠΕ119756-98088,0641, ,TRUE,FALSE,TRUE,FALSE,TRUE,2,FALSE,0,TRUE,0,TRUE,2,FALSE,TRUE,FALSE,TRUE
400004832623,03/06/2026,04/06/2026,04/06/2026,,C0014826,ΠΕ119756-98088,0636, ,TRUE,FALSE,FALSE,FALSE,TRUE,1,FALSE,0,TRUE,0,TRUE,1,FALSE,TRUE,FALSE,TRUE
400004832622,03/06/2026,04/06/2026,04/06/2026,,C0014826,ΠΕ119756-98088,0331, ,FALSE,FALSE,FALSE,FALSE,TRUE,1,FALSE,0,TRUE,0,TRUE,1,FALSE,TRUE,FALSE,TRUE
400004832621,03/06/2026,,,,C0014826,ΠΕ119756-98088,0133, ,TRUE,TRUE,FALSE,TRUE,FALSE,1,FALSE,0,TRUE,0,FALSE,0,FALSE,FALSE,FALSE,TRUE
400004832620,03/06/2026,04/06/2026,04/06/2026,,C0014826,ΠΕ119756-98088,0202, ,TRUE,FALSE,FALSE,FALSE,TRUE,1,FALSE,0,TRUE,0,TRUE,1,FALSE,TRUE,FALSE,TRUE
400004832619,03/06/2026,,,,C0014826,ΠΕ119756-98088,0901, ,FALSE,FALSE,FALSE,TRUE,FALSE,1,FALSE,0,TRUE,0,FALSE,0,FALSE,FALSE,FALSE,TRUE
400004832618,03/06/2026,04/06/2026,04/06/2026,,C0014826,ΠΕ119756-98088,0612, ,TRUE,FALSE,FALSE,FALSE,TRUE,1,FALSE,0,TRUE,0,TRUE,1,FALSE,TRUE,FALSE,TRUE
400004832617,03/06/2026,05/06/2026,05/06/2026,,C0014826,ΠΕ119756-98088,0133, ,TRUE,FALSE,TRUE,FALSE,TRUE,2,FALSE,0,TRUE,0,TRUE,2,FALSE,TRUE,FALSE,TRUE
400004832616,03/06/2026,04/06/2026,04/06/2026,,C0014826,ΠΕ119756-98088,0131, ,TRUE,TRUE,FALSE,FALSE,TRUE,1,FALSE,0,TRUE,0,TRUE,1,FALSE,TRUE,FALSE,TRUE
400004832615,03/06/2026,04/06/2026,04/06/2026,,C0014826,ΠΕ119756-98088,0211, ,TRUE,FALSE,FALSE,FALSE,TRUE,1,FALSE,0,TRUE,0,TRUE,1,FALSE,TRUE,FALSE,TRUE
400004832614,03/06/2026,04/06/2026,04/06/2026,,C0014826,ΠΕ119756-98088,0204, ,TRUE,FALSE,FALSE,FALSE,TRUE,1,FALSE,0,TRUE,0,TRUE,1,FALSE,TRUE,FALSE,TRUE
400004832613,03/06/2026,04/06/2026,04/06/2026,,C0014826,ΠΕ119756-98088,0204, ,TRUE,FALSE,FALSE,FALSE,TRUE,1,FALSE,0,TRUE,0,TRUE,1,FALSE,TRUE,FALSE,TRUE
400004832612,03/06/2026,,,,C0014826,ΠΕ119756-98088,0901, ,FALSE,FALSE,FALSE,TRUE,FALSE,2,FALSE,0,TRUE,0,FALSE,0,FALSE,FALSE,FALSE,TRUE
400004832611,03/06/2026,04/06/2026,04/06/2026,,C0014826,ΠΕ119756-98088,0636, ,TRUE,TRUE,FALSE,FALSE,TRUE,1,FALSE,0,TRUE,0,TRUE,1,FALSE,TRUE,FALSE,TRUE
400004832610,03/06/2026,04/06/2026,04/06/2026,,C0014826,ΠΕ119756-98088,0636, ,TRUE,TRUE,FALSE,FALSE,TRUE,1,FALSE,0,TRUE,0,TRUE,1,FALSE,TRUE,FALSE,TRUE
400004832609,03/06/2026,05/06/2026,,,C0014826,ΠΕ119756-98088,0628,SKG,TRUE,FALSE,FALSE,FALSE,TRUE,2,FALSE,0,TRUE,0,FALSE,0,FALSE,TRUE,FALSE,TRUE
400004832608,03/06/2026,05/06/2026,05/06/2026,,C0014826,ΠΕ119756-98088,0316, ,TRUE,FALSE,TRUE,FALSE,TRUE,2,FALSE,0,TRUE,0,TRUE,2,FALSE,TRUE,FALSE,TRUE
400004832607,03/06/2026,04/06/2026,04/06/2026,,C0014826,ΠΕ119756-98088,0211, ,TRUE,FALSE,FALSE,FALSE,TRUE,1,FALSE,0,TRUE,0,TRUE,1,FALSE,TRUE,FALSE,TRUE
400004832606,03/06/2026,,,,C0014826,ΠΕ119756-98088,0204, ,TRUE,FALSE,FALSE,TRUE,FALSE,1,FALSE,0,TRUE,0,FALSE,0,FALSE,FALSE,FALSE,TRUE
400004832605,03/06/2026,04/06/2026,04/06/2026,,C0014826,ΠΕ119756-98088,0861, ,FALSE,TRUE,FALSE,FALSE,TRUE,1,FALSE,0,TRUE,0,TRUE,1,FALSE,TRUE,FALSE,TRUE
400004832604,03/06/2026,04/06/2026,04/06/2026,,C0014826,ΠΕ119756-98088,0146, ,TRUE,FALSE,TRUE,FALSE,TRUE,1,FALSE,0,TRUE,0,TRUE,1,FALSE,TRUE,FALSE,TRUE
400004832603,03/06/2026,,,,C0014826,ΠΕ119756-98088,0307, ,TRUE,FALSE,TRUE,TRUE,FALSE,1,FALSE,0,TRUE,0,FALSE,0,FALSE,FALSE,FALSE,TRUE
400004832602,03/06/2026,,,,C0014826,ΠΕ119756-98088,0212, ,TRUE,FALSE,TRUE,TRUE,FALSE,1,FALSE,0,TRUE,0,FALSE,0,FALSE,FALSE,FALSE,TRUE
400004832601,03/06/2026,04/06/2026,04/06/2026,,C0014826,ΠΕ119756-98088,0204, ,TRUE,FALSE,FALSE,FALSE,TRUE,1,FALSE,0,TRUE,0,TRUE,1,FALSE,TRUE,FALSE,TRUE
400004832600,03/06/2026,,,,C0014826,ΠΕ119756-98088,0131, ,TRUE,FALSE,TRUE,TRUE,FALSE,1,FALSE,0,TRUE,0,FALSE,0,FALSE,FALSE,FALSE,TRUE
400004832599,03/06/2026,,,,C0014826,ΠΕ119756-98088,0133, ,TRUE,TRUE,FALSE,TRUE,FALSE,1,FALSE,0,TRUE,0,FALSE,0,FALSE,FALSE,FALSE,TRUE
400004832598,03/06/2026,04/06/2026,04/06/2026,,C0014826,ΠΕ119756-98088,0151, ,TRUE,FALSE,FALSE,FALSE,TRUE,1,FALSE,0,TRUE,0,TRUE,1,FALSE,TRUE,FALSE,TRUE
400004832597,03/06/2026,04/06/2026,04/06/2026,,C0014826,ΠΕ119756-98088,0204, ,TRUE,FALSE,FALSE,FALSE,TRUE,1,FALSE,0,TRUE,0,TRUE,1,FALSE,TRUE,FALSE,TRUE
400004832596,03/06/2026,,,,C0014826,ΠΕ119756-98088,0505, ,TRUE,FALSE,TRUE,TRUE,FALSE,2,FALSE,0,TRUE,0,FALSE,0,FALSE,FALSE,FALSE,TRUE
400004832595,03/06/2026,04/06/2026,04/06/2026,,C0014826,ΠΕ119756-98088,0621, ,TRUE,TRUE,FALSE,FALSE,TRUE,1,FALSE,0,TRUE,0,TRUE,1,FALSE,TRUE,FALSE,TRUE
400004832594,03/06/2026,05/06/2026,,,C0014826,ΠΕ119756-98088,0204, ,TRUE,FALSE,FALSE,FALSE,TRUE,2,FALSE,0,TRUE,0,FALSE,0,FALSE,TRUE,FALSE,TRUE
400004832593,03/06/2026,05/06/2026,05/06/2026,,C0014826,ΠΕ119756-98088,0131, ,TRUE,FALSE,TRUE,FALSE,TRUE,2,FALSE,0,TRUE,0,TRUE,2,FALSE,TRUE,FALSE,TRUE
400004832592,03/06/2026,04/06/2026,04/06/2026,,C0014826,ΠΕ119756-98088,0201, ,TRUE,TRUE,FALSE,FALSE,TRUE,1,FALSE,0,TRUE,0,TRUE,1,FALSE,TRUE,FALSE,TRUE
400004832591,03/06/2026,04/06/2026,,,C0014826,ΠΕ119756-98088,0702, ,TRUE,FALSE,FALSE,FALSE,TRUE,1,FALSE,0,TRUE,0,FALSE,0,FALSE,TRUE,FALSE,TRUE
400004832590,03/06/2026,04/06/2026,04/06/2026,,C0014826,ΠΕ119756-98088,0621, ,TRUE,FALSE,FALSE,FALSE,TRUE,1,FALSE,0,TRUE,0,TRUE,1,FALSE,TRUE,FALSE,TRUE
400004832589,03/06/2026,04/06/2026,04/06/2026,,C0014826,ΠΕ119756-98088,0325, ,TRUE,FALSE,FALSE,FALSE,TRUE,1,FALSE,0,TRUE,0,TRUE,1,FALSE,TRUE,FALSE,TRUE
400004832588,03/06/2026,04/06/2026,04/06/2026,,C0014826,ΠΕ119756-98088,0208, ,TRUE,FALSE,FALSE,FALSE,TRUE,1,FALSE,0,TRUE,0,TRUE,1,FALSE,TRUE,FALSE,TRUE
400004832587,03/06/2026,04/06/2026,04/06/2026,,C0014826,ΠΕ119756-98088,0204, ,TRUE,FALSE,FALSE,FALSE,TRUE,1,FALSE,0,TRUE,0,TRUE,1,FALSE,TRUE,FALSE,TRUE
400004832586,03/06/2026,05/06/2026,05/06/2026,,C0014826,ΠΕ119756-98088,0304, ,TRUE,FALSE,FALSE,FALSE,TRUE,2,FALSE,0,TRUE,0,TRUE,2,FALSE,TRUE,FALSE,TRUE
400004832585,03/06/2026,04/06/2026,04/06/2026,,C0014826,ΠΕ119756-98088,0615, ,TRUE,TRUE,FALSE,FALSE,TRUE,1,FALSE,0,TRUE,0,TRUE,1,FALSE,TRUE,FALSE,TRUE
400004832584,03/06/2026,,,,C0014826,ΠΕ119756-98088,0906, ,FALSE,FALSE,FALSE,TRUE,FALSE,2,FALSE,0,TRUE,0,FALSE,0,FALSE,FALSE,FALSE,TRUE
400004832583,03/06/2026,04/06/2026,04/06/2026,,C0014826,ΠΕ119756-98088,0133, ,TRUE,FALSE,FALSE,FALSE,TRUE,1,FALSE,0,TRUE,0,TRUE,1,FALSE,TRUE,FALSE,TRUE
400004832582,03/06/2026,04/06/2026,04/06/2026,,C0014826,ΠΕ119756-98088,0203, ,TRUE,FALSE,FALSE,FALSE,TRUE,1,FALSE,0,TRUE,0,TRUE,1,FALSE,TRUE,FALSE,TRUE
400004832581,03/06/2026,04/06/2026,04/06/2026,,C0014826,ΠΕ119756-98088,0309, ,TRUE,FALSE,FALSE,FALSE,TRUE,1,FALSE,0,TRUE,0,TRUE,1,FALSE,TRUE,FALSE,TRUE
400004832580,03/06/2026,04/06/2026,04/06/2026,,C0014826,ΠΕ119756-98088,0201, ,TRUE,FALSE,FALSE,FALSE,TRUE,1,FALSE,0,TRUE,0,TRUE,1,FALSE,TRUE,FALSE,TRUE
400004832579,03/06/2026,05/06/2026,05/06/2026,,C0014826,ΠΕ119756-98088,0131, ,TRUE,FALSE,TRUE,FALSE,TRUE,2,FALSE,0,TRUE,0,TRUE,2,FALSE,TRUE,FALSE,TRUE
400004832578,03/06/2026,04/06/2026,04/06/2026,,C0014826,ΠΕ119756-98088,0501, ,TRUE,FALSE,FALSE,FALSE,TRUE,1,FALSE,0,TRUE,0,TRUE,1,FALSE,TRUE,FALSE,TRUE
400004832577,03/06/2026,,,,C0014826,ΠΕ119756-98088,0912, ,FALSE,FALSE,FALSE,TRUE,FALSE,2,FALSE,0,TRUE,0,FALSE,0,FALSE,FALSE,FALSE,TRUE
400004832576,03/06/2026,04/06/2026,,,C0014826,ΠΕ119756-98088,0913, ,FALSE,FALSE,TRUE,FALSE,TRUE,1,FALSE,0,TRUE,0,FALSE,0,FALSE,TRUE,FALSE,TRUE
400004832575,03/06/2026,,,,C0014826,ΠΕ119756-98088,0133, ,TRUE,FALSE,TRUE,TRUE,FALSE,2,FALSE,0,TRUE,0,FALSE,0,FALSE,FALSE,FALSE,TRUE
400004832574,03/06/2026,04/06/2026,04/06/2026,,C0014826,ΠΕ119756-98088,0204, ,TRUE,FALSE,FALSE,FALSE,TRUE,1,FALSE,0,TRUE,0,TRUE,1,FALSE,TRUE,FALSE,TRUE
400004832573,03/06/2026,,,,C0014826,ΠΕ119756-98088,0907, ,FALSE,TRUE,FALSE,TRUE,FALSE,1,FALSE,0,TRUE,0,FALSE,0,FALSE,FALSE,FALSE,TRUE
400004832572,03/06/2026,,,,C0014826,ΠΕ119756-98088,0876, ,FALSE,FALSE,FALSE,TRUE,FALSE,1,FALSE,0,TRUE,0,FALSE,0,FALSE,FALSE,FALSE,TRUE
400004832571,03/06/2026,04/06/2026,04/06/2026,,C0014826,ΠΕ119756-98088,0712, ,TRUE,FALSE,FALSE,FALSE,TRUE,1,FALSE,0,TRUE,0,TRUE,1,FALSE,TRUE,FALSE,TRUE
400004832570,03/06/2026,04/06/2026,,,C0014826,ΠΕ119756-98088,0307, ,TRUE,FALSE,FALSE,FALSE,TRUE,1,FALSE,0,TRUE,0,FALSE,0,FALSE,TRUE,FALSE,TRUE
400004832569,03/06/2026,,,,C0014826,ΠΕ119756-98088,0903, ,FALSE,FALSE,TRUE,TRUE,FALSE,2,FALSE,0,TRUE,0,FALSE,0,FALSE,FALSE,FALSE,TRUE
400004832567,03/06/2026,,,,C0014826,ΠΕ119756-98088,0332, ,FALSE,FALSE,FALSE,TRUE,FALSE,1,FALSE,0,TRUE,0,FALSE,0,FALSE,FALSE,FALSE,TRUE
400004832566,03/06/2026,04/06/2026,04/06/2026,,C0014826,ΠΕ119756-98088,0621, ,TRUE,TRUE,FALSE,FALSE,TRUE,1,FALSE,0,TRUE,0,TRUE,1,FALSE,TRUE,FALSE,TRUE
400004832565,03/06/2026,04/06/2026,04/06/2026,,C0014826,ΠΕ119756-98088,0204, ,TRUE,FALSE,FALSE,FALSE,TRUE,1,FALSE,0,TRUE,0,TRUE,1,FALSE,TRUE,FALSE,TRUE
400004832564,03/06/2026,,,,C0014826,ΠΕ119756-98088,0133, ,TRUE,FALSE,TRUE,TRUE,FALSE,2,FALSE,0,TRUE,0,FALSE,0,FALSE,FALSE,FALSE,TRUE
400004832563,03/06/2026,05/06/2026,,,C0014826,ΠΕ119756-98088,0204, ,TRUE,FALSE,FALSE,FALSE,TRUE,2,FALSE,0,TRUE,0,FALSE,0,FALSE,TRUE,FALSE,TRUE
400004832562,03/06/2026,04/06/2026,05/06/2026,,C0014826,ΠΕ119756-98088,0712, ,TRUE,FALSE,FALSE,FALSE,TRUE,1,FALSE,0,TRUE,0,TRUE,2,FALSE,TRUE,FALSE,TRUE
400004832561,03/06/2026,04/06/2026,04/06/2026,,C0014826,ΠΕ119756-98088,0323, ,TRUE,FALSE,FALSE,FALSE,TRUE,1,FALSE,0,TRUE,0,TRUE,1,FALSE,TRUE,FALSE,TRUE
400004832560,03/06/2026,05/06/2026,,,C0014826,ΠΕ119756-98088,0859, ,FALSE,FALSE,FALSE,FALSE,TRUE,2,FALSE,0,TRUE,0,FALSE,0,FALSE,TRUE,FALSE,TRUE
400004832559,03/06/2026,04/06/2026,04/06/2026,,C0014826,ΠΕ119756-98088,0632, ,TRUE,FALSE,FALSE,FALSE,TRUE,1,FALSE,0,TRUE,0,TRUE,1,FALSE,TRUE,FALSE,TRUE
400004832558,03/06/2026,04/06/2026,,,C0014826,ΠΕ119756-98088,0204, ,TRUE,FALSE,TRUE,FALSE,TRUE,1,FALSE,0,TRUE,0,FALSE,0,FALSE,TRUE,FALSE,TRUE
400004832557,03/06/2026,04/06/2026,04/06/2026,,C0014826,ΠΕ119756-98088,0332, ,FALSE,FALSE,FALSE,FALSE,TRUE,1,FALSE,0,TRUE,0,TRUE,1,FALSE,TRUE,FALSE,TRUE
400004832556,03/06/2026,04/06/2026,04/06/2026,,C0014826,ΠΕ119756-98088,0304, ,TRUE,TRUE,FALSE,FALSE,TRUE,1,FALSE,0,TRUE,0,TRUE,1,FALSE,TRUE,FALSE,TRUE
400004832555,03/06/2026,,,,C0014826,ΠΕ119756-98088,0857, ,FALSE,FALSE,FALSE,TRUE,FALSE,0,FALSE,0,TRUE,0,FALSE,0,FALSE,FALSE,FALSE,TRUE
400004832554,03/06/2026,04/06/2026,05/06/2026,,C0014826,ΠΕ119756-98088,0307, ,TRUE,FALSE,FALSE,FALSE,TRUE,1,FALSE,0,TRUE,0,TRUE,2,FALSE,TRUE,FALSE,TRUE
400004832553,03/06/2026,04/06/2026,04/06/2026,,C0014826,ΠΕ119756-98088,0212, ,TRUE,FALSE,FALSE,FALSE,TRUE,1,FALSE,0,TRUE,0,TRUE,1,FALSE,TRUE,FALSE,TRUE
400004832552,03/06/2026,,,,C0014826,ΠΕ119756-98088,0917, ,FALSE,FALSE,TRUE,TRUE,FALSE,1,FALSE,0,TRUE,0,FALSE,0,FALSE,FALSE,FALSE,TRUE
400004832551,03/06/2026,04/06/2026,05/06/2026,,C0014826,ΠΕ119756-98088,0214, ,TRUE,FALSE,FALSE,FALSE,TRUE,1,FALSE,0,TRUE,0,TRUE,2,FALSE,TRUE,FALSE,TRUE
400004832550,03/06/2026,04/06/2026,04/06/2026,,C0014826,ΠΕ119756-98088,0201, ,TRUE,FALSE,FALSE,FALSE,TRUE,1,FALSE,0,TRUE,0,TRUE,1,FALSE,TRUE,FALSE,TRUE
400004832549,03/06/2026,04/06/2026,04/06/2026,,C0014826,ΠΕ119756-98088,0701, ,TRUE,FALSE,FALSE,FALSE,TRUE,1,FALSE,0,TRUE,0,TRUE,1,FALSE,TRUE,FALSE,TRUE
400004832548,03/06/2026,04/06/2026,05/06/2026,,C0014826,ΠΕ119756-98088,0332, ,FALSE,FALSE,FALSE,FALSE,TRUE,1,FALSE,0,TRUE,0,TRUE,2,FALSE,TRUE,FALSE,TRUE
400004832547,03/06/2026,,,,C0014826,ΠΕ119756-98088,0903, ,FALSE,FALSE,TRUE,TRUE,FALSE,2,FALSE,0,TRUE,0,FALSE,0,FALSE,FALSE,FALSE,TRUE
400004832546,03/06/2026,,,,C0014826,ΠΕ119756-98088,0714, ,TRUE,FALSE,TRUE,TRUE,FALSE,1,FALSE,0,TRUE,0,FALSE,0,FALSE,FALSE,FALSE,TRUE
400004832545,03/06/2026,04/06/2026,04/06/2026,,C0014826,ΠΕ119756-98088,0212, ,TRUE,FALSE,TRUE,FALSE,TRUE,1,FALSE,0,TRUE,0,TRUE,1,FALSE,TRUE,FALSE,TRUE
400004832544,03/06/2026,04/06/2026,04/06/2026,,C0014826,ΠΕ119756-98088,0214, ,TRUE,TRUE,FALSE,FALSE,TRUE,1,FALSE,0,TRUE,0,TRUE,1,FALSE,TRUE,FALSE,TRUE
400004832543,03/06/2026,04/06/2026,05/06/2026,,C0014826,ΠΕ119756-98088,0711, ,TRUE,FALSE,FALSE,FALSE,TRUE,1,FALSE,0,TRUE,0,TRUE,2,FALSE,TRUE,FALSE,TRUE
400004832542,03/06/2026,04/06/2026,04/06/2026,,C0014826,ΠΕ119756-98088,0204, ,TRUE,FALSE,FALSE,FALSE,TRUE,1,FALSE,0,TRUE,0,TRUE,1,FALSE,TRUE,FALSE,TRUE
400004832541,03/06/2026,,,,C0014826,ΠΕ119756-98088,0331, ,FALSE,TRUE,FALSE,TRUE,FALSE,1,FALSE,0,TRUE,0,FALSE,0,FALSE,FALSE,FALSE,TRUE
400004832540,03/06/2026,04/06/2026,04/06/2026,,C0014826,ΠΕ119756-98088,0702, ,TRUE,FALSE,FALSE,FALSE,TRUE,1,FALSE,0,TRUE,0,TRUE,1,FALSE,TRUE,FALSE,TRUE
400004832539,03/06/2026,04/06/2026,04/06/2026,,C0014826,ΠΕ119756-98088,0702, ,TRUE,FALSE,FALSE,FALSE,TRUE,1,FALSE,0,TRUE,0,TRUE,1,FALSE,TRUE,FALSE,TRUE
400004832538,03/06/2026,04/06/2026,05/06/2026,,C0014826,ΠΕ119756-98088,0612, ,TRUE,FALSE,TRUE,FALSE,TRUE,1,FALSE,0,TRUE,0,TRUE,2,FALSE,TRUE,FALSE,TRUE
400004832537,03/06/2026,04/06/2026,,,C0014826,ΠΕ119756-98088,0632, ,TRUE,FALSE,FALSE,FALSE,TRUE,1,FALSE,0,TRUE,0,FALSE,0,FALSE,TRUE,FALSE,TRUE
400004832536,03/06/2026,04/06/2026,04/06/2026,,C0014826,ΠΕ119756-98088,0701, ,TRUE,FALSE,FALSE,FALSE,TRUE,1,FALSE,0,TRUE,0,TRUE,1,FALSE,TRUE,FALSE,TRUE
400004832534,03/06/2026,04/06/2026,04/06/2026,,C0014826,ΠΕ119756-98088,0713, ,TRUE,FALSE,FALSE,FALSE,TRUE,1,FALSE,0,TRUE,0,TRUE,1,FALSE,TRUE,FALSE,TRUE
400004832533,03/06/2026,04/06/2026,,,C0014826,ΠΕ119756-98088,0862, ,FALSE,FALSE,FALSE,FALSE,TRUE,1,FALSE,0,TRUE,0,FALSE,0,FALSE,TRUE,FALSE,TRUE
400004832532,03/06/2026,05/06/2026,,,C0014826,ΠΕ119756-98088,0858, ,FALSE,FALSE,FALSE,FALSE,TRUE,2,FALSE,0,TRUE,0,FALSE,0,FALSE,TRUE,FALSE,TRUE
400004832531,03/06/2026,04/06/2026,04/06/2026,,C0014826,ΠΕ119756-98088,0713, ,TRUE,FALSE,FALSE,FALSE,TRUE,1,FALSE,0,TRUE,0,TRUE,1,FALSE,TRUE,FALSE,TRUE
400004832530,03/06/2026,,,,C0014826,ΠΕ119756-98088,0215, ,TRUE,FALSE,FALSE,TRUE,FALSE,1,FALSE,0,TRUE,0,FALSE,0,FALSE,FALSE,FALSE,TRUE
400004832529,03/06/2026,,,,C0014826,ΠΕ119756-98088,0859, ,FALSE,FALSE,FALSE,TRUE,FALSE,2,FALSE,0,TRUE,0,FALSE,0,FALSE,FALSE,FALSE,TRUE
400004832528,03/06/2026,04/06/2026,,,C0014826,ΠΕ119756-98088,0325, ,TRUE,FALSE,FALSE,FALSE,TRUE,1,FALSE,0,TRUE,0,FALSE,0,FALSE,TRUE,FALSE,TRUE
400004832526,03/06/2026,,,,C0014826,ΠΕ119756-98088,0876, ,FALSE,FALSE,FALSE,TRUE,FALSE,1,FALSE,0,TRUE,0,FALSE,0,FALSE,FALSE,FALSE,TRUE
400004832346,03/06/2026,,,,C0014826,ΠΕ119756-98088,0851, ,FALSE,FALSE,FALSE,TRUE,FALSE,0,FALSE,0,TRUE,0,FALSE,0,FALSE,FALSE,FALSE,TRUE
160000404332,03/06/2026,04/06/2026,04/06/2026,,C0014826,ΠΕ119756-98088,0204, ,TRUE,FALSE,FALSE,FALSE,TRUE,1,FALSE,0,TRUE,0,TRUE,1,FALSE,TRUE,FALSE,TRUE
160000404331,03/06/2026,,,,C0014826,ΠΕ119756-98088,0901, ,FALSE,FALSE,FALSE,TRUE,FALSE,1,FALSE,0,TRUE,0,FALSE,0,FALSE,FALSE,FALSE,TRUE
160000404330,03/06/2026,04/06/2026,04/06/2026,,C0014826,ΠΕ119756-98088,0612, ,TRUE,FALSE,FALSE,FALSE,TRUE,1,FALSE,0,TRUE,0,TRUE,1,FALSE,TRUE,FALSE,TRUE
160000404329,03/06/2026,04/06/2026,04/06/2026,,C0014826,ΠΕ119756-98088,0612, ,TRUE,FALSE,FALSE,FALSE,TRUE,1,FALSE,0,TRUE,0,TRUE,1,FALSE,TRUE,FALSE,TRUE
160000404328,03/06/2026,04/06/2026,04/06/2026,,C0014826,ΠΕ119756-98088,0621, ,TRUE,TRUE,FALSE,FALSE,TRUE,1,FALSE,0,TRUE,0,TRUE,1,FALSE,TRUE,FALSE,TRUE
160000404327,03/06/2026,,,,C0014826,ΠΕ119756-98088,0917, ,FALSE,FALSE,TRUE,TRUE,FALSE,1,FALSE,0,TRUE,0,FALSE,0,FALSE,FALSE,FALSE,TRUE
160000404326,03/06/2026,04/06/2026,05/06/2026,,C0014826,ΠΕ119756-98088,0214, ,TRUE,FALSE,FALSE,FALSE,TRUE,1,FALSE,0,TRUE,0,TRUE,2,FALSE,TRUE,FALSE,TRUE
160000404325,03/06/2026,04/06/2026,04/06/2026,,C0014826,ΠΕ119756-98088,0701, ,TRUE,FALSE,FALSE,FALSE,TRUE,1,FALSE,0,TRUE,0,TRUE,1,FALSE,TRUE,FALSE,TRUE
160000404324,03/06/2026,04/06/2026,,,C0014826,ΠΕ119756-98088,0632, ,TRUE,FALSE,FALSE,FALSE,TRUE,1,FALSE,0,TRUE,0,FALSE,0,FALSE,TRUE,FALSE,TRUE
160000404323,03/06/2026,04/06/2026,04/06/2026,,C0014826,ΠΕ119756-98088,0713, ,TRUE,FALSE,FALSE,FALSE,TRUE,1,FALSE,0,TRUE,0,TRUE,1,FALSE,TRUE,FALSE,TRUE
160000404322,03/06/2026,,,,C0014826,ΠΕ119756-98088,0857, ,FALSE,FALSE,FALSE,TRUE,FALSE,0,FALSE,0,TRUE,0,FALSE,0,FALSE,FALSE,FALSE,TRUE
160000404320,03/06/2026,04/06/2026,04/06/2026,,C0014826,ΠΕ119756-98088,0212, ,TRUE,FALSE,TRUE,FALSE,TRUE,1,FALSE,0,TRUE,0,TRUE,1,FALSE,TRUE,FALSE,TRUE
160000404319,03/06/2026,04/06/2026,04/06/2026,,C0014826,ΠΕ119756-98088,0713, ,TRUE,FALSE,FALSE,FALSE,TRUE,1,FALSE,0,TRUE,0,TRUE,1,FALSE,TRUE,FALSE,TRUE
160000404318,03/06/2026,,,,C0014826,ΠΕ119756-98088,0215, ,TRUE,FALSE,FALSE,TRUE,FALSE,2,FALSE,0,TRUE,0,FALSE,0,FALSE,FALSE,FALSE,TRUE
700047266145,02/06/2026,,,,C0014826,ΠΕ119756-98088,0113,ATH,TRUE,FALSE,FALSE,TRUE,FALSE,0,FALSE,0,FALSE,0,FALSE,0,FALSE,FALSE,FALSE,FALSE
700047257783,02/06/2026,04/06/2026,04/06/2026,,C0014826,ΠΕ119756-98088,0948, ,TRUE,FALSE,FALSE,FALSE,TRUE,2,FALSE,0,TRUE,2,TRUE,2,FALSE,TRUE,FALSE,FALSE
050075478013,02/06/2026,03/06/2026,03/06/2026,,C0014826,ΠΕ119756-98088,0948, ,TRUE,FALSE,FALSE,FALSE,TRUE,1,FALSE,0,TRUE,0,TRUE,1,FALSE,TRUE,FALSE,TRUE
700047260952,02/06/2026,04/06/2026,04/06/2026,,C0014826,ΠΕ119756-98088,0948, ,TRUE,FALSE,FALSE,FALSE,TRUE,2,FALSE,0,TRUE,0,TRUE,2,FALSE,TRUE,FALSE,TRUE
700047279706,02/06/2026,03/06/2026,03/06/2026,,C0014826,ΠΕ119756-102229,0948, ,TRUE,FALSE,FALSE,FALSE,TRUE,1,FALSE,0,TRUE,0,TRUE,1,FALSE,TRUE,FALSE,TRUE
700047282377,02/06/2026,03/06/2026,03/06/2026,,C0014826,ΠΕ119756-98088,0113,ATH,TRUE,FALSE,FALSE,FALSE,TRUE,1,FALSE,0,TRUE,0,TRUE,1,FALSE,TRUE,FALSE,TRUE
052000966138,02/06/2026,03/06/2026,03/06/2026,,C0014826,ΠΕ119756-98088,0605,SKG,TRUE,FALSE,FALSE,FALSE,TRUE,1,FALSE,0,TRUE,0,TRUE,1,FALSE,TRUE,FALSE,TRUE
052000966116,02/06/2026,03/06/2026,03/06/2026,,C0014826,ΠΕ119756-98088,0615, ,TRUE,FALSE,TRUE,FALSE,TRUE,1,FALSE,0,TRUE,0,TRUE,1,FALSE,TRUE,FALSE,TRUE
052000964873,02/06/2026,04/06/2026,04/06/2026,,C0014826,ΠΕ119756-98088,0332, ,FALSE,FALSE,FALSE,FALSE,TRUE,2,FALSE,0,TRUE,0,TRUE,2,FALSE,TRUE,FALSE,TRUE
052000964862,02/06/2026,05/06/2026,05/06/2026,,C0014826,ΠΕ119756-98088,0855, ,FALSE,FALSE,FALSE,FALSE,TRUE,3,FALSE,0,TRUE,0,TRUE,3,FALSE,TRUE,FALSE,TRUE
400004832525,02/06/2026,03/06/2026,03/06/2026,,C0014826,ΠΕ119756-98088,0613, ,TRUE,FALSE,TRUE,FALSE,TRUE,1,FALSE,0,TRUE,0,TRUE,1,FALSE,TRUE,FALSE,TRUE
400004832524,02/06/2026,04/06/2026,04/06/2026,,C0014826,ΠΕ119756-98088,0903, ,FALSE,FALSE,FALSE,FALSE,TRUE,2,FALSE,0,TRUE,0,TRUE,2,FALSE,TRUE,FALSE,TRUE
400004832523,02/06/2026,03/06/2026,05/06/2026,,C0014826,ΠΕ119756-98088,0621, ,TRUE,FALSE,FALSE,FALSE,TRUE,1,FALSE,0,TRUE,0,TRUE,3,FALSE,TRUE,FALSE,TRUE
400004832522,02/06/2026,04/06/2026,04/06/2026,,C0014826,ΠΕ119756-98088,0905, ,FALSE,FALSE,FALSE,FALSE,TRUE,2,FALSE,0,TRUE,0,TRUE,2,FALSE,TRUE,FALSE,TRUE
400004832521,02/06/2026,03/06/2026,,,C0014826,ΠΕ119756-98088,0628,SKG,TRUE,FALSE,FALSE,FALSE,TRUE,1,FALSE,0,TRUE,0,FALSE,0,FALSE,TRUE,FALSE,TRUE
400004832520,02/06/2026,04/06/2026,04/06/2026,,C0014826,ΠΕ119756-98088,0203, ,TRUE,FALSE,TRUE,FALSE,TRUE,2,FALSE,0,TRUE,0,TRUE,2,FALSE,TRUE,FALSE,TRUE
400004832519,02/06/2026,,,,C0014826,ΠΕ119756-98088,0611, ,TRUE,FALSE,FALSE,TRUE,FALSE,1,FALSE,0,TRUE,0,FALSE,0,FALSE,FALSE,FALSE,TRUE
400004832518,02/06/2026,03/06/2026,03/06/2026,,C0014826,ΠΕ119756-98088,0641, ,TRUE,FALSE,TRUE,FALSE,TRUE,1,FALSE,0,TRUE,0,TRUE,1,FALSE,TRUE,FALSE,TRUE
400004832517,02/06/2026,04/06/2026,04/06/2026,,C0014826,ΠΕ119756-98088,0628,SKG,TRUE,FALSE,TRUE,FALSE,TRUE,2,FALSE,0,TRUE,0,TRUE,2,FALSE,TRUE,FALSE,TRUE
400004832516,02/06/2026,03/06/2026,03/06/2026,,C0014826,ΠΕ119756-98088,0612, ,TRUE,FALSE,FALSE,FALSE,TRUE,1,FALSE,0,TRUE,0,TRUE,1,FALSE,TRUE,FALSE,TRUE
400004832515,02/06/2026,,,,C0014826,ΠΕ119756-98088,0903, ,FALSE,FALSE,FALSE,TRUE,FALSE,2,FALSE,0,TRUE,0,FALSE,0,FALSE,FALSE,FALSE,TRUE
400004832514,02/06/2026,03/06/2026,04/06/2026,,C0014826,ΠΕ119756-98088,0309, ,TRUE,FALSE,FALSE,FALSE,TRUE,1,FALSE,0,TRUE,0,TRUE,2,FALSE,TRUE,FALSE,TRUE
400004832513,02/06/2026,03/06/2026,03/06/2026,,C0014826,ΠΕ119756-98088,0641, ,TRUE,FALSE,TRUE,FALSE,TRUE,1,FALSE,0,TRUE,0,TRUE,1,FALSE,TRUE,FALSE,TRUE
400004832512,02/06/2026,03/06/2026,03/06/2026,,C0014826,ΠΕ119756-98088,0133, ,TRUE,TRUE,FALSE,FALSE,TRUE,1,FALSE,0,TRUE,0,TRUE,1,FALSE,TRUE,FALSE,TRUE
400004832511,02/06/2026,03/06/2026,03/06/2026,,C0014826,ΠΕ119756-98088,0131, ,TRUE,FALSE,FALSE,FALSE,TRUE,1,FALSE,0,TRUE,0,TRUE,1,FALSE,TRUE,FALSE,TRUE
400004832510,02/06/2026,03/06/2026,04/06/2026,,C0014826,ΠΕ119756-98088,0201, ,TRUE,FALSE,FALSE,FALSE,TRUE,1,FALSE,0,TRUE,0,TRUE,2,FALSE,TRUE,FALSE,TRUE
400004832509,02/06/2026,03/06/2026,03/06/2026,,C0014826,ΠΕ119756-98088,0203, ,TRUE,FALSE,FALSE,FALSE,TRUE,1,FALSE,0,TRUE,0,TRUE,1,FALSE,TRUE,FALSE,TRUE
400004832508,02/06/2026,03/06/2026,03/06/2026,,C0014826,ΠΕ119756-98088,0621, ,TRUE,FALSE,FALSE,FALSE,TRUE,1,FALSE,0,TRUE,0,TRUE,1,FALSE,TRUE,FALSE,TRUE
400004832507,02/06/2026,04/06/2026,04/06/2026,,C0014826,ΠΕ119756-98088,0851, ,FALSE,FALSE,FALSE,FALSE,TRUE,2,FALSE,0,TRUE,0,TRUE,2,FALSE,TRUE,FALSE,TRUE
400004832506,02/06/2026,03/06/2026,03/06/2026,,C0014826,ΠΕ119756-98088,0211, ,TRUE,TRUE,FALSE,FALSE,TRUE,1,FALSE,0,TRUE,0,TRUE,1,FALSE,TRUE,FALSE,TRUE
400004832505,02/06/2026,03/06/2026,03/06/2026,,C0014826,ΠΕ119756-98088,0307, ,TRUE,FALSE,FALSE,FALSE,TRUE,1,FALSE,0,TRUE,0,TRUE,1,FALSE,TRUE,FALSE,TRUE
400004832504,02/06/2026,,,04/06/2026,C0014826,ΠΕ119756-98088,0151, ,TRUE,TRUE,FALSE,TRUE,FALSE,2,TRUE,2,TRUE,0,FALSE,0,FALSE,FALSE,FALSE,TRUE
400004832503,02/06/2026,03/06/2026,03/06/2026,,C0014826,ΠΕ119756-98088,0203, ,TRUE,FALSE,FALSE,FALSE,TRUE,1,FALSE,0,TRUE,0,TRUE,1,FALSE,TRUE,FALSE,TRUE
400004832502,02/06/2026,03/06/2026,03/06/2026,,C0014826,ΠΕ119756-98088,0201, ,TRUE,FALSE,FALSE,FALSE,TRUE,1,FALSE,0,TRUE,0,TRUE,1,FALSE,TRUE,FALSE,TRUE
400004832501,02/06/2026,03/06/2026,03/06/2026,,C0014826,ΠΕ119756-98088,0211, ,TRUE,TRUE,FALSE,FALSE,TRUE,1,FALSE,0,TRUE,0,TRUE,1,FALSE,TRUE,FALSE,TRUE
400004832500,02/06/2026,03/06/2026,03/06/2026,,C0014826,ΠΕ119756-98088,0307, ,TRUE,FALSE,FALSE,FALSE,TRUE,1,FALSE,0,TRUE,0,TRUE,1,FALSE,TRUE,FALSE,TRUE
400004832499,02/06/2026,03/06/2026,03/06/2026,,C0014826,ΠΕ119756-98088,0201, ,TRUE,FALSE,FALSE,FALSE,TRUE,1,FALSE,0,TRUE,0,TRUE,1,FALSE,TRUE,FALSE,TRUE
400004832498,02/06/2026,04/06/2026,04/06/2026,,C0014826,ΠΕ119756-98088,0324, ,TRUE,FALSE,FALSE,FALSE,TRUE,2,FALSE,0,TRUE,0,TRUE,2,FALSE,TRUE,FALSE,TRUE
400004832497,02/06/2026,03/06/2026,03/06/2026,,C0014826,ΠΕ119756-98088,0611, ,TRUE,FALSE,FALSE,FALSE,TRUE,1,FALSE,0,TRUE,0,TRUE,1,FALSE,TRUE,FALSE,TRUE
400004832496,02/06/2026,03/06/2026,03/06/2026,,C0014826,ΠΕ119756-98088,0636, ,TRUE,TRUE,FALSE,FALSE,TRUE,1,FALSE,0,TRUE,0,TRUE,1,FALSE,TRUE,FALSE,TRUE
400004832495,02/06/2026,03/06/2026,03/06/2026,,C0014826,ΠΕ119756-98088,0324, ,TRUE,FALSE,FALSE,FALSE,TRUE,1,FALSE,0,TRUE,0,TRUE,1,FALSE,TRUE,FALSE,TRUE
400004832494,02/06/2026,,,,C0014826,ΠΕ119756-98088,0901, ,FALSE,FALSE,FALSE,TRUE,FALSE,3,FALSE,0,TRUE,0,FALSE,0,FALSE,FALSE,FALSE,TRUE
400004832493,02/06/2026,05/06/2026,,,C0014826,ΠΕ119756-98088,0133, ,TRUE,TRUE,FALSE,FALSE,TRUE,3,FALSE,0,TRUE,0,FALSE,0,FALSE,TRUE,FALSE,TRUE
400004832492,02/06/2026,,,,C0014826,ΠΕ119756-98088,0901, ,FALSE,FALSE,FALSE,TRUE,FALSE,3,FALSE,0,TRUE,0,FALSE,0,FALSE,FALSE,FALSE,TRUE
400004832491,02/06/2026,03/06/2026,03/06/2026,,C0014826,ΠΕ119756-98088,0611, ,TRUE,FALSE,FALSE,FALSE,TRUE,1,FALSE,0,TRUE,0,TRUE,1,FALSE,TRUE,FALSE,TRUE
400004832490,02/06/2026,03/06/2026,03/06/2026,,C0014826,ΠΕ119756-98088,0612, ,TRUE,FALSE,FALSE,FALSE,TRUE,1,FALSE,0,TRUE,0,TRUE,1,FALSE,TRUE,FALSE,TRUE
400004832489,02/06/2026,03/06/2026,03/06/2026,,C0014826,ΠΕ119756-98088,0611, ,TRUE,FALSE,FALSE,FALSE,TRUE,1,FALSE,0,TRUE,0,TRUE,1,FALSE,TRUE,FALSE,TRUE
400004832488,02/06/2026,03/06/2026,03/06/2026,,C0014826,ΠΕ119756-98088,0615, ,TRUE,TRUE,FALSE,FALSE,TRUE,1,FALSE,0,TRUE,0,TRUE,1,FALSE,TRUE,FALSE,TRUE
400004832487,02/06/2026,03/06/2026,03/06/2026,,C0014826,ΠΕ119756-98088,0612, ,TRUE,FALSE,FALSE,FALSE,TRUE,1,FALSE,0,TRUE,0,TRUE,1,FALSE,TRUE,FALSE,TRUE
400004832486,02/06/2026,03/06/2026,03/06/2026,,C0014826,ΠΕ119756-98088,0611, ,TRUE,FALSE,FALSE,FALSE,TRUE,1,FALSE,0,TRUE,0,TRUE,1,FALSE,TRUE,FALSE,TRUE
400004832485,02/06/2026,,,,C0014826,ΠΕ119756-98088,0901, ,FALSE,FALSE,FALSE,TRUE,FALSE,1,FALSE,0,TRUE,0,FALSE,0,FALSE,FALSE,FALSE,TRUE
400004832484,02/06/2026,,,,C0014826,ΠΕ119756-98088,0903, ,FALSE,FALSE,FALSE,TRUE,FALSE,2,FALSE,0,TRUE,0,FALSE,0,FALSE,FALSE,FALSE,TRUE
400004832483,02/06/2026,,,,C0014826,ΠΕ119756-98088,0636, ,TRUE,FALSE,FALSE,TRUE,FALSE,1,FALSE,0,TRUE,0,FALSE,0,FALSE,FALSE,FALSE,TRUE
400004832482,02/06/2026,03/06/2026,03/06/2026,,C0014826,ΠΕ119756-98088,0307, ,TRUE,FALSE,FALSE,FALSE,TRUE,1,FALSE,0,TRUE,0,TRUE,1,FALSE,TRUE,FALSE,TRUE
400004832481,02/06/2026,03/06/2026,04/06/2026,,C0014826,ΠΕ119756-98088,0211, ,TRUE,FALSE,FALSE,FALSE,TRUE,1,FALSE,0,TRUE,0,TRUE,2,FALSE,TRUE,FALSE,TRUE
400004832480,02/06/2026,04/06/2026,04/06/2026,,C0014826,ΠΕ119756-98088,0325, ,TRUE,FALSE,TRUE,FALSE,TRUE,2,FALSE,0,TRUE,0,TRUE,2,FALSE,TRUE,FALSE,TRUE
400004832479,02/06/2026,05/06/2026,05/06/2026,,C0014826,ΠΕ119756-98088,0615, ,TRUE,FALSE,TRUE,FALSE,TRUE,3,FALSE,0,TRUE,0,TRUE,3,FALSE,TRUE,FALSE,TRUE
400004832478,02/06/2026,04/06/2026,04/06/2026,,C0014826,ΠΕ119756-98088,0146, ,TRUE,TRUE,FALSE,FALSE,TRUE,2,FALSE,0,TRUE,0,TRUE,2,FALSE,TRUE,FALSE,TRUE
400004832477,02/06/2026,03/06/2026,03/06/2026,,C0014826,ΠΕ119756-98088,0503, ,TRUE,FALSE,FALSE,FALSE,TRUE,1,FALSE,0,TRUE,0,TRUE,1,FALSE,TRUE,FALSE,TRUE
400004832476,02/06/2026,04/06/2026,04/06/2026,,C0014826,ΠΕ119756-98088,0142, ,TRUE,TRUE,FALSE,FALSE,TRUE,2,FALSE,0,TRUE,0,TRUE,2,FALSE,TRUE,FALSE,TRUE
400004832475,02/06/2026,,,,C0014826,ΠΕ119756-98088,0901, ,FALSE,FALSE,FALSE,TRUE,FALSE,1,FALSE,0,TRUE,0,FALSE,0,FALSE,FALSE,FALSE,TRUE
400004832474,02/06/2026,05/06/2026,05/06/2026,,C0014826,ΠΕ119756-98088,0131, ,TRUE,FALSE,TRUE,FALSE,TRUE,3,FALSE,0,TRUE,0,TRUE,3,FALSE,TRUE,FALSE,TRUE
400004832473,02/06/2026,03/06/2026,04/06/2026,,C0014826,ΠΕ119756-98088,0304, ,TRUE,FALSE,FALSE,FALSE,TRUE,1,FALSE,0,TRUE,0,TRUE,2,FALSE,TRUE,FALSE,TRUE
400004832472,02/06/2026,04/06/2026,04/06/2026,,C0014826,ΠΕ119756-98088,0871, ,FALSE,FALSE,FALSE,FALSE,TRUE,2,FALSE,0,TRUE,0,TRUE,2,FALSE,TRUE,FALSE,TRUE
400004832471,02/06/2026,05/06/2026,05/06/2026,,C0014826,ΠΕ119756-98088,0911, ,FALSE,TRUE,FALSE,FALSE,TRUE,3,FALSE,0,TRUE,0,TRUE,3,FALSE,TRUE,FALSE,TRUE
400004832470,02/06/2026,,,,C0014826,ΠΕ119756-98088,0912, ,FALSE,FALSE,FALSE,TRUE,FALSE,2,FALSE,0,TRUE,0,FALSE,0,FALSE,FALSE,FALSE,TRUE
400004832469,02/06/2026,05/06/2026,05/06/2026,,C0014826,ΠΕ119756-98088,0504, ,FALSE,FALSE,FALSE,FALSE,TRUE,3,FALSE,0,TRUE,0,TRUE,3,FALSE,TRUE,FALSE,TRUE
400004832468,02/06/2026,04/06/2026,05/06/2026,,C0014826,ΠΕ119756-98088,0858, ,FALSE,FALSE,FALSE,FALSE,TRUE,2,FALSE,0,TRUE,0,TRUE,3,FALSE,TRUE,FALSE,TRUE
400004832467,02/06/2026,,,,C0014826,ΠΕ119756-98088,0332, ,FALSE,FALSE,TRUE,TRUE,FALSE,1,FALSE,0,TRUE,0,FALSE,0,FALSE,FALSE,FALSE,TRUE
400004832466,02/06/2026,05/06/2026,,,C0014826,ΠΕ119756-98088,0323, ,TRUE,TRUE,FALSE,FALSE,TRUE,3,FALSE,0,TRUE,0,FALSE,0,FALSE,TRUE,FALSE,TRUE
400004832465,02/06/2026,,,,C0014826,ΠΕ119756-98088,0331, ,FALSE,FALSE,FALSE,TRUE,FALSE,1,FALSE,0,TRUE,0,FALSE,0,FALSE,FALSE,FALSE,TRUE
400004832464,02/06/2026,,,,C0014826,ΠΕ119756-98088,0903, ,FALSE,FALSE,TRUE,TRUE,FALSE,2,FALSE,0,TRUE,0,FALSE,0,FALSE,FALSE,FALSE,TRUE
400004832463,02/06/2026,03/06/2026,04/06/2026,,C0014826,ΠΕ119756-98088,0612, ,TRUE,FALSE,FALSE,FALSE,TRUE,1,FALSE,0,TRUE,0,TRUE,2,FALSE,TRUE,FALSE,TRUE
400004832462,02/06/2026,03/06/2026,03/06/2026,,C0014826,ΠΕ119756-98088,0307, ,TRUE,TRUE,FALSE,FALSE,TRUE,1,FALSE,0,TRUE,0,TRUE,1,FALSE,TRUE,FALSE,TRUE
400004832461,02/06/2026,03/06/2026,03/06/2026,,C0014826,ΠΕ119756-98088,0612, ,TRUE,FALSE,FALSE,FALSE,TRUE,1,FALSE,0,TRUE,0,TRUE,1,FALSE,TRUE,FALSE,TRUE
400004832460,02/06/2026,,,,C0014826,ΠΕ119756-98088,0307, ,TRUE,FALSE,TRUE,TRUE,FALSE,1,FALSE,0,TRUE,0,FALSE,0,FALSE,FALSE,FALSE,TRUE
400004832459,02/06/2026,03/06/2026,03/06/2026,,C0014826,ΠΕ119756-98088,0612, ,TRUE,FALSE,FALSE,FALSE,TRUE,1,FALSE,0,TRUE,0,TRUE,1,FALSE,TRUE,FALSE,TRUE
400004832458,02/06/2026,05/06/2026,05/06/2026,,C0014826,ΠΕ119756-98088,0308, ,TRUE,FALSE,TRUE,FALSE,TRUE,3,FALSE,0,TRUE,0,TRUE,3,FALSE,TRUE,FALSE,TRUE
400004832457,02/06/2026,03/06/2026,03/06/2026,,C0014826,ΠΕ119756-98088,0912, ,FALSE,FALSE,FALSE,FALSE,TRUE,1,FALSE,0,TRUE,0,TRUE,1,FALSE,TRUE,FALSE,TRUE
400004832456,02/06/2026,03/06/2026,03/06/2026,,C0014826,ΠΕ119756-98088,0713, ,TRUE,FALSE,FALSE,FALSE,TRUE,1,FALSE,0,TRUE,0,TRUE,1,FALSE,TRUE,FALSE,TRUE
400004832455,02/06/2026,03/06/2026,,,C0014826,ΠΕ119756-98088,0903, ,FALSE,FALSE,TRUE,FALSE,TRUE,1,FALSE,0,TRUE,0,FALSE,0,FALSE,TRUE,FALSE,TRUE
400004832454,02/06/2026,04/06/2026,,,C0014826,ΠΕ119756-98088,0133, ,TRUE,FALSE,TRUE,FALSE,TRUE,2,FALSE,0,TRUE,0,FALSE,0,FALSE,TRUE,FALSE,TRUE
400004832453,02/06/2026,,,,C0014826,ΠΕ119756-98088,0906, ,FALSE,FALSE,TRUE,TRUE,FALSE,3,FALSE,0,TRUE,0,FALSE,0,FALSE,FALSE,FALSE,TRUE
400004832452,02/06/2026,03/06/2026,03/06/2026,,C0014826,ΠΕ119756-98088,0141, ,TRUE,FALSE,FALSE,FALSE,TRUE,1,FALSE,0,TRUE,0,TRUE,1,FALSE,TRUE,FALSE,TRUE
400004832451,02/06/2026,04/06/2026,04/06/2026,,C0014826,ΠΕ119756-98088,0917, ,FALSE,FALSE,TRUE,FALSE,TRUE,2,FALSE,0,TRUE,0,TRUE,2,FALSE,TRUE,FALSE,TRUE
400004832450,02/06/2026,04/06/2026,04/06/2026,,C0014826,ΠΕ119756-98088,0853, ,FALSE,TRUE,FALSE,FALSE,TRUE,2,FALSE,0,TRUE,0,TRUE,2,FALSE,TRUE,FALSE,TRUE
400004832449,02/06/2026,05/06/2026,,,C0014826,ΠΕ119756-98088,0323, ,TRUE,TRUE,FALSE,FALSE,TRUE,3,FALSE,0,TRUE,0,FALSE,0,FALSE,TRUE,FALSE,TRUE
400004832448,02/06/2026,03/06/2026,03/06/2026,,C0014826,ΠΕ119756-98088,0214, ,TRUE,FALSE,TRUE,FALSE,TRUE,1,FALSE,0,TRUE,0,TRUE,1,FALSE,TRUE,FALSE,TRUE
400004832447,02/06/2026,03/06/2026,,,C0014826,ΠΕ119756-98088,0305, ,TRUE,FALSE,FALSE,FALSE,TRUE,1,FALSE,0,TRUE,0,FALSE,0,FALSE,TRUE,FALSE,TRUE
400004832446,02/06/2026,05/06/2026,05/06/2026,,C0014826,ΠΕ119756-98088,0304, ,TRUE,TRUE,FALSE,FALSE,TRUE,3,FALSE,0,TRUE,0,TRUE,3,FALSE,TRUE,FALSE,TRUE
400004832445,02/06/2026,03/06/2026,03/06/2026,,C0014826,ΠΕ119756-98088,0213, ,TRUE,FALSE,FALSE,FALSE,TRUE,1,FALSE,0,TRUE,0,TRUE,1,FALSE,TRUE,FALSE,TRUE
400004832444,02/06/2026,03/06/2026,,,C0014826,ΠΕ119756-98088,0202, ,TRUE,FALSE,FALSE,FALSE,TRUE,1,FALSE,0,TRUE,0,FALSE,0,FALSE,TRUE,FALSE,TRUE
400004832443,02/06/2026,,,,C0014826,ΠΕ119756-98088,0131, ,TRUE,FALSE,TRUE,TRUE,FALSE,1,FALSE,0,TRUE,0,FALSE,0,FALSE,FALSE,FALSE,TRUE
400004832442,02/06/2026,03/06/2026,03/06/2026,,C0014826,ΠΕ119756-98088,0309, ,TRUE,FALSE,FALSE,FALSE,TRUE,1,FALSE,0,TRUE,0,TRUE,1,FALSE,TRUE,FALSE,TRUE
400004832441,02/06/2026,03/06/2026,,,C0014826,ΠΕ119756-98088,0505, ,TRUE,FALSE,FALSE,FALSE,TRUE,1,FALSE,0,TRUE,0,FALSE,0,FALSE,TRUE,FALSE,TRUE
400004832440,02/06/2026,05/06/2026,05/06/2026,,C0014826,ΠΕ119756-98088,0853, ,FALSE,TRUE,FALSE,FALSE,TRUE,3,FALSE,0,TRUE,0,TRUE,3,FALSE,TRUE,FALSE,TRUE
400004832439,02/06/2026,03/06/2026,03/06/2026,,C0014826,ΠΕ119756-98088,0712, ,TRUE,FALSE,FALSE,FALSE,TRUE,1,FALSE,0,TRUE,0,TRUE,1,FALSE,TRUE,FALSE,TRUE
400004832438,02/06/2026,05/06/2026,05/06/2026,,C0014826,ΠΕ119756-98088,0906, ,FALSE,FALSE,FALSE,FALSE,TRUE,3,FALSE,0,TRUE,0,TRUE,3,FALSE,TRUE,FALSE,TRUE
400004832437,02/06/2026,04/06/2026,04/06/2026,,C0014826,ΠΕ119756-98088,0854, ,FALSE,FALSE,FALSE,FALSE,TRUE,2,FALSE,0,TRUE,0,TRUE,2,FALSE,TRUE,FALSE,TRUE
400004832436,02/06/2026,,,,C0014826,ΠΕ119756-98088,0643, ,TRUE,TRUE,FALSE,TRUE,FALSE,2,FALSE,0,TRUE,0,FALSE,0,FALSE,FALSE,FALSE,TRUE
400004832435,02/06/2026,03/06/2026,,,C0014826,ΠΕ119756-98088,0631, ,TRUE,FALSE,FALSE,FALSE,TRUE,1,FALSE,0,TRUE,0,FALSE,0,FALSE,TRUE,FALSE,TRUE
400004832434,02/06/2026,,,,C0014826,ΠΕ119756-98088,0903, ,FALSE,FALSE,FALSE,TRUE,FALSE,2,FALSE,0,TRUE,0,FALSE,0,FALSE,FALSE,FALSE,TRUE
400004832433,02/06/2026,03/06/2026,03/06/2026,,C0014826,ΠΕ119756-98088,0632, ,TRUE,TRUE,FALSE,FALSE,TRUE,1,FALSE,0,TRUE,0,TRUE,1,FALSE,TRUE,FALSE,TRUE
400004832432,02/06/2026,04/06/2026,04/06/2026,,C0014826,ΠΕ119756-98088,0323, ,TRUE,TRUE,FALSE,FALSE,TRUE,2,FALSE,0,TRUE,0,TRUE,2,FALSE,TRUE,FALSE,TRUE
400004832431,02/06/2026,03/06/2026,03/06/2026,,C0014826,ΠΕ119756-98088,0151, ,TRUE,FALSE,FALSE,FALSE,TRUE,1,FALSE,0,TRUE,0,TRUE,1,FALSE,TRUE,FALSE,TRUE
400004832430,02/06/2026,04/06/2026,04/06/2026,,C0014826,ΠΕ119756-98088,0308, ,TRUE,FALSE,TRUE,FALSE,TRUE,2,FALSE,0,TRUE,0,TRUE,2,FALSE,TRUE,FALSE,TRUE
400004832429,02/06/2026,,,,C0014826,ΠΕ119756-98088,0851, ,FALSE,FALSE,FALSE,TRUE,FALSE,3,FALSE,0,TRUE,0,FALSE,0,FALSE,FALSE,FALSE,TRUE
400004832428,02/06/2026,03/06/2026,03/06/2026,,C0014826,ΠΕ119756-98088,0304, ,TRUE,TRUE,FALSE,FALSE,TRUE,1,FALSE,0,TRUE,0,TRUE,1,FALSE,TRUE,FALSE,TRUE
400004832427,02/06/2026,04/06/2026,04/06/2026,,C0014826,ΠΕ119756-98088,0623, ,TRUE,FALSE,FALSE,FALSE,TRUE,2,FALSE,0,TRUE,0,TRUE,2,FALSE,TRUE,FALSE,TRUE
400004832426,02/06/2026,03/06/2026,,,C0014826,ΠΕ119756-98088,0152, ,TRUE,FALSE,FALSE,FALSE,TRUE,1,FALSE,0,TRUE,0,FALSE,0,FALSE,TRUE,FALSE,TRUE
400004832425,02/06/2026,,,,C0014826,ΠΕ119756-98088,0901, ,FALSE,FALSE,FALSE,TRUE,FALSE,3,FALSE,0,TRUE,0,FALSE,0,FALSE,FALSE,FALSE,TRUE
400004832424,02/06/2026,04/06/2026,,,C0014826,ΠΕ119756-98088,0133, ,TRUE,FALSE,TRUE,FALSE,TRUE,2,FALSE,0,TRUE,0,FALSE,0,FALSE,TRUE,FALSE,TRUE
400004832423,02/06/2026,04/06/2026,04/06/2026,,C0014826,ΠΕ119756-98088,0312, ,TRUE,FALSE,TRUE,FALSE,TRUE,2,FALSE,0,TRUE,0,TRUE,2,FALSE,TRUE,FALSE,TRUE
400004832422,02/06/2026,03/06/2026,03/06/2026,,C0014826,ΠΕ119756-98088,0701, ,TRUE,FALSE,FALSE,FALSE,TRUE,1,FALSE,0,TRUE,0,TRUE,1,FALSE,TRUE,FALSE,TRUE
400004832421,02/06/2026,03/06/2026,03/06/2026,,C0014826,ΠΕ119756-98088,0203, ,TRUE,FALSE,FALSE,FALSE,TRUE,1,FALSE,0,TRUE,0,TRUE,1,FALSE,TRUE,FALSE,TRUE
400004832420,02/06/2026,,,,C0014826,ΠΕ119756-98088,0912, ,FALSE,FALSE,FALSE,TRUE,FALSE,2,FALSE,0,TRUE,0,FALSE,0,FALSE,FALSE,FALSE,TRUE
400004832419,02/06/2026,05/06/2026,05/06/2026,,C0014826,ΠΕ119756-98088,0853, ,FALSE,TRUE,FALSE,FALSE,TRUE,3,FALSE,0,TRUE,0,TRUE,3,FALSE,TRUE,FALSE,TRUE
400004832418,02/06/2026,03/06/2026,,,C0014826,ΠΕ119756-98088,0307, ,TRUE,FALSE,FALSE,FALSE,TRUE,1,FALSE,0,TRUE,0,FALSE,0,FALSE,TRUE,FALSE,TRUE
400004832417,02/06/2026,05/06/2026,05/06/2026,,C0014826,ΠΕ119756-98088,0873, ,FALSE,TRUE,FALSE,FALSE,TRUE,3,FALSE,0,TRUE,0,TRUE,3,FALSE,TRUE,FALSE,TRUE
400004832416,02/06/2026,03/06/2026,03/06/2026,,C0014826,ΠΕ119756-98088,0305, ,TRUE,FALSE,FALSE,FALSE,TRUE,1,FALSE,0,TRUE,0,TRUE,1,FALSE,TRUE,FALSE,TRUE
400004832415,02/06/2026,03/06/2026,03/06/2026,,C0014826,ΠΕ119756-98088,0502, ,TRUE,FALSE,TRUE,FALSE,TRUE,1,FALSE,0,TRUE,0,TRUE,1,FALSE,TRUE,FALSE,TRUE
400004832414,02/06/2026,,,,C0014826,ΠΕ119756-98088,0851, ,FALSE,FALSE,FALSE,TRUE,FALSE,1,FALSE,0,TRUE,0,FALSE,0,FALSE,FALSE,FALSE,TRUE
400004832413,02/06/2026,,,,C0014826,ΠΕ119756-98088,0866, ,FALSE,TRUE,FALSE,TRUE,FALSE,0,FALSE,0,TRUE,0,FALSE,0,FALSE,FALSE,FALSE,TRUE
400004832412,02/06/2026,05/06/2026,05/06/2026,,C0014826,ΠΕ119756-98088,0142, ,TRUE,FALSE,TRUE,FALSE,TRUE,3,FALSE,0,TRUE,0,TRUE,3,FALSE,TRUE,FALSE,TRUE
400004832411,02/06/2026,04/06/2026,05/06/2026,,C0014826,ΠΕ119756-98088,0858, ,FALSE,FALSE,FALSE,FALSE,TRUE,2,FALSE,0,TRUE,0,TRUE,3,FALSE,TRUE,FALSE,TRUE
400004832410,02/06/2026,04/06/2026,04/06/2026,,C0014826,ΠΕ119756-98088,0854, ,FALSE,FALSE,FALSE,FALSE,TRUE,2,FALSE,0,TRUE,0,TRUE,2,FALSE,TRUE,FALSE,TRUE
400004832409,02/06/2026,03/06/2026,03/06/2026,,C0014826,ΠΕ119756-98088,0911, ,FALSE,TRUE,FALSE,FALSE,TRUE,1,FALSE,0,TRUE,0,TRUE,1,FALSE,TRUE,FALSE,TRUE
400004832408,02/06/2026,03/06/2026,03/06/2026,,C0014826,ΠΕ119756-98088,0503, ,TRUE,FALSE,FALSE,FALSE,TRUE,1,FALSE,0,TRUE,0,TRUE,1,FALSE,TRUE,FALSE,TRUE
400004832407,02/06/2026,03/06/2026,03/06/2026,,C0014826,ΠΕ119756-98088,0636, ,TRUE,FALSE,TRUE,FALSE,TRUE,1,FALSE,0,TRUE,0,TRUE,1,FALSE,TRUE,FALSE,TRUE
400004832406,02/06/2026,03/06/2026,04/06/2026,,C0014826,ΠΕ119756-98088,0141, ,TRUE,FALSE,FALSE,FALSE,TRUE,1,FALSE,0,TRUE,0,TRUE,2,FALSE,TRUE,FALSE,TRUE
400004832405,02/06/2026,03/06/2026,04/06/2026,,C0014826,ΠΕ119756-98088,0905, ,FALSE,FALSE,FALSE,FALSE,TRUE,1,FALSE,0,TRUE,0,TRUE,2,FALSE,TRUE,FALSE,TRUE
400004832404,02/06/2026,,,,C0014826,ΠΕ119756-98088,0851, ,FALSE,FALSE,FALSE,TRUE,FALSE,1,FALSE,0,TRUE,0,FALSE,0,FALSE,FALSE,FALSE,TRUE
400004832403,02/06/2026,,,,C0014826,ΠΕ119756-98088,0332, ,FALSE,TRUE,FALSE,TRUE,FALSE,1,FALSE,0,TRUE,0,FALSE,0,FALSE,FALSE,FALSE,TRUE
400004832402,02/06/2026,04/06/2026,05/06/2026,,C0014826,ΠΕ119756-98088,0859, ,FALSE,FALSE,FALSE,FALSE,TRUE,2,FALSE,0,TRUE,0,TRUE,3,FALSE,TRUE,FALSE,TRUE
400004832400,02/06/2026,03/06/2026,03/06/2026,,C0014826,ΠΕ119756-98088,0905, ,FALSE,FALSE,FALSE,FALSE,TRUE,1,FALSE,0,TRUE,0,TRUE,1,FALSE,TRUE,FALSE,TRUE
400004832399,02/06/2026,03/06/2026,03/06/2026,,C0014826,ΠΕ119756-98088,0332, ,FALSE,FALSE,FALSE,FALSE,TRUE,1,FALSE,0,TRUE,0,TRUE,1,FALSE,TRUE,FALSE,TRUE
400004832398,02/06/2026,03/06/2026,03/06/2026,,C0014826,ΠΕ119756-98088,0861, ,FALSE,FALSE,FALSE,FALSE,TRUE,1,FALSE,0,TRUE,0,TRUE,1,FALSE,TRUE,FALSE,TRUE
400004832397,02/06/2026,03/06/2026,03/06/2026,,C0014826,ΠΕ119756-98088,0323, ,TRUE,FALSE,FALSE,FALSE,TRUE,1,FALSE,0,TRUE,0,TRUE,1,FALSE,TRUE,FALSE,TRUE
400004832396,02/06/2026,05/06/2026,05/06/2026,,C0014826,ΠΕ119756-98088,0911, ,FALSE,FALSE,FALSE,FALSE,TRUE,3,FALSE,0,TRUE,0,TRUE,3,FALSE,TRUE,FALSE,TRUE
400004832395,02/06/2026,,,,C0014826,ΠΕ119756-98088,0912, ,FALSE,FALSE,FALSE,TRUE,FALSE,2,FALSE,0,TRUE,0,FALSE,0,FALSE,FALSE,FALSE,TRUE
400004832394,02/06/2026,04/06/2026,04/06/2026,,C0014826,ΠΕ119756-98088,0608,SKG,TRUE,FALSE,FALSE,FALSE,TRUE,2,FALSE,0,TRUE,0,TRUE,2,FALSE,TRUE,FALSE,TRUE
400004832393,02/06/2026,,,,C0014826,ΠΕ119756-98088,0854, ,FALSE,FALSE,FALSE,TRUE,FALSE,1,FALSE,0,TRUE,0,FALSE,0,FALSE,FALSE,FALSE,TRUE
400004832392,02/06/2026,03/06/2026,03/06/2026,,C0014826,ΠΕ119756-98088,0329, ,TRUE,FALSE,TRUE,FALSE,TRUE,1,FALSE,0,TRUE,0,TRUE,1,FALSE,TRUE,FALSE,TRUE
400004832391,02/06/2026,03/06/2026,03/06/2026,,C0014826,ΠΕ119756-98088,0203, ,TRUE,FALSE,FALSE,FALSE,TRUE,1,FALSE,0,TRUE,0,TRUE,1,FALSE,TRUE,FALSE,TRUE
400004832390,02/06/2026,05/06/2026,05/06/2026,,C0014826,ΠΕ119756-98088,0711, ,TRUE,TRUE,FALSE,FALSE,TRUE,3,FALSE,0,TRUE,0,TRUE,3,FALSE,TRUE,FALSE,TRUE
400004832389,02/06/2026,03/06/2026,03/06/2026,,C0014826,ΠΕ119756-98088,0612, ,TRUE,FALSE,FALSE,FALSE,TRUE,1,FALSE,0,TRUE,0,TRUE,1,FALSE,TRUE,FALSE,TRUE
400004832388,02/06/2026,,,,C0014826,ΠΕ119756-98088,0907, ,FALSE,TRUE,FALSE,TRUE,FALSE,1,FALSE,0,TRUE,0,FALSE,0,FALSE,FALSE,FALSE,TRUE
400004832387,02/06/2026,04/06/2026,05/06/2026,,C0014826,ΠΕ119756-98088,0855, ,FALSE,FALSE,FALSE,FALSE,TRUE,2,FALSE,0,TRUE,0,TRUE,3,FALSE,TRUE,FALSE,TRUE
400004832386,02/06/2026,05/06/2026,05/06/2026,,C0014826,ΠΕ119756-98088,0208, ,TRUE,FALSE,FALSE,FALSE,TRUE,3,FALSE,0,TRUE,0,TRUE,3,FALSE,FALSE,FALSE,TRUE
400004832385,02/06/2026,03/06/2026,03/06/2026,,C0014826,ΠΕ119756-98088,0325, ,TRUE,FALSE,FALSE,FALSE,TRUE,1,FALSE,0,TRUE,0,TRUE,1,FALSE,TRUE,FALSE,TRUE
400004832384,02/06/2026,,,,C0014826,ΠΕ119756-98088,0861, ,FALSE,FALSE,TRUE,TRUE,FALSE,0,FALSE,0,TRUE,0,FALSE,0,FALSE,FALSE,FALSE,TRUE
400004832383,02/06/2026,04/06/2026,04/06/2026,,C0014826,ΠΕ119756-98088,0701, ,TRUE,TRUE,FALSE,FALSE,TRUE,2,FALSE,0,TRUE,0,TRUE,2,FALSE,TRUE,FALSE,TRUE
400004832382,02/06/2026,,,,C0014826,ΠΕ119756-98088,0903, ,FALSE,FALSE,FALSE,TRUE,FALSE,2,FALSE,0,TRUE,0,FALSE,0,FALSE,FALSE,FALSE,TRUE
400004832381,02/06/2026,,,,C0014826,ΠΕ119756-98088,0332, ,FALSE,FALSE,FALSE,TRUE,FALSE,2,FALSE,0,TRUE,0,FALSE,0,FALSE,FALSE,FALSE,TRUE
400004832380,02/06/2026,03/06/2026,03/06/2026,,C0014826,ΠΕ119756-98088,0133, ,TRUE,FALSE,FALSE,FALSE,TRUE,1,FALSE,0,TRUE,0,TRUE,1,FALSE,TRUE,FALSE,TRUE
400004832379,02/06/2026,03/06/2026,03/06/2026,,C0014826,ΠΕ119756-98088,0721, ,TRUE,FALSE,FALSE,FALSE,TRUE,1,FALSE,0,TRUE,0,TRUE,1,FALSE,TRUE,FALSE,TRUE
400004832378,02/06/2026,04/06/2026,04/06/2026,,C0014826,ΠΕ119756-98088,0323, ,TRUE,TRUE,FALSE,FALSE,TRUE,2,FALSE,0,TRUE,0,TRUE,2,FALSE,TRUE,FALSE,TRUE
400004832377,02/06/2026,03/06/2026,,,C0014826,ΠΕ119756-98088,0307, ,TRUE,FALSE,FALSE,FALSE,TRUE,1,FALSE,0,TRUE,0,FALSE,0,FALSE,TRUE,FALSE,TRUE
400004832376,02/06/2026,03/06/2026,03/06/2026,,C0014826,ΠΕ119756-98088,0713, ,TRUE,FALSE,FALSE,FALSE,TRUE,1,FALSE,0,TRUE,0,TRUE,1,FALSE,TRUE,FALSE,TRUE
400004832375,02/06/2026,03/06/2026,03/06/2026,,C0014826,ΠΕ119756-98088,0211, ,TRUE,FALSE,FALSE,FALSE,TRUE,1,FALSE,0,TRUE,0,TRUE,1,FALSE,TRUE,FALSE,TRUE
400004832374,02/06/2026,,,,C0014826,ΠΕ119756-98088,0514, ,FALSE,TRUE,FALSE,TRUE,FALSE,1,FALSE,0,TRUE,0,FALSE,0,FALSE,FALSE,FALSE,TRUE
400004832373,02/06/2026,03/06/2026,03/06/2026,,C0014826,ΠΕ119756-98088,0873, ,FALSE,FALSE,FALSE,FALSE,TRUE,1,FALSE,0,TRUE,0,TRUE,1,FALSE,TRUE,FALSE,TRUE
400004832372,02/06/2026,03/06/2026,03/06/2026,,C0014826,ΠΕ119756-98088,0141, ,TRUE,FALSE,FALSE,FALSE,TRUE,1,FALSE,0,TRUE,0,TRUE,1,FALSE,TRUE,FALSE,TRUE
400004832371,02/06/2026,03/06/2026,03/06/2026,,C0014826,ΠΕ119756-98088,0311, ,TRUE,FALSE,TRUE,FALSE,TRUE,1,FALSE,0,TRUE,0,TRUE,1,FALSE,TRUE,FALSE,TRUE
400004832370,02/06/2026,05/06/2026,05/06/2026,,C0014826,ΠΕ119756-98088,0721, ,TRUE,FALSE,FALSE,FALSE,TRUE,3,FALSE,0,TRUE,0,TRUE,3,FALSE,FALSE,FALSE,TRUE
400004832369,02/06/2026,03/06/2026,03/06/2026,,C0014826,ΠΕ119756-98088,0133, ,TRUE,FALSE,TRUE,FALSE,TRUE,1,FALSE,0,TRUE,0,TRUE,1,FALSE,TRUE,FALSE,TRUE
400004832368,02/06/2026,03/06/2026,03/06/2026,,C0014826,ΠΕ119756-98088,0621, ,TRUE,FALSE,FALSE,FALSE,TRUE,1,FALSE,0,TRUE,0,TRUE,1,FALSE,TRUE,FALSE,TRUE
400004832367,02/06/2026,03/06/2026,03/06/2026,,C0014826,ΠΕ119756-98088,0623, ,TRUE,FALSE,FALSE,FALSE,TRUE,1,FALSE,0,TRUE,0,TRUE,1,FALSE,TRUE,FALSE,TRUE
400004832366,02/06/2026,04/06/2026,,,C0014826,ΠΕ119756-98088,0331, ,FALSE,TRUE,FALSE,FALSE,TRUE,2,FALSE,0,TRUE,0,FALSE,0,FALSE,TRUE,FALSE,TRUE
400004832365,02/06/2026,03/06/2026,03/06/2026,,C0014826,ΠΕ119756-98088,0712, ,TRUE,FALSE,FALSE,FALSE,TRUE,1,FALSE,0,TRUE,0,TRUE,1,FALSE,TRUE,FALSE,TRUE
400004832364,02/06/2026,,,,C0014826,ΠΕ119756-98088,0133, ,TRUE,TRUE,FALSE,TRUE,FALSE,2,FALSE,0,TRUE,0,FALSE,0,FALSE,FALSE,FALSE,TRUE
400004832363,02/06/2026,03/06/2026,04/06/2026,,C0014826,ΠΕ119756-98088,0305, ,TRUE,FALSE,FALSE,FALSE,TRUE,1,FALSE,0,TRUE,0,TRUE,2,FALSE,TRUE,FALSE,TRUE
400004832362,02/06/2026,04/06/2026,04/06/2026,,C0014826,ΠΕ119756-98088,0711, ,TRUE,FALSE,TRUE,FALSE,TRUE,2,FALSE,0,TRUE,0,TRUE,2,FALSE,TRUE,FALSE,TRUE
400004832361,02/06/2026,,,,C0014826,ΠΕ119756-98088,0711, ,TRUE,FALSE,TRUE,TRUE,FALSE,2,FALSE,0,TRUE,0,FALSE,0,FALSE,FALSE,FALSE,TRUE
400004832360,02/06/2026,03/06/2026,03/06/2026,,C0014826,ΠΕ119756-98088,0622, ,TRUE,FALSE,FALSE,FALSE,TRUE,1,FALSE,0,TRUE,0,TRUE,1,FALSE,TRUE,FALSE,TRUE
400004832359,02/06/2026,05/06/2026,,,C0014826,ΠΕ119756-98088,0913, ,FALSE,FALSE,TRUE,FALSE,TRUE,3,FALSE,0,TRUE,0,FALSE,0,FALSE,TRUE,FALSE,TRUE
400004832358,02/06/2026,03/06/2026,03/06/2026,,C0014826,ΠΕ119756-98088,0611, ,TRUE,FALSE,FALSE,FALSE,TRUE,1,FALSE,0,TRUE,0,TRUE,1,FALSE,TRUE,FALSE,TRUE
400004832357,02/06/2026,03/06/2026,,,C0014826,ΠΕ119756-98088,0304, ,TRUE,TRUE,FALSE,FALSE,TRUE,1,FALSE,0,TRUE,0,FALSE,0,FALSE,TRUE,FALSE,TRUE
400004832356,02/06/2026,,,,C0014826,ΠΕ119756-98088,0141, ,TRUE,TRUE,FALSE,TRUE,FALSE,1,FALSE,0,TRUE,0,FALSE,0,FALSE,FALSE,FALSE,TRUE
400004832355,02/06/2026,04/06/2026,04/06/2026,,C0014826,ΠΕ119756-98088,0855, ,FALSE,FALSE,FALSE,FALSE,TRUE,2,FALSE,0,TRUE,0,TRUE,2,FALSE,TRUE,FALSE,TRUE
400004832354,02/06/2026,03/06/2026,,,C0014826,ΠΕ119756-98088,0711, ,TRUE,TRUE,FALSE,FALSE,TRUE,1,FALSE,0,TRUE,0,FALSE,0,FALSE,TRUE,FALSE,TRUE
400004832353,02/06/2026,04/06/2026,04/06/2026,,C0014826,ΠΕ119756-98088,0305, ,TRUE,FALSE,FALSE,FALSE,TRUE,2,FALSE,0,TRUE,0,TRUE,2,FALSE,TRUE,FALSE,TRUE
400004832352,02/06/2026,05/06/2026,05/06/2026,,C0014826,ΠΕ119756-98088,0323, ,TRUE,TRUE,FALSE,FALSE,TRUE,3,FALSE,0,TRUE,0,TRUE,3,FALSE,TRUE,FALSE,TRUE
400004832351,02/06/2026,03/06/2026,04/06/2026,,C0014826,ΠΕ119756-98088,0307, ,TRUE,FALSE,FALSE,FALSE,TRUE,1,FALSE,0,TRUE,0,TRUE,2,FALSE,TRUE,FALSE,TRUE
400004832350,02/06/2026,03/06/2026,03/06/2026,,C0014826,ΠΕ119756-98088,0304, ,TRUE,TRUE,FALSE,FALSE,TRUE,1,FALSE,0,TRUE,0,TRUE,1,FALSE,TRUE,FALSE,TRUE
400004832349,02/06/2026,,,,C0014826,ΠΕ119756-98088,0851, ,FALSE,FALSE,FALSE,TRUE,FALSE,1,FALSE,0,TRUE,0,FALSE,0,FALSE,FALSE,FALSE,TRUE
400004832348,02/06/2026,03/06/2026,04/06/2026,,C0014826,ΠΕ119756-98088,0141, ,TRUE,FALSE,FALSE,FALSE,TRUE,1,FALSE,0,TRUE,0,TRUE,2,FALSE,TRUE,FALSE,TRUE
400004832347,02/06/2026,,,,C0014826,ΠΕ119756-98088,0917, ,FALSE,FALSE,TRUE,TRUE,FALSE,3,FALSE,0,TRUE,0,FALSE,0,FALSE,FALSE,FALSE,TRUE
400004832345,02/06/2026,03/06/2026,04/06/2026,,C0014826,ΠΕ119756-98088,0316, ,TRUE,FALSE,TRUE,FALSE,TRUE,1,FALSE,0,TRUE,0,TRUE,2,FALSE,TRUE,FALSE,TRUE
400004832344,02/06/2026,05/06/2026,05/06/2026,,C0014826,ΠΕ119756-98088,0855, ,FALSE,FALSE,FALSE,FALSE,TRUE,3,FALSE,0,TRUE,0,TRUE,3,FALSE,TRUE,FALSE,TRUE
400004832343,02/06/2026,03/06/2026,03/06/2026,,C0014826,ΠΕ119756-98088,0636, ,TRUE,TRUE,FALSE,FALSE,TRUE,1,FALSE,0,TRUE,0,TRUE,1,FALSE,TRUE,FALSE,TRUE
400004832342,02/06/2026,05/06/2026,05/06/2026,,C0014826,ΠΕ119756-98088,0873, ,FALSE,FALSE,FALSE,FALSE,TRUE,3,FALSE,0,TRUE,0,TRUE,3,FALSE,TRUE,FALSE,TRUE
400004832341,02/06/2026,03/06/2026,03/06/2026,,C0014826,ΠΕ119756-98088,0202, ,TRUE,FALSE,FALSE,FALSE,TRUE,1,FALSE,0,TRUE,0,TRUE,1,FALSE,TRUE,FALSE,TRUE
400004832340,02/06/2026,,,,C0014826,ΠΕ119756-98088,0901, ,FALSE,FALSE,FALSE,TRUE,FALSE,1,FALSE,0,TRUE,0,FALSE,0,FALSE,FALSE,FALSE,TRUE
400004832339,02/06/2026,04/06/2026,04/06/2026,,C0014826,ΠΕ119756-98088,0903, ,FALSE,FALSE,FALSE,FALSE,TRUE,2,FALSE,0,TRUE,0,TRUE,2,FALSE,TRUE,FALSE,TRUE
400004832338,02/06/2026,04/06/2026,04/06/2026,,C0014826,ΠΕ119756-98088,0637, ,TRUE,FALSE,FALSE,FALSE,TRUE,2,FALSE,0,TRUE,0,TRUE,2,FALSE,TRUE,FALSE,TRUE
400004832337,02/06/2026,,,,C0014826,ΠΕ119756-98088,0851, ,FALSE,FALSE,FALSE,TRUE,FALSE,1,FALSE,0,TRUE,0,FALSE,0,FALSE,FALSE,FALSE,TRUE
400004832336,02/06/2026,05/06/2026,05/06/2026,,C0014826,ΠΕ119756-98088,0713, ,TRUE,FALSE,FALSE,FALSE,TRUE,3,FALSE,0,TRUE,0,TRUE,3,FALSE,FALSE,FALSE,TRUE
400004832335,02/06/2026,,,,C0014826,ΠΕ119756-98088,0133, ,TRUE,TRUE,FALSE,TRUE,FALSE,2,FALSE,0,TRUE,0,FALSE,0,FALSE,FALSE,FALSE,TRUE
400004832334,02/06/2026,03/06/2026,03/06/2026,,C0014826,ΠΕ119756-98088,0151, ,TRUE,FALSE,FALSE,FALSE,TRUE,1,FALSE,0,TRUE,0,TRUE,1,FALSE,TRUE,FALSE,TRUE
400004832333,02/06/2026,03/06/2026,03/06/2026,,C0014826,ΠΕ119756-98088,0861, ,FALSE,FALSE,FALSE,FALSE,TRUE,1,FALSE,0,TRUE,0,TRUE,1,FALSE,TRUE,FALSE,TRUE
400004832332,02/06/2026,03/06/2026,03/06/2026,,C0014826,ΠΕ119756-98088,0611, ,TRUE,FALSE,FALSE,FALSE,TRUE,1,FALSE,0,TRUE,0,TRUE,1,FALSE,TRUE,FALSE,TRUE
400004832331,02/06/2026,05/06/2026,05/06/2026,,C0014826,ΠΕ119756-98088,0853, ,FALSE,TRUE,FALSE,FALSE,TRUE,3,FALSE,0,TRUE,0,TRUE,3,FALSE,TRUE,FALSE,TRUE
400004832330,02/06/2026,,,,C0014826,ΠΕ119756-98088,0851, ,FALSE,FALSE,FALSE,TRUE,FALSE,1,FALSE,0,TRUE,0,FALSE,0,FALSE,FALSE,FALSE,TRUE
400004832329,02/06/2026,04/06/2026,04/06/2026,,C0014826,ΠΕ119756-98088,0304, ,TRUE,TRUE,FALSE,FALSE,TRUE,2,FALSE,0,TRUE,0,TRUE,2,FALSE,TRUE,FALSE,TRUE
400004832328,02/06/2026,03/06/2026,03/06/2026,,C0014826,ΠΕ119756-98088,0860, ,FALSE,FALSE,FALSE,FALSE,TRUE,1,FALSE,0,TRUE,0,TRUE,1,FALSE,TRUE,FALSE,TRUE
400004832327,02/06/2026,05/06/2026,05/06/2026,,C0014826,ΠΕ119756-98088,0906, ,FALSE,FALSE,FALSE,FALSE,TRUE,3,FALSE,0,TRUE,0,TRUE,3,FALSE,TRUE,FALSE,TRUE
400004832326,02/06/2026,03/06/2026,03/06/2026,,C0014826,ΠΕ119756-98088,0711, ,TRUE,FALSE,FALSE,FALSE,TRUE,1,FALSE,0,TRUE,0,TRUE,1,FALSE,TRUE,FALSE,TRUE
400004832325,02/06/2026,04/06/2026,04/06/2026,,C0014826,ΠΕ119756-98088,0912, ,FALSE,FALSE,FALSE,FALSE,TRUE,2,FALSE,0,TRUE,0,TRUE,2,FALSE,TRUE,FALSE,TRUE
400004832324,02/06/2026,03/06/2026,03/06/2026,,C0014826,ΠΕ119756-98088,0325, ,TRUE,FALSE,FALSE,FALSE,TRUE,1,FALSE,0,TRUE,0,TRUE,1,FALSE,TRUE,FALSE,TRUE
400004832323,02/06/2026,04/06/2026,04/06/2026,,C0014826,ΠΕ119756-98088,0852, ,FALSE,FALSE,FALSE,FALSE,TRUE,2,FALSE,0,TRUE,0,TRUE,2,FALSE,TRUE,FALSE,TRUE
400004832322,02/06/2026,04/06/2026,05/06/2026,,C0014826,ΠΕ119756-98088,0902, ,FALSE,FALSE,FALSE,FALSE,TRUE,2,FALSE,0,TRUE,0,TRUE,3,FALSE,TRUE,FALSE,TRUE
400004832321,02/06/2026,03/06/2026,,04/06/2026,C0014826,ΠΕ119756-98088,0636, ,TRUE,FALSE,TRUE,FALSE,TRUE,1,TRUE,2,TRUE,0,FALSE,0,FALSE,TRUE,TRUE,TRUE
400004832320,02/06/2026,03/06/2026,03/06/2026,,C0014826,ΠΕ119756-98088,0152, ,TRUE,FALSE,FALSE,FALSE,TRUE,1,FALSE,0,TRUE,0,TRUE,1,FALSE,TRUE,FALSE,TRUE
400004832319,02/06/2026,03/06/2026,03/06/2026,,C0014826,ΠΕ119756-98088,0131, ,TRUE,TRUE,FALSE,FALSE,TRUE,1,FALSE,0,TRUE,0,TRUE,1,FALSE,TRUE,FALSE,TRUE
400004832318,02/06/2026,04/06/2026,04/06/2026,,C0014826,ΠΕ119756-98088,0333, ,FALSE,FALSE,TRUE,FALSE,TRUE,2,FALSE,0,TRUE,0,TRUE,2,FALSE,TRUE,FALSE,TRUE
400004832317,02/06/2026,04/06/2026,,,C0014826,ΠΕ119756-98088,0302, ,TRUE,FALSE,FALSE,FALSE,TRUE,2,FALSE,0,TRUE,0,FALSE,0,FALSE,TRUE,FALSE,TRUE
400004832316,02/06/2026,03/06/2026,03/06/2026,,C0014826,ΠΕ119756-98088,0202, ,TRUE,FALSE,FALSE,FALSE,TRUE,1,FALSE,0,TRUE,0,TRUE,1,FALSE,TRUE,FALSE,TRUE
400004832315,02/06/2026,03/06/2026,,,C0014826,ΠΕ119756-98088,0863, ,FALSE,FALSE,FALSE,FALSE,TRUE,1,FALSE,0,TRUE,0,FALSE,0,FALSE,TRUE,FALSE,TRUE
400004832314,02/06/2026,03/06/2026,04/06/2026,,C0014826,ΠΕ119756-98088,0305, ,TRUE,FALSE,FALSE,FALSE,TRUE,1,FALSE,0,TRUE,0,TRUE,2,FALSE,TRUE,FALSE,TRUE
400004832313,02/06/2026,03/06/2026,03/06/2026,,C0014826,ΠΕ119756-98088,0331, ,FALSE,TRUE,FALSE,FALSE,TRUE,1,FALSE,0,TRUE,0,TRUE,1,FALSE,TRUE,FALSE,TRUE
400004832312,02/06/2026,03/06/2026,04/06/2026,,C0014826,ΠΕ119756-98088,0203, ,TRUE,FALSE,FALSE,FALSE,TRUE,1,FALSE,0,TRUE,0,TRUE,2,FALSE,TRUE,FALSE,TRUE
400004832311,02/06/2026,03/06/2026,03/06/2026,,C0014826,ΠΕ119756-98088,0141, ,TRUE,FALSE,FALSE,FALSE,TRUE,1,FALSE,0,TRUE,0,TRUE,1,FALSE,TRUE,FALSE,TRUE
400004832310,02/06/2026,03/06/2026,03/06/2026,,C0014826,ΠΕ119756-98088,0635, ,TRUE,FALSE,FALSE,FALSE,TRUE,1,FALSE,0,TRUE,0,TRUE,1,FALSE,TRUE,FALSE,TRUE
400004832309,02/06/2026,03/06/2026,03/06/2026,,C0014826,ΠΕ119756-98088,0713, ,TRUE,FALSE,FALSE,FALSE,TRUE,1,FALSE,0,TRUE,0,TRUE,1,FALSE,TRUE,FALSE,TRUE
400004832308,02/06/2026,03/06/2026,03/06/2026,,C0014826,ΠΕ119756-98088,0864, ,FALSE,FALSE,FALSE,FALSE,TRUE,1,FALSE,0,TRUE,0,TRUE,1,FALSE,TRUE,FALSE,TRUE
400004832307,02/06/2026,04/06/2026,04/06/2026,,C0014826,ΠΕ119756-98088,0714, ,TRUE,FALSE,FALSE,FALSE,TRUE,2,FALSE,0,TRUE,0,TRUE,2,FALSE,TRUE,FALSE,TRUE
400004832306,02/06/2026,,,,C0014826,ΠΕ119756-98088,0907, ,FALSE,TRUE,FALSE,TRUE,FALSE,1,FALSE,0,TRUE,0,FALSE,0,FALSE,FALSE,FALSE,TRUE
400004832305,02/06/2026,03/06/2026,03/06/2026,,C0014826,ΠΕ119756-98088,0613, ,TRUE,FALSE,TRUE,FALSE,TRUE,1,FALSE,0,TRUE,0,TRUE,1,FALSE,TRUE,FALSE,TRUE
400004832304,02/06/2026,04/06/2026,04/06/2026,,C0014826,ΠΕ119756-98088,0333, ,FALSE,FALSE,TRUE,FALSE,TRUE,2,FALSE,0,TRUE,0,TRUE,2,FALSE,TRUE,FALSE,TRUE
400004832303,02/06/2026,03/06/2026,03/06/2026,,C0014826,ΠΕ119756-98088,0622, ,TRUE,FALSE,FALSE,FALSE,TRUE,1,FALSE,0,TRUE,0,TRUE,1,FALSE,TRUE,FALSE,TRUE
400004832302,02/06/2026,03/06/2026,04/06/2026,,C0014826,ΠΕ119756-98088,0304, ,TRUE,TRUE,FALSE,FALSE,TRUE,1,FALSE,0,TRUE,0,TRUE,2,FALSE,TRUE,FALSE,TRUE
400004832301,02/06/2026,,,,C0014826,ΠΕ119756-98088,0901, ,FALSE,FALSE,FALSE,TRUE,FALSE,1,FALSE,0,TRUE,0,FALSE,0,FALSE,FALSE,FALSE,TRUE
400004832300,02/06/2026,03/06/2026,03/06/2026,,C0014826,ΠΕ119756-98088,0304, ,TRUE,TRUE,FALSE,FALSE,TRUE,1,FALSE,0,TRUE,0,TRUE,1,FALSE,TRUE,FALSE,TRUE
400004832299,02/06/2026,05/06/2026,05/06/2026,,C0014826,ΠΕ119756-98088,0906, ,FALSE,FALSE,FALSE,FALSE,TRUE,3,FALSE,0,TRUE,0,TRUE,3,FALSE,TRUE,FALSE,TRUE
400004832298,02/06/2026,03/06/2026,03/06/2026,,C0014826,ΠΕ119756-98088,0622, ,TRUE,FALSE,FALSE,FALSE,TRUE,1,FALSE,0,TRUE,0,TRUE,1,FALSE,TRUE,FALSE,TRUE
400004832297,02/06/2026,,,,C0014826,ΠΕ119756-98088,0907, ,FALSE,FALSE,FALSE,TRUE,FALSE,1,FALSE,0,TRUE,0,FALSE,0,FALSE,FALSE,FALSE,TRUE
400004832296,02/06/2026,03/06/2026,03/06/2026,,C0014826,ΠΕ119756-98088,0628,SKG,TRUE,FALSE,FALSE,FALSE,TRUE,1,FALSE,0,TRUE,0,TRUE,1,FALSE,TRUE,FALSE,TRUE
400004832295,02/06/2026,,,,C0014826,ΠΕ119756-98088,0851, ,FALSE,FALSE,FALSE,TRUE,FALSE,1,FALSE,0,TRUE,0,FALSE,0,FALSE,FALSE,FALSE,TRUE
400004832294,02/06/2026,,,,C0014826,ΠΕ119756-98088,0854, ,FALSE,FALSE,FALSE,TRUE,FALSE,1,FALSE,0,TRUE,0,FALSE,0,FALSE,FALSE,FALSE,TRUE
400004832293,02/06/2026,04/06/2026,,,C0014826,ΠΕ119756-98088,0637, ,TRUE,FALSE,FALSE,FALSE,TRUE,2,FALSE,0,TRUE,0,FALSE,0,FALSE,TRUE,FALSE,TRUE
400004832292,02/06/2026,04/06/2026,04/06/2026,,C0014826,ΠΕ119756-98088,0854, ,FALSE,FALSE,FALSE,FALSE,TRUE,2,FALSE,0,TRUE,0,TRUE,2,FALSE,TRUE,FALSE,TRUE
400004832291,02/06/2026,03/06/2026,03/06/2026,,C0014826,ΠΕ119756-98088,0304, ,TRUE,TRUE,FALSE,FALSE,TRUE,1,FALSE,0,TRUE,0,TRUE,1,FALSE,TRUE,FALSE,TRUE
400004832290,02/06/2026,03/06/2026,03/06/2026,,C0014826,ΠΕ119756-98088,0503, ,TRUE,FALSE,FALSE,FALSE,TRUE,1,FALSE,0,TRUE,0,TRUE,1,FALSE,TRUE,FALSE,TRUE
400004832289,02/06/2026,04/06/2026,04/06/2026,,C0014826,ΠΕ119756-98088,0904, ,FALSE,FALSE,FALSE,FALSE,TRUE,2,FALSE,0,TRUE,0,TRUE,2,FALSE,TRUE,FALSE,TRUE
400004832288,02/06/2026,05/06/2026,05/06/2026,,C0014826,ΠΕ119756-98088,0851, ,FALSE,FALSE,FALSE,FALSE,TRUE,3,FALSE,0,TRUE,0,TRUE,3,FALSE,TRUE,FALSE,TRUE
400004832287,02/06/2026,04/06/2026,04/06/2026,,C0014826,ΠΕ119756-98088,0855, ,FALSE,FALSE,FALSE,FALSE,TRUE,2,FALSE,0,TRUE,0,TRUE,2,FALSE,TRUE,FALSE,TRUE
400004832286,02/06/2026,03/06/2026,03/06/2026,,C0014826,ΠΕ119756-98088,0214, ,TRUE,TRUE,FALSE,FALSE,TRUE,1,FALSE,0,TRUE,0,TRUE,1,FALSE,TRUE,FALSE,TRUE
400004832285,02/06/2026,04/06/2026,04/06/2026,,C0014826,ΠΕ119756-98088,0133, ,TRUE,FALSE,FALSE,FALSE,TRUE,2,FALSE,0,TRUE,0,TRUE,2,FALSE,TRUE,FALSE,TRUE
400004832284,02/06/2026,,,,C0014826,ΠΕ119756-98088,0332, ,FALSE,FALSE,TRUE,TRUE,FALSE,1,FALSE,0,TRUE,0,FALSE,0,FALSE,FALSE,FALSE,TRUE
400004832283,02/06/2026,,,,C0014826,ΠΕ119756-98088,0866, ,FALSE,TRUE,FALSE,TRUE,FALSE,0,FALSE,0,TRUE,0,FALSE,0,FALSE,FALSE,FALSE,TRUE
400004832282,02/06/2026,03/06/2026,03/06/2026,,C0014826,ΠΕ119756-98088,0636, ,TRUE,TRUE,FALSE,FALSE,TRUE,1,FALSE,0,TRUE,0,TRUE,1,FALSE,TRUE,FALSE,TRUE
400004832281,02/06/2026,04/06/2026,04/06/2026,,C0014826,ΠΕ119756-98088,0854, ,FALSE,FALSE,FALSE,FALSE,TRUE,2,FALSE,0,TRUE,0,TRUE,2,FALSE,TRUE,FALSE,TRUE
400004832280,02/06/2026,04/06/2026,04/06/2026,,C0014826,ΠΕ119756-98088,0333, ,FALSE,FALSE,TRUE,FALSE,TRUE,2,FALSE,0,TRUE,0,TRUE,2,FALSE,TRUE,FALSE,TRUE
400004832279,02/06/2026,,,,C0014826,ΠΕ119756-98088,0917, ,FALSE,TRUE,FALSE,TRUE,FALSE,3,FALSE,0,TRUE,0,FALSE,0,FALSE,FALSE,FALSE,TRUE
400004832278,02/06/2026,03/06/2026,03/06/2026,,C0014826,ΠΕ119756-98088,0307, ,TRUE,FALSE,TRUE,FALSE,TRUE,1,FALSE,0,TRUE,0,TRUE,1,FALSE,TRUE,FALSE,TRUE
400004832277,02/06/2026,,,,C0014826,ΠΕ119756-98088,0325, ,TRUE,FALSE,FALSE,TRUE,FALSE,1,FALSE,0,TRUE,0,FALSE,0,FALSE,FALSE,FALSE,TRUE
400004832276,02/06/2026,05/06/2026,05/06/2026,,C0014826,ΠΕ119756-98088,0914, ,FALSE,FALSE,FALSE,FALSE,TRUE,3,FALSE,0,TRUE,0,TRUE,3,FALSE,TRUE,FALSE,TRUE
400004832275,02/06/2026,03/06/2026,03/06/2026,,C0014826,ΠΕ119756-98088,0873, ,FALSE,FALSE,FALSE,FALSE,TRUE,1,FALSE,0,TRUE,0,TRUE,1,FALSE,TRUE,FALSE,TRUE
400004832274,02/06/2026,04/06/2026,04/06/2026,,C0014826,ΠΕ119756-98088,0307, ,TRUE,FALSE,TRUE,FALSE,TRUE,2,FALSE,0,TRUE,0,TRUE,2,FALSE,TRUE,FALSE,TRUE
400004832272,02/06/2026,05/06/2026,05/06/2026,,C0014826,ΠΕ119756-98088,0906, ,FALSE,FALSE,FALSE,FALSE,TRUE,3,FALSE,0,TRUE,0,TRUE,3,FALSE,TRUE,FALSE,TRUE
400004832271,02/06/2026,,,,C0014826,ΠΕ119756-98088,0903, ,FALSE,FALSE,FALSE,TRUE,FALSE,2,FALSE,0,TRUE,0,FALSE,0,FALSE,FALSE,FALSE,TRUE
400004832270,02/06/2026,04/06/2026,,,C0014826,ΠΕ119756-98088,0854, ,FALSE,FALSE,FALSE,FALSE,TRUE,2,FALSE,0,TRUE,0,FALSE,0,FALSE,TRUE,FALSE,TRUE
400004832269,02/06/2026,03/06/2026,03/06/2026,,C0014826,ΠΕ119756-98088,0309, ,TRUE,FALSE,FALSE,FALSE,TRUE,1,FALSE,0,TRUE,0,TRUE,1,FALSE,TRUE,FALSE,TRUE
400004832268,02/06/2026,05/06/2026,,,C0014826,ΠΕ119756-98088,0323, ,TRUE,TRUE,FALSE,FALSE,TRUE,3,FALSE,0,TRUE,0,FALSE,0,FALSE,TRUE,FALSE,TRUE
400004832267,02/06/2026,03/06/2026,03/06/2026,,C0014826,ΠΕ119756-98088,0608,SKG,TRUE,FALSE,FALSE,FALSE,TRUE,1,FALSE,0,TRUE,0,TRUE,1,FALSE,TRUE,FALSE,TRUE
400004832266,02/06/2026,04/06/2026,04/06/2026,,C0014826,ΠΕ119756-98088,0852, ,FALSE,FALSE,FALSE,FALSE,TRUE,2,FALSE,0,TRUE,0,TRUE,2,FALSE,TRUE,FALSE,TRUE
400004832265,02/06/2026,04/06/2026,04/06/2026,,C0014826,ΠΕ119756-98088,0871, ,FALSE,FALSE,FALSE,FALSE,TRUE,2,FALSE,0,TRUE,0,TRUE,2,FALSE,TRUE,FALSE,TRUE
400004832264,02/06/2026,,,,C0014826,ΠΕ119756-98088,0851, ,FALSE,FALSE,FALSE,TRUE,FALSE,1,FALSE,0,TRUE,0,FALSE,0,FALSE,FALSE,FALSE,TRUE
400004832263,02/06/2026,04/06/2026,,,C0014826,ΠΕ119756-98088,0325, ,TRUE,FALSE,FALSE,FALSE,TRUE,2,FALSE,0,TRUE,0,FALSE,0,FALSE,TRUE,FALSE,TRUE
400004832262,02/06/2026,03/06/2026,04/06/2026,,C0014826,ΠΕ119756-98088,0141, ,TRUE,FALSE,FALSE,FALSE,TRUE,1,FALSE,0,TRUE,0,TRUE,2,FALSE,TRUE,FALSE,TRUE
160000404314,02/06/2026,04/06/2026,05/06/2026,,C0014826,ΠΕ119756-98088,0855, ,FALSE,FALSE,FALSE,FALSE,TRUE,2,FALSE,0,TRUE,0,TRUE,3,FALSE,TRUE,FALSE,TRUE
160000404312,02/06/2026,04/06/2026,04/06/2026,,C0014826,ΠΕ119756-98088,0904, ,FALSE,FALSE,FALSE,FALSE,TRUE,2,FALSE,0,TRUE,0,TRUE,2,FALSE,TRUE,FALSE,TRUE
160000404311,02/06/2026,04/06/2026,04/06/2026,,C0014826,ΠΕ119756-98088,0854, ,FALSE,FALSE,FALSE,FALSE,TRUE,2,FALSE,0,TRUE,0,TRUE,2,FALSE,TRUE,FALSE,TRUE
160000404306,02/06/2026,04/06/2026,04/06/2026,,C0014826,ΠΕ119756-98088,0852, ,FALSE,FALSE,FALSE,FALSE,TRUE,2,FALSE,0,TRUE,0,TRUE,2,FALSE,TRUE,FALSE,TRUE
160000404305,02/06/2026,03/06/2026,,,C0014826,ΠΕ119756-98088,0903, ,FALSE,FALSE,TRUE,FALSE,TRUE,1,FALSE,0,TRUE,0,FALSE,0,FALSE,TRUE,FALSE,TRUE
160000404303,02/06/2026,,,,C0014826,ΠΕ119756-98088,0133, ,TRUE,TRUE,FALSE,TRUE,FALSE,2,FALSE,0,TRUE,0,FALSE,0,FALSE,FALSE,FALSE,TRUE
160000404302,02/06/2026,03/06/2026,03/06/2026,,C0014826,ΠΕ119756-98088,0304, ,TRUE,TRUE,FALSE,FALSE,TRUE,1,FALSE,0,TRUE,0,TRUE,1,FALSE,TRUE,FALSE,TRUE
160000404301,02/06/2026,03/06/2026,03/06/2026,,C0014826,ΠΕ119756-98088,0304, ,TRUE,TRUE,FALSE,FALSE,TRUE,1,FALSE,0,TRUE,0,TRUE,1,FALSE,TRUE,FALSE,TRUE
160000404299,02/06/2026,04/06/2026,04/06/2026,,C0014826,ΠΕ119756-98088,0855, ,FALSE,FALSE,FALSE,FALSE,TRUE,2,FALSE,0,TRUE,0,TRUE,2,FALSE,TRUE,FALSE,TRUE
160000404298,02/06/2026,05/06/2026,05/06/2026,,C0014826,ΠΕ119756-98088,0323, ,TRUE,TRUE,FALSE,FALSE,TRUE,3,FALSE,0,TRUE,0,TRUE,3,FALSE,TRUE,FALSE,TRUE
160000404297,02/06/2026,03/06/2026,,,C0014826,ΠΕ119756-98088,0863, ,FALSE,FALSE,FALSE,FALSE,TRUE,1,FALSE,0,TRUE,0,FALSE,0,FALSE,TRUE,FALSE,TRUE
160000404295,02/06/2026,03/06/2026,03/06/2026,,C0014826,ΠΕ119756-98088,0864, ,FALSE,FALSE,FALSE,FALSE,TRUE,1,FALSE,0,TRUE,0,TRUE,1,FALSE,TRUE,FALSE,TRUE
160000404294,02/06/2026,03/06/2026,03/06/2026,,C0014826,ΠΕ119756-98088,0151, ,TRUE,FALSE,FALSE,FALSE,TRUE,1,FALSE,0,TRUE,0,TRUE,1,FALSE,TRUE,FALSE,TRUE
160000404293,02/06/2026,,,,C0014826,ΠΕ119756-98088,0851, ,FALSE,FALSE,FALSE,TRUE,FALSE,1,FALSE,0,TRUE,0,FALSE,0,FALSE,FALSE,FALSE,TRUE
160000404292,02/06/2026,03/06/2026,04/06/2026,,C0014826,ΠΕ119756-98088,0141, ,TRUE,FALSE,FALSE,FALSE,TRUE,1,FALSE,0,TRUE,0,TRUE,2,FALSE,TRUE,FALSE,TRUE
160000404291,02/06/2026,,,,C0014826,ΠΕ119756-98088,0866, ,FALSE,TRUE,FALSE,TRUE,FALSE,0,FALSE,0,TRUE,0,FALSE,0,FALSE,FALSE,FALSE,TRUE
160000404290,02/06/2026,,,,C0014826,ΠΕ119756-98088,0917, ,FALSE,TRUE,FALSE,TRUE,FALSE,3,FALSE,0,TRUE,0,FALSE,0,FALSE,FALSE,FALSE,TRUE
160000404289,02/06/2026,,,,C0014826,ΠΕ119756-98088,0866, ,FALSE,TRUE,FALSE,TRUE,FALSE,0,FALSE,0,TRUE,0,FALSE,0,FALSE,FALSE,FALSE,TRUE
160000404288,02/06/2026,,,,C0014826,ΠΕ119756-98088,0851, ,FALSE,FALSE,FALSE,TRUE,FALSE,1,FALSE,0,TRUE,0,FALSE,0,FALSE,FALSE,FALSE,TRUE
160000404287,02/06/2026,,,,C0014826,ΠΕ119756-98088,0325, ,TRUE,FALSE,FALSE,TRUE,FALSE,1,FALSE,0,TRUE,0,FALSE,0,FALSE,FALSE,FALSE,TRUE
160000404286,02/06/2026,05/06/2026,05/06/2026,,C0014826,ΠΕ119756-98088,0851, ,FALSE,FALSE,FALSE,FALSE,TRUE,3,FALSE,0,TRUE,0,TRUE,3,FALSE,TRUE,FALSE,TRUE
160000404285,02/06/2026,05/06/2026,05/06/2026,,C0014826,ΠΕ119756-98088,0914, ,FALSE,FALSE,FALSE,FALSE,TRUE,3,FALSE,0,TRUE,0,TRUE,3,FALSE,TRUE,FALSE,TRUE
160000404284,02/06/2026,,,,C0014826,ΠΕ119756-98088,0141, ,TRUE,FALSE,FALSE,TRUE,FALSE,1,FALSE,0,TRUE,0,FALSE,0,FALSE,FALSE,FALSE,TRUE
160000404283,02/06/2026,03/06/2026,03/06/2026,,C0014826,ΠΕ119756-98088,0304, ,TRUE,TRUE,FALSE,FALSE,TRUE,1,FALSE,0,TRUE,0,TRUE,1,FALSE,TRUE,FALSE,TRUE
160000404282,02/06/2026,05/06/2026,05/06/2026,,C0014826,ΠΕ119756-98088,0851, ,FALSE,FALSE,FALSE,FALSE,TRUE,3,FALSE,0,TRUE,0,TRUE,3,FALSE,TRUE,FALSE,TRUE
160000404281,02/06/2026,04/06/2026,04/06/2026,,C0014826,ΠΕ119756-98088,0133, ,TRUE,FALSE,FALSE,FALSE,TRUE,2,FALSE,0,TRUE,0,TRUE,2,FALSE,TRUE,FALSE,TRUE
160000404280,02/06/2026,03/06/2026,03/06/2026,,C0014826,ΠΕ119756-98088,0202, ,TRUE,FALSE,FALSE,FALSE,TRUE,1,FALSE,0,TRUE,0,TRUE,1,FALSE,TRUE,FALSE,TRUE
160000404279,02/06/2026,,,,C0014826,ΠΕ119756-98088,0903, ,FALSE,FALSE,FALSE,TRUE,FALSE,2,FALSE,0,TRUE,0,FALSE,0,FALSE,FALSE,FALSE,TRUE
160000404278,02/06/2026,04/06/2026,04/06/2026,,C0014826,ΠΕ119756-98088,0854, ,FALSE,FALSE,FALSE,FALSE,TRUE,2,FALSE,0,TRUE,0,TRUE,2,FALSE,TRUE,FALSE,TRUE
160000404277,02/06/2026,04/06/2026,04/06/2026,,C0014826,ΠΕ119756-98088,0333, ,FALSE,FALSE,TRUE,FALSE,TRUE,2,FALSE,0,TRUE,0,TRUE,2,FALSE,TRUE,FALSE,TRUE
160000404276,02/06/2026,05/06/2026,05/06/2026,,C0014826,ΠΕ119756-98088,0914, ,FALSE,FALSE,FALSE,FALSE,TRUE,3,FALSE,0,TRUE,0,TRUE,3,FALSE,TRUE,FALSE,TRUE
700047245317,01/06/2026,04/06/2026,04/06/2026,,C0014826,ΠΕ119756-102229,0948, ,TRUE,FALSE,FALSE,FALSE,TRUE,2,FALSE,0,TRUE,2,TRUE,2,FALSE,TRUE,FALSE,FALSE
052000139840,01/06/2026,04/06/2026,04/06/2026,,C0014826,ΠΕ119756-98088,0948, ,TRUE,FALSE,FALSE,FALSE,TRUE,2,FALSE,0,FALSE,0,TRUE,2,FALSE,TRUE,FALSE,FALSE
050087406248,01/06/2026,03/06/2026,03/06/2026,,C0014826,ΠΕ119756-102229,0948, ,TRUE,FALSE,FALSE,FALSE,TRUE,1,FALSE,0,TRUE,0,TRUE,1,FALSE,TRUE,FALSE,TRUE
700047243757,01/06/2026,03/06/2026,03/06/2026,,C0014826,ΠΕ119756-98088,0948, ,TRUE,FALSE,FALSE,FALSE,TRUE,1,FALSE,0,TRUE,0,TRUE,1,FALSE,TRUE,FALSE,TRUE
700047243861,01/06/2026,03/06/2026,03/06/2026,,C0014826,ΠΕ119756-98088,0113,ATH,TRUE,FALSE,FALSE,FALSE,TRUE,1,FALSE,0,FALSE,0,TRUE,1,FALSE,TRUE,FALSE,FALSE
052000966105,01/06/2026,02/06/2026,02/06/2026,,C0014826,ΠΕ119756-98088,0329, ,TRUE,FALSE,TRUE,FALSE,TRUE,0,FALSE,0,TRUE,0,TRUE,0,FALSE,TRUE,FALSE,TRUE
052000966094,01/06/2026,02/06/2026,03/06/2026,,C0014826,ΠΕ119756-98088,0645, ,TRUE,FALSE,TRUE,FALSE,TRUE,0,FALSE,0,TRUE,0,TRUE,1,FALSE,TRUE,FALSE,TRUE
052000966083,01/06/2026,02/06/2026,03/06/2026,,C0014826,ΠΕ119756-98088,0645, ,TRUE,FALSE,TRUE,FALSE,TRUE,0,FALSE,0,TRUE,0,TRUE,1,FALSE,TRUE,FALSE,TRUE
052000966050,01/06/2026,03/06/2026,03/06/2026,,C0014826,ΠΕ119756-98088,0858, ,FALSE,FALSE,FALSE,FALSE,TRUE,1,FALSE,0,TRUE,0,TRUE,1,FALSE,TRUE,FALSE,TRUE
400004832261,01/06/2026,,,,C0014826,ΠΕ119756-98088,0901, ,FALSE,FALSE,FALSE,TRUE,FALSE,1,FALSE,0,TRUE,0,FALSE,0,FALSE,FALSE,FALSE,TRUE
400004832260,01/06/2026,02/06/2026,02/06/2026,,C0014826,ΠΕ119756-98088,0628,SKG,TRUE,FALSE,TRUE,FALSE,TRUE,0,FALSE,0,TRUE,0,TRUE,0,FALSE,TRUE,FALSE,TRUE
400004832259,01/06/2026,02/06/2026,02/06/2026,,C0014826,ΠΕ119756-98088,0151, ,TRUE,FALSE,FALSE,FALSE,TRUE,0,FALSE,0,TRUE,0,TRUE,0,FALSE,TRUE,FALSE,TRUE
400004832258,01/06/2026,,,,C0014826,ΠΕ119756-98088,0903, ,FALSE,FALSE,TRUE,TRUE,FALSE,1,FALSE,0,TRUE,0,FALSE,0,FALSE,FALSE,FALSE,TRUE
400004832257,01/06/2026,02/06/2026,02/06/2026,,C0014826,ΠΕ119756-98088,0203, ,TRUE,FALSE,FALSE,FALSE,TRUE,0,FALSE,0,TRUE,0,TRUE,0,FALSE,TRUE,FALSE,TRUE
400004832256,01/06/2026,02/06/2026,02/06/2026,,C0014826,ΠΕ119756-98088,0307, ,TRUE,FALSE,FALSE,FALSE,TRUE,0,FALSE,0,TRUE,0,TRUE,0,FALSE,TRUE,FALSE,TRUE
400004832255,01/06/2026,,,,C0014826,ΠΕ119756-98088,0901, ,FALSE,FALSE,FALSE,TRUE,FALSE,0,FALSE,0,TRUE,0,FALSE,0,FALSE,FALSE,FALSE,TRUE
400004832254,01/06/2026,04/06/2026,04/06/2026,,C0014826,ΠΕ119756-98088,0323, ,TRUE,TRUE,FALSE,FALSE,TRUE,2,FALSE,0,TRUE,0,TRUE,2,FALSE,TRUE,FALSE,TRUE
400004832253,01/06/2026,,,,C0014826,ΠΕ119756-98088,0331, ,FALSE,FALSE,FALSE,TRUE,FALSE,0,FALSE,0,TRUE,0,FALSE,0,FALSE,FALSE,FALSE,TRUE
400004832252,01/06/2026,04/06/2026,05/06/2026,,C0014826,ΠΕ119756-98088,0903, ,FALSE,FALSE,TRUE,FALSE,TRUE,2,FALSE,0,TRUE,0,TRUE,3,FALSE,TRUE,FALSE,TRUE
400004832251,01/06/2026,03/06/2026,03/06/2026,,C0014826,ΠΕ119756-98088,0331, ,FALSE,TRUE,FALSE,FALSE,TRUE,1,FALSE,0,TRUE,0,TRUE,1,FALSE,TRUE,FALSE,TRUE
400004832250,01/06/2026,02/06/2026,,,C0014826,ΠΕ119756-98088,0203, ,TRUE,FALSE,FALSE,FALSE,TRUE,0,FALSE,0,TRUE,0,FALSE,0,FALSE,TRUE,FALSE,TRUE
400004832249,01/06/2026,04/06/2026,04/06/2026,,C0014826,ΠΕ119756-98088,0131, ,TRUE,FALSE,TRUE,FALSE,TRUE,2,FALSE,0,TRUE,0,TRUE,2,FALSE,TRUE,FALSE,TRUE
400004832248,01/06/2026,03/06/2026,,,C0014826,ΠΕ119756-98088,0133, ,TRUE,FALSE,TRUE,FALSE,TRUE,1,FALSE,0,TRUE,0,FALSE,0,FALSE,TRUE,FALSE,TRUE
400004832247,01/06/2026,02/06/2026,02/06/2026,,C0014826,ΠΕ119756-98088,0611, ,TRUE,TRUE,FALSE,FALSE,TRUE,0,FALSE,0,TRUE,0,TRUE,0,FALSE,TRUE,FALSE,TRUE
400004832246,01/06/2026,02/06/2026,02/06/2026,,C0014826,ΠΕ119756-98088,0636, ,TRUE,FALSE,TRUE,FALSE,TRUE,0,FALSE,0,TRUE,0,TRUE,0,FALSE,TRUE,FALSE,TRUE
400004832245,01/06/2026,03/06/2026,03/06/2026,,C0014826,ΠΕ119756-98088,0214, ,TRUE,TRUE,FALSE,FALSE,TRUE,1,FALSE,0,TRUE,0,TRUE,1,FALSE,TRUE,FALSE,TRUE
400004832244,01/06/2026,02/06/2026,02/06/2026,,C0014826,ΠΕ119756-98088,0131, ,TRUE,FALSE,FALSE,FALSE,TRUE,0,FALSE,0,TRUE,0,TRUE,0,FALSE,TRUE,FALSE,TRUE
400004832243,01/06/2026,03/06/2026,,,C0014826,ΠΕ119756-98088,0903, ,FALSE,FALSE,FALSE,FALSE,TRUE,1,FALSE,0,TRUE,0,FALSE,0,FALSE,TRUE,FALSE,TRUE
400004832242,01/06/2026,02/06/2026,02/06/2026,,C0014826,ΠΕ119756-98088,0613, ,TRUE,FALSE,TRUE,FALSE,TRUE,0,FALSE,0,TRUE,0,TRUE,0,FALSE,TRUE,FALSE,TRUE
400004832241,01/06/2026,02/06/2026,02/06/2026,,C0014826,ΠΕ119756-98088,0141, ,TRUE,TRUE,FALSE,FALSE,TRUE,0,FALSE,0,TRUE,0,TRUE,0,FALSE,TRUE,FALSE,TRUE
400004832240,01/06/2026,02/06/2026,02/06/2026,,C0014826,ΠΕ119756-98088,0211, ,TRUE,FALSE,FALSE,FALSE,TRUE,0,FALSE,0,TRUE,0,TRUE,0,FALSE,TRUE,FALSE,TRUE
400004832239,01/06/2026,02/06/2026,,02/06/2026,C0014826,ΠΕ119756-98088,0202, ,TRUE,FALSE,FALSE,FALSE,TRUE,0,TRUE,0,TRUE,0,FALSE,0,FALSE,TRUE,FALSE,TRUE
400004832238,01/06/2026,02/06/2026,03/06/2026,,C0014826,ΠΕ119756-98088,0612, ,TRUE,FALSE,FALSE,FALSE,TRUE,0,FALSE,0,TRUE,0,TRUE,1,FALSE,TRUE,FALSE,TRUE
400004832237,01/06/2026,03/06/2026,03/06/2026,,C0014826,ΠΕ119756-98088,0904, ,FALSE,FALSE,FALSE,FALSE,TRUE,1,FALSE,0,TRUE,0,TRUE,1,FALSE,TRUE,FALSE,TRUE
400004832236,01/06/2026,02/06/2026,02/06/2026,,C0014826,ΠΕ119756-98088,0611, ,TRUE,FALSE,FALSE,FALSE,TRUE,0,FALSE,0,TRUE,0,TRUE,0,FALSE,TRUE,FALSE,TRUE
400004832235,01/06/2026,02/06/2026,02/06/2026,,C0014826,ΠΕ119756-98088,0211, ,TRUE,FALSE,FALSE,FALSE,TRUE,0,FALSE,0,TRUE,0,TRUE,0,FALSE,TRUE,FALSE,TRUE
400004832234,01/06/2026,02/06/2026,02/06/2026,,C0014826,ΠΕ119756-98088,0611, ,TRUE,FALSE,FALSE,FALSE,TRUE,0,FALSE,0,TRUE,0,TRUE,0,FALSE,TRUE,FALSE,TRUE
400004832233,01/06/2026,02/06/2026,02/06/2026,,C0014826,ΠΕ119756-98088,0611, ,TRUE,TRUE,FALSE,FALSE,TRUE,0,FALSE,0,TRUE,0,TRUE,0,FALSE,TRUE,FALSE,TRUE
400004832232,01/06/2026,02/06/2026,02/06/2026,,C0014826,ΠΕ119756-98088,0304, ,TRUE,FALSE,FALSE,FALSE,TRUE,0,FALSE,0,TRUE,0,TRUE,0,FALSE,TRUE,FALSE,TRUE
400004832231,01/06/2026,,,,C0014826,ΠΕ119756-98088,0901, ,FALSE,FALSE,FALSE,TRUE,FALSE,0,FALSE,0,TRUE,0,FALSE,0,FALSE,FALSE,FALSE,TRUE
400004832230,01/06/2026,02/06/2026,02/06/2026,,C0014826,ΠΕ119756-98088,0613, ,TRUE,FALSE,FALSE,FALSE,TRUE,0,FALSE,0,TRUE,0,TRUE,0,FALSE,TRUE,FALSE,TRUE
400004832229,01/06/2026,02/06/2026,02/06/2026,,C0014826,ΠΕ119756-98088,0133, ,TRUE,TRUE,FALSE,FALSE,TRUE,0,FALSE,0,TRUE,0,TRUE,0,FALSE,TRUE,FALSE,TRUE
400004832228,01/06/2026,04/06/2026,04/06/2026,,C0014826,ΠΕ119756-98088,0324, ,TRUE,TRUE,FALSE,FALSE,TRUE,2,FALSE,0,TRUE,0,TRUE,2,FALSE,TRUE,FALSE,TRUE
400004832227,01/06/2026,02/06/2026,,,C0014826,ΠΕ119756-98088,0203, ,TRUE,FALSE,FALSE,FALSE,TRUE,0,FALSE,0,TRUE,0,FALSE,0,FALSE,TRUE,FALSE,TRUE
400004832226,01/06/2026,02/06/2026,02/06/2026,,C0014826,ΠΕ119756-98088,0305, ,TRUE,FALSE,TRUE,FALSE,TRUE,0,FALSE,0,TRUE,0,TRUE,0,FALSE,TRUE,FALSE,TRUE
400004832225,01/06/2026,02/06/2026,02/06/2026,,C0014826,ΠΕ119756-98088,0612, ,TRUE,FALSE,FALSE,FALSE,TRUE,0,FALSE,0,TRUE,0,TRUE,0,FALSE,TRUE,FALSE,TRUE
400004832224,01/06/2026,02/06/2026,02/06/2026,,C0014826,ΠΕ119756-98088,0712, ,TRUE,FALSE,FALSE,FALSE,TRUE,0,FALSE,0,TRUE,0,TRUE,0,FALSE,TRUE,FALSE,TRUE
400004832223,01/06/2026,03/06/2026,,,C0014826,ΠΕ119756-98088,0851, ,FALSE,FALSE,FALSE,FALSE,TRUE,1,FALSE,0,TRUE,0,FALSE,0,FALSE,TRUE,FALSE,TRUE
400004832222,01/06/2026,04/06/2026,,,C0014826,ΠΕ119756-98088,0857, ,FALSE,FALSE,FALSE,FALSE,TRUE,2,FALSE,0,TRUE,0,FALSE,0,FALSE,TRUE,FALSE,TRUE
400004832221,01/06/2026,03/06/2026,,,C0014826,ΠΕ119756-98088,0133, ,TRUE,FALSE,TRUE,FALSE,TRUE,1,FALSE,0,TRUE,0,FALSE,0,FALSE,TRUE,FALSE,TRUE
400004832220,01/06/2026,05/06/2026,,,C0014826,ΠΕ119756-98088,0131, ,TRUE,FALSE,TRUE,FALSE,TRUE,3,FALSE,0,TRUE,0,FALSE,0,FALSE,TRUE,FALSE,TRUE
400004832219,01/06/2026,02/06/2026,02/06/2026,,C0014826,ΠΕ119756-98088,0304, ,TRUE,TRUE,FALSE,FALSE,TRUE,0,FALSE,0,TRUE,0,TRUE,0,FALSE,TRUE,FALSE,TRUE
400004832218,01/06/2026,02/06/2026,02/06/2026,,C0014826,ΠΕ119756-98088,0631, ,TRUE,FALSE,TRUE,FALSE,TRUE,0,FALSE,0,TRUE,0,TRUE,0,FALSE,TRUE,FALSE,TRUE
400004832217,01/06/2026,03/06/2026,03/06/2026,,C0014826,ΠΕ119756-98088,0913, ,FALSE,FALSE,FALSE,FALSE,TRUE,1,FALSE,0,TRUE,0,TRUE,1,FALSE,TRUE,FALSE,TRUE
400004832216,01/06/2026,02/06/2026,02/06/2026,,C0014826,ΠΕ119756-98088,0621, ,TRUE,FALSE,FALSE,FALSE,TRUE,0,FALSE,0,TRUE,0,TRUE,0,FALSE,TRUE,FALSE,TRUE
400004832215,01/06/2026,02/06/2026,02/06/2026,,C0014826,ΠΕ119756-98088,0632, ,TRUE,FALSE,FALSE,FALSE,TRUE,0,FALSE,0,TRUE,0,TRUE,0,FALSE,TRUE,FALSE,TRUE
400004832214,01/06/2026,02/06/2026,02/06/2026,,C0014826,ΠΕ119756-98088,0611, ,TRUE,TRUE,FALSE,FALSE,TRUE,0,FALSE,0,TRUE,0,TRUE,0,FALSE,TRUE,FALSE,TRUE
400004832213,01/06/2026,05/06/2026,05/06/2026,,C0014826,ΠΕ119756-98088,0323, ,TRUE,TRUE,FALSE,FALSE,TRUE,3,FALSE,0,TRUE,0,TRUE,3,FALSE,TRUE,FALSE,TRUE
400004832212,01/06/2026,04/06/2026,04/06/2026,,C0014826,ΠΕ119756-98088,0711, ,TRUE,FALSE,TRUE,FALSE,TRUE,2,FALSE,0,TRUE,0,TRUE,2,FALSE,TRUE,FALSE,TRUE
400004832211,01/06/2026,,,,C0014826,ΠΕ119756-98088,0851, ,FALSE,FALSE,FALSE,TRUE,FALSE,2,FALSE,0,TRUE,0,FALSE,0,FALSE,FALSE,FALSE,TRUE
400004832210,01/06/2026,02/06/2026,02/06/2026,,C0014826,ΠΕ119756-98088,0304, ,TRUE,FALSE,FALSE,FALSE,TRUE,0,FALSE,0,TRUE,0,TRUE,0,FALSE,TRUE,FALSE,TRUE
400004832209,01/06/2026,02/06/2026,03/06/2026,,C0014826,ΠΕ119756-98088,0304, ,TRUE,TRUE,FALSE,FALSE,TRUE,0,FALSE,0,TRUE,0,TRUE,1,FALSE,TRUE,FALSE,TRUE
400004832208,01/06/2026,02/06/2026,02/06/2026,,C0014826,ΠΕ119756-98088,0203, ,TRUE,FALSE,FALSE,FALSE,TRUE,0,FALSE,0,TRUE,0,TRUE,0,FALSE,TRUE,FALSE,TRUE
400004832207,01/06/2026,,,,C0014826,ΠΕ119756-98088,0901, ,FALSE,FALSE,FALSE,TRUE,FALSE,0,FALSE,0,TRUE,0,FALSE,0,FALSE,FALSE,FALSE,TRUE
400004832206,01/06/2026,03/06/2026,03/06/2026,,C0014826,ΠΕ119756-98088,0855, ,FALSE,FALSE,FALSE,FALSE,TRUE,1,FALSE,0,TRUE,0,TRUE,1,FALSE,TRUE,FALSE,TRUE
400004832205,01/06/2026,02/06/2026,02/06/2026,,C0014826,ΠΕ119756-98088,0621, ,TRUE,FALSE,FALSE,FALSE,TRUE,0,FALSE,0,TRUE,0,TRUE,0,FALSE,TRUE,FALSE,TRUE
400004832204,01/06/2026,02/06/2026,02/06/2026,,C0014826,ΠΕ119756-98088,0201, ,TRUE,FALSE,FALSE,FALSE,TRUE,0,FALSE,0,TRUE,0,TRUE,0,FALSE,TRUE,FALSE,TRUE
400004832203,01/06/2026,03/06/2026,04/06/2026,,C0014826,ΠΕ119756-98088,0903, ,FALSE,FALSE,FALSE,FALSE,TRUE,1,FALSE,0,TRUE,0,TRUE,2,FALSE,TRUE,FALSE,TRUE
400004832202,01/06/2026,03/06/2026,03/06/2026,,C0014826,ΠΕ119756-98088,0204, ,TRUE,FALSE,FALSE,FALSE,TRUE,1,FALSE,0,TRUE,0,TRUE,1,FALSE,TRUE,FALSE,TRUE
400004832201,01/06/2026,,,,C0014826,ΠΕ119756-98088,0866, ,FALSE,TRUE,FALSE,TRUE,FALSE,0,FALSE,0,TRUE,0,FALSE,0,FALSE,FALSE,FALSE,TRUE
400004832200,01/06/2026,03/06/2026,03/06/2026,,C0014826,ΠΕ119756-98088,0305, ,TRUE,FALSE,FALSE,FALSE,TRUE,1,FALSE,0,TRUE,0,TRUE,1,FALSE,TRUE,FALSE,TRUE
400004832199,01/06/2026,,,,C0014826,ΠΕ119756-98088,0151, ,TRUE,FALSE,FALSE,TRUE,FALSE,0,FALSE,0,TRUE,0,FALSE,0,FALSE,FALSE,FALSE,TRUE
400004832198,01/06/2026,02/06/2026,02/06/2026,,C0014826,ΠΕ119756-98088,0202, ,TRUE,FALSE,FALSE,FALSE,TRUE,0,FALSE,0,TRUE,0,TRUE,0,FALSE,TRUE,FALSE,TRUE
400004832197,01/06/2026,02/06/2026,02/06/2026,,C0014826,ΠΕ119756-98088,0862, ,FALSE,FALSE,FALSE,FALSE,TRUE,0,FALSE,0,TRUE,0,TRUE,0,FALSE,TRUE,FALSE,TRUE
400004832196,01/06/2026,02/06/2026,05/06/2026,,C0014826,ΠΕ119756-98088,0324, ,TRUE,FALSE,FALSE,FALSE,TRUE,0,FALSE,0,TRUE,0,TRUE,3,FALSE,TRUE,FALSE,TRUE
400004832195,01/06/2026,05/06/2026,05/06/2026,,C0014826,ΠΕ119756-98088,0332, ,FALSE,TRUE,FALSE,FALSE,TRUE,3,FALSE,0,TRUE,0,TRUE,3,FALSE,TRUE,FALSE,TRUE
400004832194,01/06/2026,03/06/2026,03/06/2026,,C0014826,ΠΕ119756-98088,0133, ,TRUE,FALSE,FALSE,FALSE,TRUE,1,FALSE,0,TRUE,0,TRUE,1,FALSE,TRUE,FALSE,TRUE
400004832193,01/06/2026,04/06/2026,04/06/2026,,C0014826,ΠΕ119756-98088,0204, ,TRUE,TRUE,FALSE,FALSE,TRUE,2,FALSE,0,TRUE,0,TRUE,2,FALSE,TRUE,FALSE,TRUE
400004832192,01/06/2026,05/06/2026,05/06/2026,,C0014826,ΠΕ119756-98088,0906, ,FALSE,FALSE,FALSE,FALSE,TRUE,3,FALSE,0,TRUE,0,TRUE,3,FALSE,TRUE,FALSE,TRUE
400004832191,01/06/2026,02/06/2026,02/06/2026,,C0014826,ΠΕ119756-98088,0151, ,TRUE,FALSE,FALSE,FALSE,TRUE,0,FALSE,0,TRUE,0,TRUE,0,FALSE,TRUE,FALSE,TRUE
400004832190,01/06/2026,02/06/2026,02/06/2026,,C0014826,ΠΕ119756-98088,0305, ,TRUE,FALSE,FALSE,FALSE,TRUE,0,FALSE,0,TRUE,0,TRUE,0,FALSE,TRUE,FALSE,TRUE
400004832189,01/06/2026,03/06/2026,03/06/2026,,C0014826,ΠΕ119756-98088,0871, ,FALSE,FALSE,FALSE,FALSE,TRUE,1,FALSE,0,TRUE,0,TRUE,1,FALSE,TRUE,FALSE,TRUE
400004832188,01/06/2026,02/06/2026,02/06/2026,,C0014826,ΠΕ119756-98088,0213, ,TRUE,TRUE,FALSE,FALSE,TRUE,0,FALSE,0,TRUE,0,TRUE,0,FALSE,TRUE,FALSE,TRUE
400004832187,01/06/2026,02/06/2026,02/06/2026,,C0014826,ΠΕ119756-98088,0211, ,TRUE,FALSE,FALSE,FALSE,TRUE,0,FALSE,0,TRUE,0,TRUE,0,FALSE,TRUE,FALSE,TRUE
160000404275,01/06/2026,,,,C0014826,ΠΕ119756-98088,0901, ,FALSE,FALSE,FALSE,TRUE,FALSE,0,FALSE,0,TRUE,0,FALSE,0,FALSE,FALSE,FALSE,TRUE
160000404274,01/06/2026,02/06/2026,02/06/2026,,C0014826,ΠΕ119756-98088,0211, ,TRUE,FALSE,FALSE,FALSE,TRUE,0,FALSE,0,TRUE,0,TRUE,0,FALSE,TRUE,FALSE,TRUE
160000404273,01/06/2026,04/06/2026,04/06/2026,,C0014826,ΠΕ119756-98088,0204, ,TRUE,TRUE,FALSE,FALSE,TRUE,2,FALSE,0,TRUE,0,TRUE,2,FALSE,TRUE,FALSE,TRUE
160000404272,01/06/2026,02/06/2026,02/06/2026,,C0014826,ΠΕ119756-98088,0612, ,TRUE,FALSE,FALSE,FALSE,TRUE,0,FALSE,0,TRUE,0,TRUE,0,FALSE,TRUE,FALSE,TRUE
160000404271,01/06/2026,02/06/2026,03/06/2026,,C0014826,ΠΕ119756-98088,0612, ,TRUE,FALSE,FALSE,FALSE,TRUE,0,FALSE,0,TRUE,0,TRUE,1,FALSE,TRUE,FALSE,TRUE
160000404270,01/06/2026,02/06/2026,02/06/2026,,C0014826,ΠΕ119756-98088,0621, ,TRUE,FALSE,FALSE,FALSE,TRUE,0,FALSE,0,TRUE,0,TRUE,0,FALSE,TRUE,FALSE,TRUE
160000404269,01/06/2026,02/06/2026,05/06/2026,,C0014826,ΠΕ119756-98088,0324, ,TRUE,FALSE,FALSE,FALSE,TRUE,0,FALSE,0,TRUE,0,TRUE,3,FALSE,TRUE,FALSE,TRUE
160000404268,01/06/2026,02/06/2026,02/06/2026,,C0014826,ΠΕ119756-98088,0862, ,FALSE,FALSE,FALSE,FALSE,TRUE,0,FALSE,0,TRUE,0,TRUE,0,FALSE,TRUE,FALSE,TRUE
160000404267,01/06/2026,03/06/2026,03/06/2026,,C0014826,ΠΕ119756-98088,0133, ,TRUE,FALSE,FALSE,FALSE,TRUE,1,FALSE,0,TRUE,0,TRUE,1,FALSE,TRUE,FALSE,TRUE
160000404266,01/06/2026,02/06/2026,02/06/2026,,C0014826,ΠΕ119756-98088,0621, ,TRUE,FALSE,FALSE,FALSE,TRUE,0,FALSE,0,TRUE,0,TRUE,0,FALSE,TRUE,FALSE,TRUE
160000404265,01/06/2026,02/06/2026,02/06/2026,,C0014826,ΠΕ119756-98088,0151, ,TRUE,FALSE,FALSE,FALSE,TRUE,0,FALSE,0,TRUE,0,TRUE,0,FALSE,TRUE,FALSE,TRUE
160000404264,01/06/2026,02/06/2026,02/06/2026,,C0014826,ΠΕ119756-98088,0305, ,TRUE,FALSE,FALSE,FALSE,TRUE,0,FALSE,0,TRUE,0,TRUE,0,FALSE,TRUE,FALSE,TRUE
160000404263,01/06/2026,02/06/2026,02/06/2026,,C0014826,ΠΕ119756-98088,0211, ,TRUE,FALSE,FALSE,FALSE,TRUE,0,FALSE,0,TRUE,0,TRUE,0,FALSE,TRUE,FALSE,TRUE
050086757215,30/05/2026,03/06/2026,03/06/2026,,C0014826,ΠΕ119756-98088,0948, ,TRUE,FALSE,FALSE,FALSE,TRUE,1,FALSE,0,TRUE,0,TRUE,1,FALSE,TRUE,FALSE,TRUE
900001131241,30/05/2026,02/06/2026,02/06/2026,,C0014826,ΠΕ119756-98088,0106,ATH,TRUE,FALSE,FALSE,FALSE,TRUE,0,FALSE,0,TRUE,0,TRUE,0,FALSE,TRUE,FALSE,TRUE
900001131240,30/05/2026,02/06/2026,02/06/2026,,C0014826,ΠΕ119756-98088,0106,ATH,TRUE,FALSE,FALSE,FALSE,TRUE,0,FALSE,0,TRUE,0,TRUE,0,FALSE,TRUE,FALSE,TRUE
700047236675,30/05/2026,02/06/2026,02/06/2026,,C0014826,ΠΕ119756-98088,0106,ATH,TRUE,FALSE,FALSE,FALSE,TRUE,0,FALSE,0,TRUE,0,TRUE,0,FALSE,TRUE,FALSE,TRUE
400004832037,29/05/2026,,,,C0014826,ΠΕ119756-98088,0903, ,FALSE,FALSE,FALSE,TRUE,FALSE,1,FALSE,0,TRUE,0,FALSE,0,FALSE,FALSE,FALSE,TRUE
400004831953,29/05/2026,03/06/2026,03/06/2026,,C0014826,ΠΕ119756-98088,0906, ,FALSE,FALSE,FALSE,FALSE,TRUE,2,FALSE,0,TRUE,0,TRUE,2,FALSE,TRUE,FALSE,TRUE
050075477980,29/05/2026,01/06/2026,01/06/2026,,C0014826,ΠΕ119756-98088,0948, ,TRUE,FALSE,FALSE,FALSE,TRUE,1,FALSE,0,TRUE,0,TRUE,1,FALSE,TRUE,FALSE,TRUE
041342370014,29/05/2026,01/06/2026,01/06/2026,,C0014826,ΠΕ119756-98088,0948, ,TRUE,FALSE,FALSE,FALSE,TRUE,1,FALSE,0,TRUE,0,TRUE,1,FALSE,TRUE,FALSE,TRUE
052001172861,29/05/2026,01/06/2026,01/06/2026,,C0014826,ΠΕ119756-98088,0948, ,TRUE,FALSE,FALSE,FALSE,TRUE,1,FALSE,0,TRUE,0,TRUE,1,FALSE,TRUE,FALSE,TRUE
050079612891,29/05/2026,03/06/2026,03/06/2026,,C0014826,ΠΕ119756-98088,0948, ,TRUE,FALSE,FALSE,FALSE,TRUE,2,FALSE,0,TRUE,1,TRUE,2,FALSE,TRUE,FALSE,TRUE
050079612880,29/05/2026,03/06/2026,03/06/2026,,C0014826,ΠΕ119756-98088,0948, ,TRUE,FALSE,FALSE,FALSE,TRUE,2,FALSE,0,TRUE,1,TRUE,2,FALSE,TRUE,FALSE,TRUE
700047217380,29/05/2026,01/06/2026,01/06/2026,,C0014826,ΠΕ119756-98088,0106,ATH,TRUE,FALSE,FALSE,FALSE,TRUE,1,FALSE,0,TRUE,0,TRUE,1,FALSE,TRUE,FALSE,TRUE
700047215773,29/05/2026,01/06/2026,01/06/2026,,C0014826,ΠΕ119756-98088,0113,ATH,TRUE,FALSE,FALSE,FALSE,TRUE,1,FALSE,0,FALSE,0,TRUE,1,FALSE,TRUE,FALSE,FALSE
052000420000,29/05/2026,01/06/2026,01/06/2026,,C0014826,ΠΕ119756-98088,0948, ,TRUE,FALSE,FALSE,FALSE,TRUE,1,FALSE,0,TRUE,0,TRUE,1,FALSE,TRUE,FALSE,TRUE
400004831941,29/05/2026,29/05/2026,,,C0014826,ΠΕ119756-98088,0715, ,TRUE,FALSE,FALSE,FALSE,TRUE,0,FALSE,0,TRUE,0,FALSE,0,FALSE,TRUE,FALSE,TRUE
700047228058,29/05/2026,03/06/2026,03/06/2026,,C0014826,ΠΕ119756-98088,0948, ,TRUE,FALSE,FALSE,FALSE,TRUE,2,FALSE,0,TRUE,1,TRUE,2,FALSE,TRUE,FALSE,TRUE
700047233795,29/05/2026,03/06/2026,03/06/2026,,C0014826,ΠΕ119756-98088,0948, ,TRUE,FALSE,FALSE,FALSE,TRUE,2,FALSE,0,TRUE,1,TRUE,2,FALSE,TRUE,FALSE,TRUE
700047220518,29/05/2026,01/06/2026,01/06/2026,,C0014826,ΠΕ119756-98088,0948, ,TRUE,FALSE,FALSE,FALSE,TRUE,1,FALSE,0,TRUE,0,TRUE,1,FALSE,TRUE,FALSE,TRUE
050092603220,29/05/2026,01/06/2026,01/06/2026,,C0014826,ΠΕ119756-102229,0948, ,TRUE,FALSE,FALSE,FALSE,TRUE,1,FALSE,0,TRUE,0,TRUE,1,FALSE,TRUE,FALSE,TRUE
050065326113,29/05/2026,01/06/2026,01/06/2026,,C0014826,ΠΕ119756-102229,0948, ,TRUE,FALSE,FALSE,FALSE,TRUE,1,FALSE,0,FALSE,0,TRUE,1,FALSE,TRUE,FALSE,FALSE
052000966072,29/05/2026,01/06/2026,03/06/2026,,C0014826,ΠΕ119756-98088,0605,SKG,TRUE,FALSE,FALSE,FALSE,TRUE,1,FALSE,0,TRUE,0,TRUE,2,FALSE,TRUE,FALSE,TRUE
052000966040,29/05/2026,,,,C0014826,ΠΕ119756-98088,0821, ,FALSE,FALSE,FALSE,TRUE,FALSE,2,FALSE,0,TRUE,0,FALSE,0,FALSE,FALSE,FALSE,TRUE
052000965995,29/05/2026,01/06/2026,01/06/2026,,C0014826,ΠΕ119756-98088,0902, ,FALSE,FALSE,FALSE,FALSE,TRUE,1,FALSE,0,TRUE,0,TRUE,1,FALSE,TRUE,FALSE,TRUE
052000964851,29/05/2026,01/06/2026,05/06/2026,,C0014826,ΠΕ119756-98088,0855, ,FALSE,FALSE,FALSE,FALSE,TRUE,1,FALSE,0,TRUE,0,TRUE,4,FALSE,TRUE,FALSE,TRUE
052000964840,29/05/2026,30/05/2026,30/05/2026,,C0014826,ΠΕ119756-98088,0635, ,TRUE,FALSE,FALSE,FALSE,TRUE,1,FALSE,0,TRUE,0,TRUE,1,FALSE,TRUE,FALSE,TRUE
052000964830,29/05/2026,02/06/2026,,,C0014826,ΠΕ119756-98088,0610,SKG,TRUE,FALSE,FALSE,FALSE,TRUE,1,FALSE,0,TRUE,0,FALSE,0,FALSE,TRUE,FALSE,TRUE
400004832186,29/05/2026,30/05/2026,30/05/2026,,C0014826,ΠΕ119756-98088,0611, ,TRUE,FALSE,FALSE,FALSE,TRUE,1,FALSE,0,TRUE,0,TRUE,1,FALSE,TRUE,FALSE,TRUE
400004832185,29/05/2026,30/05/2026,30/05/2026,,C0014826,ΠΕ119756-98088,0339, ,TRUE,FALSE,TRUE,FALSE,TRUE,1,FALSE,0,TRUE,0,TRUE,1,FALSE,TRUE,FALSE,TRUE
400004832184,29/05/2026,03/06/2026,03/06/2026,,C0014826,ΠΕ119756-98088,0911, ,FALSE,FALSE,FALSE,FALSE,TRUE,2,FALSE,0,TRUE,0,TRUE,2,FALSE,TRUE,FALSE,TRUE
400004832183,29/05/2026,02/06/2026,,,C0014826,ΠΕ119756-98088,0214, ,TRUE,FALSE,FALSE,FALSE,TRUE,1,FALSE,0,TRUE,0,FALSE,0,FALSE,TRUE,FALSE,TRUE
400004832182,29/05/2026,30/05/2026,30/05/2026,,C0014826,ΠΕ119756-98088,0307, ,TRUE,FALSE,FALSE,FALSE,TRUE,1,FALSE,0,TRUE,0,TRUE,1,FALSE,TRUE,FALSE,TRUE
400004832181,29/05/2026,03/06/2026,03/06/2026,,C0014826,ΠΕ119756-98088,0615, ,TRUE,TRUE,FALSE,FALSE,TRUE,2,FALSE,0,TRUE,0,TRUE,2,FALSE,TRUE,FALSE,TRUE
400004832180,29/05/2026,02/06/2026,02/06/2026,,C0014826,ΠΕ119756-98088,0204, ,TRUE,FALSE,FALSE,FALSE,TRUE,1,FALSE,0,TRUE,0,TRUE,1,FALSE,TRUE,FALSE,TRUE
400004832179,29/05/2026,02/06/2026,03/06/2026,,C0014826,ΠΕ119756-98088,0212, ,TRUE,FALSE,FALSE,FALSE,TRUE,1,FALSE,0,TRUE,0,TRUE,2,FALSE,TRUE,FALSE,TRUE
400004832178,29/05/2026,02/06/2026,02/06/2026,,C0014826,ΠΕ119756-98088,0212, ,TRUE,FALSE,FALSE,FALSE,TRUE,1,FALSE,0,TRUE,0,TRUE,1,FALSE,TRUE,FALSE,TRUE
400004832177,29/05/2026,30/05/2026,30/05/2026,,C0014826,ΠΕ119756-98088,0612, ,TRUE,FALSE,FALSE,FALSE,TRUE,1,FALSE,0,TRUE,0,TRUE,1,FALSE,TRUE,FALSE,TRUE
400004832176,29/05/2026,01/06/2026,01/06/2026,,C0014826,ΠΕ119756-98088,0331, ,FALSE,FALSE,FALSE,FALSE,TRUE,1,FALSE,0,TRUE,0,TRUE,1,FALSE,TRUE,FALSE,TRUE
400004832175,29/05/2026,30/05/2026,30/05/2026,,C0014826,ΠΕ119756-98088,0211, ,TRUE,FALSE,FALSE,FALSE,TRUE,1,FALSE,0,TRUE,0,TRUE,1,FALSE,TRUE,FALSE,TRUE
400004832174,29/05/2026,01/06/2026,01/06/2026,,C0014826,ΠΕ119756-98088,0636, ,TRUE,TRUE,FALSE,FALSE,TRUE,1,FALSE,0,TRUE,0,TRUE,1,FALSE,TRUE,FALSE,TRUE
400004832173,29/05/2026,02/06/2026,02/06/2026,,C0014826,ΠΕ119756-98088,0204, ,TRUE,FALSE,FALSE,FALSE,TRUE,1,FALSE,0,TRUE,0,TRUE,1,FALSE,TRUE,FALSE,TRUE
400004832172,29/05/2026,01/06/2026,01/06/2026,,C0014826,ΠΕ119756-98088,0304, ,TRUE,FALSE,FALSE,FALSE,TRUE,1,FALSE,0,TRUE,0,TRUE,1,FALSE,TRUE,FALSE,TRUE
400004832171,29/05/2026,04/06/2026,04/06/2026,,C0014826,ΠΕ119756-98088,0133, ,TRUE,FALSE,TRUE,FALSE,TRUE,3,FALSE,0,TRUE,0,TRUE,3,FALSE,TRUE,FALSE,TRUE
400004832170,29/05/2026,01/06/2026,01/06/2026,,C0014826,ΠΕ119756-98088,0304, ,TRUE,TRUE,FALSE,FALSE,TRUE,1,FALSE,0,TRUE,0,TRUE,1,FALSE,TRUE,FALSE,TRUE
400004832169,29/05/2026,30/05/2026,30/05/2026,,C0014826,ΠΕ119756-98088,0612, ,TRUE,FALSE,FALSE,FALSE,TRUE,1,FALSE,0,TRUE,0,TRUE,1,FALSE,TRUE,FALSE,TRUE
400004832168,29/05/2026,02/06/2026,02/06/2026,,C0014826,ΠΕ119756-98088,0903, ,FALSE,FALSE,FALSE,FALSE,TRUE,1,FALSE,0,TRUE,0,TRUE,1,FALSE,TRUE,FALSE,TRUE
400004832167,29/05/2026,01/06/2026,02/06/2026,,C0014826,ΠΕ119756-98088,0636, ,TRUE,TRUE,FALSE,FALSE,TRUE,1,FALSE,0,TRUE,0,TRUE,1,FALSE,TRUE,FALSE,TRUE
400004832166,29/05/2026,02/06/2026,02/06/2026,,C0014826,ΠΕ119756-98088,0312, ,TRUE,FALSE,TRUE,FALSE,TRUE,1,FALSE,0,TRUE,0,TRUE,1,FALSE,TRUE,FALSE,TRUE
400004832165,29/05/2026,02/06/2026,02/06/2026,,C0014826,ΠΕ119756-98088,0201, ,TRUE,FALSE,FALSE,FALSE,TRUE,1,FALSE,0,TRUE,0,TRUE,1,FALSE,TRUE,FALSE,TRUE
400004832164,29/05/2026,01/06/2026,01/06/2026,,C0014826,ΠΕ119756-98088,0331, ,FALSE,FALSE,FALSE,FALSE,TRUE,1,FALSE,0,TRUE,0,TRUE,1,FALSE,TRUE,FALSE,TRUE
400004832163,29/05/2026,02/06/2026,02/06/2026,,C0014826,ΠΕ119756-98088,0302, ,TRUE,FALSE,FALSE,FALSE,TRUE,1,FALSE,0,TRUE,0,TRUE,1,FALSE,TRUE,FALSE,TRUE
400004832162,29/05/2026,02/06/2026,03/06/2026,,C0014826,ΠΕ119756-98088,0203, ,TRUE,TRUE,FALSE,FALSE,TRUE,1,FALSE,0,TRUE,0,TRUE,2,FALSE,TRUE,FALSE,TRUE
400004832161,29/05/2026,02/06/2026,05/06/2026,,C0014826,ΠΕ119756-98088,0702, ,TRUE,TRUE,FALSE,FALSE,TRUE,1,FALSE,0,TRUE,0,TRUE,4,FALSE,TRUE,FALSE,TRUE
400004832160,29/05/2026,02/06/2026,,,C0014826,ΠΕ119756-98088,0701, ,TRUE,TRUE,FALSE,FALSE,TRUE,1,FALSE,0,TRUE,0,FALSE,0,FALSE,TRUE,FALSE,TRUE
400004832159,29/05/2026,01/06/2026,01/06/2026,,C0014826,ΠΕ119756-98088,0711, ,TRUE,FALSE,FALSE,FALSE,TRUE,1,FALSE,0,TRUE,0,TRUE,1,FALSE,TRUE,FALSE,TRUE
400004832158,29/05/2026,02/06/2026,02/06/2026,,C0014826,ΠΕ119756-98088,0214, ,TRUE,FALSE,FALSE,FALSE,TRUE,1,FALSE,0,TRUE,0,TRUE,1,FALSE,TRUE,FALSE,TRUE
400004832157,29/05/2026,30/05/2026,03/06/2026,,C0014826,ΠΕ119756-98088,0863, ,FALSE,FALSE,FALSE,FALSE,TRUE,1,FALSE,0,TRUE,0,TRUE,2,FALSE,TRUE,FALSE,TRUE
400004832156,29/05/2026,01/06/2026,01/06/2026,,C0014826,ΠΕ119756-98088,0636, ,TRUE,FALSE,FALSE,FALSE,TRUE,1,FALSE,0,TRUE,0,TRUE,1,FALSE,TRUE,FALSE,TRUE
400004832155,29/05/2026,02/06/2026,02/06/2026,,C0014826,ΠΕ119756-98088,0203, ,TRUE,FALSE,FALSE,FALSE,TRUE,1,FALSE,0,TRUE,0,TRUE,1,FALSE,TRUE,FALSE,TRUE
400004832154,29/05/2026,02/06/2026,02/06/2026,,C0014826,ΠΕ119756-98088,0201, ,TRUE,FALSE,FALSE,FALSE,TRUE,1,FALSE,0,TRUE,0,TRUE,1,FALSE,TRUE,FALSE,TRUE
400004832153,29/05/2026,02/06/2026,02/06/2026,,C0014826,ΠΕ119756-98088,0321, ,TRUE,TRUE,FALSE,FALSE,TRUE,1,FALSE,0,TRUE,0,TRUE,1,FALSE,TRUE,FALSE,TRUE
400004832152,29/05/2026,,,,C0014826,ΠΕ119756-98088,0907, ,FALSE,FALSE,TRUE,TRUE,FALSE,1,FALSE,0,TRUE,0,FALSE,0,FALSE,FALSE,FALSE,TRUE
400004832151,29/05/2026,04/06/2026,04/06/2026,,C0014826,ΠΕ119756-98088,0911, ,FALSE,FALSE,TRUE,FALSE,TRUE,3,FALSE,0,TRUE,0,TRUE,3,FALSE,TRUE,FALSE,TRUE
400004832150,29/05/2026,02/06/2026,02/06/2026,,C0014826,ΠΕ119756-98088,0204, ,TRUE,FALSE,FALSE,FALSE,TRUE,1,FALSE,0,TRUE,0,TRUE,1,FALSE,TRUE,FALSE,TRUE
400004832149,29/05/2026,04/06/2026,04/06/2026,,C0014826,ΠΕ119756-98088,0903, ,FALSE,FALSE,TRUE,FALSE,TRUE,3,FALSE,0,TRUE,0,TRUE,3,FALSE,TRUE,FALSE,TRUE
400004832148,29/05/2026,30/05/2026,30/05/2026,,C0014826,ΠΕ119756-98088,0303, ,TRUE,FALSE,FALSE,FALSE,TRUE,1,FALSE,0,TRUE,0,TRUE,1,FALSE,TRUE,FALSE,TRUE
400004832147,29/05/2026,02/06/2026,02/06/2026,,C0014826,ΠΕ119756-98088,0309, ,TRUE,FALSE,FALSE,FALSE,TRUE,1,FALSE,0,TRUE,0,TRUE,1,FALSE,TRUE,FALSE,TRUE
400004832146,29/05/2026,04/06/2026,04/06/2026,,C0014826,ΠΕ119756-98088,0331, ,FALSE,FALSE,FALSE,FALSE,TRUE,3,FALSE,0,TRUE,0,TRUE,3,FALSE,TRUE,FALSE,TRUE
400004832145,29/05/2026,01/06/2026,01/06/2026,,C0014826,ΠΕ119756-98088,0331, ,FALSE,FALSE,FALSE,FALSE,TRUE,1,FALSE,0,TRUE,0,TRUE,1,FALSE,TRUE,FALSE,TRUE
400004832144,29/05/2026,01/06/2026,01/06/2026,,C0014826,ΠΕ119756-98088,0204, ,TRUE,FALSE,FALSE,FALSE,TRUE,1,FALSE,0,TRUE,0,TRUE,1,FALSE,TRUE,FALSE,TRUE
400004832143,29/05/2026,30/05/2026,30/05/2026,,C0014826,ΠΕ119756-98088,0635, ,TRUE,FALSE,FALSE,FALSE,TRUE,1,FALSE,0,TRUE,0,TRUE,1,FALSE,TRUE,FALSE,TRUE
400004832142,29/05/2026,01/06/2026,01/06/2026,,C0014826,ΠΕ119756-98088,0304, ,TRUE,FALSE,FALSE,FALSE,TRUE,1,FALSE,0,TRUE,0,TRUE,1,FALSE,TRUE,FALSE,TRUE
400004832141,29/05/2026,30/05/2026,30/05/2026,,C0014826,ΠΕ119756-98088,0307, ,TRUE,FALSE,FALSE,FALSE,TRUE,1,FALSE,0,TRUE,0,TRUE,1,FALSE,TRUE,FALSE,TRUE
400004832140,29/05/2026,30/05/2026,30/05/2026,,C0014826,ΠΕ119756-98088,0331, ,FALSE,FALSE,FALSE,FALSE,TRUE,1,FALSE,0,TRUE,0,TRUE,1,FALSE,TRUE,FALSE,TRUE
400004832139,29/05/2026,30/05/2026,,,C0014826,ΠΕ119756-98088,0151, ,TRUE,FALSE,FALSE,FALSE,TRUE,1,FALSE,0,TRUE,0,FALSE,0,FALSE,TRUE,FALSE,TRUE
400004832138,29/05/2026,30/05/2026,30/05/2026,,C0014826,ΠΕ119756-98088,0151, ,TRUE,FALSE,FALSE,FALSE,TRUE,1,FALSE,0,TRUE,0,TRUE,1,FALSE,TRUE,FALSE,TRUE
400004832137,29/05/2026,04/06/2026,04/06/2026,,C0014826,ΠΕ119756-98088,0308, ,TRUE,FALSE,TRUE,FALSE,TRUE,3,FALSE,0,TRUE,0,TRUE,3,FALSE,TRUE,FALSE,TRUE
400004832136,29/05/2026,01/06/2026,02/06/2026,,C0014826,ΠΕ119756-98088,0636, ,TRUE,TRUE,FALSE,FALSE,TRUE,1,FALSE,0,TRUE,0,TRUE,1,FALSE,TRUE,FALSE,TRUE
400004832135,29/05/2026,30/05/2026,30/05/2026,,C0014826,ΠΕ119756-98088,0315, ,TRUE,FALSE,TRUE,FALSE,TRUE,1,FALSE,0,TRUE,0,TRUE,1,FALSE,TRUE,FALSE,TRUE
400004832134,29/05/2026,03/06/2026,03/06/2026,,C0014826,ΠΕ119756-98088,0212, ,TRUE,FALSE,TRUE,FALSE,TRUE,2,FALSE,0,TRUE,0,TRUE,2,FALSE,TRUE,FALSE,TRUE
400004832133,29/05/2026,01/06/2026,01/06/2026,,C0014826,ΠΕ119756-98088,0611, ,TRUE,FALSE,FALSE,FALSE,TRUE,1,FALSE,0,TRUE,0,TRUE,1,FALSE,TRUE,FALSE,TRUE
400004832132,29/05/2026,02/06/2026,02/06/2026,,C0014826,ΠΕ119756-98088,0636, ,TRUE,FALSE,TRUE,FALSE,TRUE,1,FALSE,0,TRUE,0,TRUE,1,FALSE,TRUE,FALSE,TRUE
400004832131,29/05/2026,02/06/2026,02/06/2026,,C0014826,ΠΕ119756-98088,0203, ,TRUE,FALSE,FALSE,FALSE,TRUE,1,FALSE,0,TRUE,0,TRUE,1,FALSE,TRUE,FALSE,TRUE
400004832130,29/05/2026,02/06/2026,02/06/2026,,C0014826,ΠΕ119756-98088,0302, ,TRUE,TRUE,FALSE,FALSE,TRUE,1,FALSE,0,TRUE,0,TRUE,1,FALSE,TRUE,FALSE,TRUE
400004832129,29/05/2026,01/06/2026,02/06/2026,,C0014826,ΠΕ119756-98088,0304, ,TRUE,TRUE,FALSE,FALSE,TRUE,1,FALSE,0,TRUE,0,TRUE,1,FALSE,TRUE,FALSE,TRUE
400004832128,29/05/2026,05/06/2026,,,C0014826,ΠΕ119756-98088,0133, ,TRUE,FALSE,TRUE,FALSE,TRUE,4,FALSE,0,TRUE,0,FALSE,0,FALSE,TRUE,FALSE,TRUE
400004832127,29/05/2026,,,,C0014826,ΠΕ119756-98088,0901, ,FALSE,TRUE,FALSE,TRUE,FALSE,1,FALSE,0,TRUE,0,FALSE,0,FALSE,FALSE,FALSE,TRUE
400004832126,29/05/2026,30/05/2026,30/05/2026,,C0014826,ΠΕ119756-98088,0203, ,TRUE,FALSE,FALSE,FALSE,TRUE,1,FALSE,0,TRUE,0,TRUE,1,FALSE,TRUE,FALSE,TRUE
400004832125,29/05/2026,01/06/2026,01/06/2026,,C0014826,ΠΕ119756-98088,0331, ,FALSE,FALSE,FALSE,FALSE,TRUE,1,FALSE,0,TRUE,0,TRUE,1,FALSE,TRUE,FALSE,TRUE
400004832124,29/05/2026,30/05/2026,30/05/2026,,C0014826,ΠΕ119756-98088,0212, ,TRUE,FALSE,FALSE,FALSE,TRUE,1,FALSE,0,TRUE,0,TRUE,1,FALSE,TRUE,FALSE,TRUE
400004832123,29/05/2026,03/06/2026,03/06/2026,,C0014826,ΠΕ119756-98088,0212, ,TRUE,FALSE,TRUE,FALSE,TRUE,2,FALSE,0,TRUE,0,TRUE,2,FALSE,TRUE,FALSE,TRUE
400004832122,29/05/2026,02/06/2026,02/06/2026,,C0014826,ΠΕ119756-98088,0903, ,FALSE,FALSE,FALSE,FALSE,TRUE,1,FALSE,0,TRUE,0,TRUE,1,FALSE,TRUE,FALSE,TRUE
400004832121,29/05/2026,02/06/2026,,,C0014826,ΠΕ119756-98088,0202, ,TRUE,FALSE,FALSE,FALSE,TRUE,1,FALSE,0,TRUE,0,FALSE,0,FALSE,TRUE,FALSE,TRUE
400004832120,29/05/2026,02/06/2026,02/06/2026,,C0014826,ΠΕ119756-98088,0853, ,FALSE,TRUE,FALSE,FALSE,TRUE,1,FALSE,0,TRUE,0,TRUE,1,FALSE,TRUE,FALSE,TRUE
400004832119,29/05/2026,02/06/2026,02/06/2026,,C0014826,ΠΕ119756-98088,0858, ,FALSE,FALSE,FALSE,FALSE,TRUE,1,FALSE,0,TRUE,0,TRUE,1,FALSE,TRUE,FALSE,TRUE
400004832118,29/05/2026,03/06/2026,,,C0014826,ΠΕ119756-98088,0133, ,TRUE,FALSE,TRUE,FALSE,TRUE,2,FALSE,0,TRUE,0,FALSE,0,FALSE,TRUE,FALSE,TRUE
400004832117,29/05/2026,02/06/2026,02/06/2026,,C0014826,ΠΕ119756-98088,0853, ,FALSE,TRUE,FALSE,FALSE,TRUE,1,FALSE,0,TRUE,0,TRUE,1,FALSE,TRUE,FALSE,TRUE
400004832116,29/05/2026,04/06/2026,04/06/2026,,C0014826,ΠΕ119756-98088,0903, ,FALSE,FALSE,TRUE,FALSE,TRUE,3,FALSE,0,TRUE,0,TRUE,3,FALSE,TRUE,FALSE,TRUE
400004832115,29/05/2026,04/06/2026,,,C0014826,ΠΕ119756-98088,0215, ,TRUE,TRUE,FALSE,FALSE,TRUE,3,FALSE,0,TRUE,0,FALSE,0,FALSE,TRUE,FALSE,TRUE
400004832114,29/05/2026,02/06/2026,04/06/2026,,C0014826,ΠΕ119756-98088,0854, ,FALSE,FALSE,FALSE,FALSE,TRUE,1,FALSE,0,TRUE,0,TRUE,3,FALSE,TRUE,FALSE,TRUE
400004832113,29/05/2026,30/05/2026,30/05/2026,,C0014826,ΠΕ119756-98088,0622, ,TRUE,FALSE,FALSE,FALSE,TRUE,1,FALSE,0,TRUE,0,TRUE,1,FALSE,TRUE,FALSE,TRUE
400004832112,29/05/2026,01/06/2026,01/06/2026,,C0014826,ΠΕ119756-98088,0711, ,TRUE,TRUE,FALSE,FALSE,TRUE,1,FALSE,0,TRUE,0,TRUE,1,FALSE,TRUE,FALSE,TRUE
400004832111,29/05/2026,02/06/2026,02/06/2026,,C0014826,ΠΕ119756-98088,0851, ,FALSE,FALSE,FALSE,FALSE,TRUE,1,FALSE,0,TRUE,0,TRUE,1,FALSE,TRUE,FALSE,TRUE
400004832110,29/05/2026,02/06/2026,02/06/2026,,C0014826,ΠΕ119756-98088,0701, ,TRUE,TRUE,FALSE,FALSE,TRUE,1,FALSE,0,TRUE,0,TRUE,1,FALSE,TRUE,FALSE,TRUE
400004832109,29/05/2026,02/06/2026,04/06/2026,,C0014826,ΠΕ119756-98088,0903, ,FALSE,FALSE,TRUE,FALSE,TRUE,1,FALSE,0,TRUE,0,TRUE,3,FALSE,TRUE,FALSE,TRUE
400004832108,29/05/2026,01/06/2026,01/06/2026,,C0014826,ΠΕ119756-98088,0204, ,TRUE,FALSE,FALSE,FALSE,TRUE,1,FALSE,0,TRUE,0,TRUE,1,FALSE,TRUE,FALSE,TRUE
400004832107,29/05/2026,02/06/2026,02/06/2026,,C0014826,ΠΕ119756-98088,0711, ,TRUE,FALSE,FALSE,FALSE,TRUE,1,FALSE,0,TRUE,0,TRUE,1,FALSE,TRUE,FALSE,TRUE
400004832106,29/05/2026,02/06/2026,04/06/2026,,C0014826,ΠΕ119756-98088,0133, ,TRUE,FALSE,TRUE,FALSE,TRUE,1,FALSE,0,TRUE,0,TRUE,3,FALSE,TRUE,FALSE,TRUE
400004832105,29/05/2026,,,,C0014826,ΠΕ119756-98088,0866, ,FALSE,TRUE,FALSE,TRUE,FALSE,0,FALSE,0,TRUE,0,FALSE,0,FALSE,FALSE,FALSE,TRUE
400004832104,29/05/2026,02/06/2026,,05/06/2026,C0014826,ΠΕ119756-98088,0304, ,TRUE,TRUE,FALSE,FALSE,TRUE,1,TRUE,4,TRUE,0,FALSE,0,FALSE,TRUE,FALSE,TRUE
400004832103,29/05/2026,30/05/2026,30/05/2026,,C0014826,ΠΕ119756-98088,0622, ,TRUE,FALSE,FALSE,FALSE,TRUE,1,FALSE,0,TRUE,0,TRUE,1,FALSE,TRUE,FALSE,TRUE
400004832102,29/05/2026,,,,C0014826,ΠΕ119756-98088,0901, ,FALSE,FALSE,FALSE,TRUE,FALSE,1,FALSE,0,TRUE,0,FALSE,0,FALSE,FALSE,FALSE,TRUE
400004832101,29/05/2026,01/06/2026,02/06/2026,,C0014826,ΠΕ119756-98088,0714, ,TRUE,FALSE,FALSE,FALSE,TRUE,1,FALSE,0,TRUE,0,TRUE,1,FALSE,TRUE,FALSE,TRUE
400004832100,29/05/2026,30/05/2026,30/05/2026,,C0014826,ΠΕ119756-98088,0715, ,TRUE,FALSE,FALSE,FALSE,TRUE,1,FALSE,0,TRUE,0,TRUE,1,FALSE,TRUE,FALSE,TRUE
400004832099,29/05/2026,02/06/2026,,,C0014826,ΠΕ119756-98088,0903, ,FALSE,FALSE,TRUE,FALSE,TRUE,1,FALSE,0,TRUE,0,FALSE,0,FALSE,TRUE,FALSE,TRUE
400004832098,29/05/2026,01/06/2026,01/06/2026,,C0014826,ΠΕ119756-98088,0331, ,FALSE,FALSE,FALSE,FALSE,TRUE,1,FALSE,0,TRUE,0,TRUE,1,FALSE,TRUE,FALSE,TRUE
400004832097,29/05/2026,01/06/2026,01/06/2026,,C0014826,ΠΕ119756-98088,0612, ,TRUE,FALSE,FALSE,FALSE,TRUE,1,FALSE,0,TRUE,0,TRUE,1,FALSE,TRUE,FALSE,TRUE
400004832096,29/05/2026,02/06/2026,02/06/2026,,C0014826,ΠΕ119756-98088,0212, ,TRUE,FALSE,FALSE,FALSE,TRUE,1,FALSE,0,TRUE,0,TRUE,1,FALSE,TRUE,FALSE,TRUE
400004832095,29/05/2026,02/06/2026,02/06/2026,,C0014826,ΠΕ119756-98088,0325, ,TRUE,FALSE,FALSE,FALSE,TRUE,1,FALSE,0,TRUE,0,TRUE,1,FALSE,TRUE,FALSE,TRUE
400004832094,29/05/2026,01/06/2026,01/06/2026,,C0014826,ΠΕ119756-98088,0855, ,FALSE,FALSE,FALSE,FALSE,TRUE,1,FALSE,0,TRUE,0,TRUE,1,FALSE,TRUE,FALSE,TRUE
400004832093,29/05/2026,02/06/2026,02/06/2026,,C0014826,ΠΕ119756-98088,0714, ,TRUE,FALSE,FALSE,FALSE,TRUE,1,FALSE,0,TRUE,0,TRUE,1,FALSE,TRUE,FALSE,TRUE
400004832092,29/05/2026,02/06/2026,02/06/2026,,C0014826,ΠΕ119756-98088,0214, ,TRUE,FALSE,FALSE,FALSE,TRUE,1,FALSE,0,TRUE,0,TRUE,1,FALSE,TRUE,FALSE,TRUE
400004832091,29/05/2026,02/06/2026,02/06/2026,,C0014826,ΠΕ119756-98088,0851, ,FALSE,FALSE,FALSE,FALSE,TRUE,1,FALSE,0,TRUE,0,TRUE,1,FALSE,TRUE,FALSE,TRUE
400004832090,29/05/2026,02/06/2026,,,C0014826,ΠΕ119756-98088,0212, ,TRUE,FALSE,FALSE,FALSE,TRUE,1,FALSE,0,TRUE,0,FALSE,0,FALSE,TRUE,FALSE,TRUE
400004832089,29/05/2026,30/05/2026,03/06/2026,,C0014826,ΠΕ119756-98088,0634, ,TRUE,TRUE,FALSE,FALSE,TRUE,1,FALSE,0,TRUE,0,TRUE,2,FALSE,TRUE,FALSE,TRUE
400004832088,29/05/2026,02/06/2026,02/06/2026,,C0014826,ΠΕ119756-98088,0204, ,TRUE,FALSE,FALSE,FALSE,TRUE,1,FALSE,0,TRUE,0,TRUE,1,FALSE,TRUE,FALSE,TRUE
400004832087,29/05/2026,01/06/2026,01/06/2026,,C0014826,ΠΕ119756-98088,0852, ,FALSE,FALSE,FALSE,FALSE,TRUE,1,FALSE,0,TRUE,0,TRUE,1,FALSE,TRUE,FALSE,TRUE
400004832086,29/05/2026,02/06/2026,02/06/2026,,C0014826,ΠΕ119756-98088,0323, ,TRUE,TRUE,FALSE,FALSE,TRUE,1,FALSE,0,TRUE,0,TRUE,1,FALSE,TRUE,FALSE,TRUE
400004832085,29/05/2026,03/06/2026,03/06/2026,,C0014826,ΠΕ119756-98088,0141, ,TRUE,FALSE,FALSE,FALSE,TRUE,2,FALSE,0,TRUE,0,TRUE,2,FALSE,TRUE,FALSE,TRUE
400004832084,29/05/2026,02/06/2026,02/06/2026,,C0014826,ΠΕ119756-98088,0503, ,TRUE,FALSE,FALSE,FALSE,TRUE,1,FALSE,0,TRUE,0,TRUE,1,FALSE,TRUE,FALSE,TRUE
400004832083,29/05/2026,30/05/2026,30/05/2026,,C0014826,ΠΕ119756-98088,0612, ,TRUE,FALSE,FALSE,FALSE,TRUE,1,FALSE,0,TRUE,0,TRUE,1,FALSE,TRUE,FALSE,TRUE
400004832082,29/05/2026,01/06/2026,01/06/2026,,C0014826,ΠΕ119756-98088,0331, ,FALSE,FALSE,FALSE,FALSE,TRUE,1,FALSE,0,TRUE,0,TRUE,1,FALSE,TRUE,FALSE,TRUE
400004832080,29/05/2026,30/05/2026,30/05/2026,,C0014826,ΠΕ119756-98088,0339, ,TRUE,FALSE,TRUE,FALSE,TRUE,1,FALSE,0,TRUE,0,TRUE,1,FALSE,TRUE,FALSE,TRUE
400004832079,29/05/2026,,,,C0014826,ΠΕ119756-98088,0907, ,FALSE,TRUE,FALSE,TRUE,FALSE,1,FALSE,0,TRUE,0,FALSE,0,FALSE,FALSE,FALSE,TRUE
400004832078,29/05/2026,01/06/2026,03/06/2026,,C0014826,ΠΕ119756-98088,0304, ,TRUE,TRUE,FALSE,FALSE,TRUE,1,FALSE,0,TRUE,0,TRUE,2,FALSE,TRUE,FALSE,TRUE
400004832077,29/05/2026,01/06/2026,01/06/2026,,C0014826,ΠΕ119756-98088,0636, ,TRUE,FALSE,FALSE,FALSE,TRUE,1,FALSE,0,TRUE,0,TRUE,1,FALSE,TRUE,FALSE,TRUE
400004832076,29/05/2026,02/06/2026,02/06/2026,,C0014826,ΠΕ119756-98088,0202, ,TRUE,FALSE,FALSE,FALSE,TRUE,1,FALSE,0,TRUE,0,TRUE,1,FALSE,TRUE,FALSE,TRUE
400004832075,29/05/2026,01/06/2026,02/06/2026,,C0014826,ΠΕ119756-98088,0331, ,FALSE,FALSE,FALSE,FALSE,TRUE,1,FALSE,0,TRUE,0,TRUE,1,FALSE,TRUE,FALSE,TRUE
400004832074,29/05/2026,02/06/2026,02/06/2026,,C0014826,ΠΕ119756-98088,0331, ,FALSE,FALSE,FALSE,FALSE,TRUE,1,FALSE,0,TRUE,0,TRUE,1,FALSE,TRUE,FALSE,TRUE
400004832073,29/05/2026,05/06/2026,,,C0014826,ΠΕ119756-98088,0504, ,FALSE,FALSE,FALSE,FALSE,TRUE,4,FALSE,0,TRUE,0,FALSE,0,FALSE,FALSE,FALSE,TRUE
400004832072,29/05/2026,05/06/2026,05/06/2026,,C0014826,ΠΕ119756-98088,0504, ,FALSE,FALSE,FALSE,FALSE,TRUE,4,FALSE,0,TRUE,0,TRUE,4,FALSE,FALSE,FALSE,TRUE
400004832071,29/05/2026,02/06/2026,02/06/2026,,C0014826,ΠΕ119756-98088,0201, ,TRUE,FALSE,FALSE,FALSE,TRUE,1,FALSE,0,TRUE,0,TRUE,1,FALSE,TRUE,FALSE,TRUE
400004832070,29/05/2026,02/06/2026,,,C0014826,ΠΕ119756-98088,0903, ,FALSE,FALSE,FALSE,FALSE,TRUE,1,FALSE,0,TRUE,0,FALSE,0,FALSE,TRUE,FALSE,TRUE
400004832069,29/05/2026,01/06/2026,01/06/2026,,C0014826,ΠΕ119756-98088,0711, ,TRUE,TRUE,FALSE,FALSE,TRUE,1,FALSE,0,TRUE,0,TRUE,1,FALSE,TRUE,FALSE,TRUE
400004832068,29/05/2026,,,,C0014826,ΠΕ119756-98088,0906, ,FALSE,FALSE,TRUE,TRUE,FALSE,2,FALSE,0,TRUE,0,FALSE,0,FALSE,FALSE,FALSE,TRUE
400004832067,29/05/2026,02/06/2026,02/06/2026,,C0014826,ΠΕ119756-98088,0204, ,TRUE,FALSE,FALSE,FALSE,TRUE,1,FALSE,0,TRUE,0,TRUE,1,FALSE,TRUE,FALSE,TRUE
400004832066,29/05/2026,02/06/2026,04/06/2026,,C0014826,ΠΕ119756-98088,0701, ,TRUE,FALSE,FALSE,FALSE,TRUE,1,FALSE,0,TRUE,0,TRUE,3,FALSE,TRUE,FALSE,TRUE
400004832065,29/05/2026,02/06/2026,03/06/2026,,C0014826,ΠΕ119756-98088,0307, ,TRUE,FALSE,FALSE,FALSE,TRUE,1,FALSE,0,TRUE,0,TRUE,2,FALSE,TRUE,FALSE,TRUE
400004832064,29/05/2026,01/06/2026,02/06/2026,,C0014826,ΠΕ119756-98088,0635, ,TRUE,FALSE,FALSE,FALSE,TRUE,1,FALSE,0,TRUE,0,TRUE,1,FALSE,TRUE,FALSE,TRUE
400004832063,29/05/2026,03/06/2026,04/06/2026,,C0014826,ΠΕ119756-98088,0131, ,TRUE,FALSE,TRUE,FALSE,TRUE,2,FALSE,0,TRUE,0,TRUE,3,FALSE,TRUE,FALSE,TRUE
400004832062,29/05/2026,02/06/2026,02/06/2026,,C0014826,ΠΕ119756-98088,0858, ,FALSE,FALSE,FALSE,FALSE,TRUE,1,FALSE,0,TRUE,0,TRUE,1,FALSE,TRUE,FALSE,TRUE
400004832061,29/05/2026,,,,C0014826,ΠΕ119756-98088,0871, ,FALSE,FALSE,FALSE,TRUE,FALSE,0,FALSE,0,TRUE,0,FALSE,0,FALSE,FALSE,FALSE,TRUE
400004832060,29/05/2026,01/06/2026,01/06/2026,,C0014826,ΠΕ119756-98088,0131, ,TRUE,TRUE,FALSE,FALSE,TRUE,1,FALSE,0,TRUE,0,TRUE,1,FALSE,TRUE,FALSE,TRUE
400004832059,29/05/2026,02/06/2026,02/06/2026,,C0014826,ΠΕ119756-98088,0131, ,TRUE,FALSE,TRUE,FALSE,TRUE,1,FALSE,0,TRUE,0,TRUE,1,FALSE,TRUE,FALSE,TRUE
400004832058,29/05/2026,30/05/2026,01/06/2026,,C0014826,ΠΕ119756-98088,0211, ,TRUE,FALSE,FALSE,FALSE,TRUE,1,FALSE,0,TRUE,0,TRUE,1,FALSE,TRUE,FALSE,TRUE
400004832057,29/05/2026,02/06/2026,02/06/2026,,C0014826,ΠΕ119756-98088,0204, ,TRUE,FALSE,FALSE,FALSE,TRUE,1,FALSE,0,TRUE,0,TRUE,1,FALSE,TRUE,FALSE,TRUE
400004832056,29/05/2026,02/06/2026,02/06/2026,,C0014826,ΠΕ119756-98088,0204, ,TRUE,FALSE,FALSE,FALSE,TRUE,1,FALSE,0,TRUE,0,TRUE,1,FALSE,TRUE,FALSE,TRUE
400004831945,29/05/2026,30/05/2026,30/05/2026,,C0014826,ΠΕ119756-98088,0905, ,FALSE,FALSE,FALSE,FALSE,TRUE,1,FALSE,0,TRUE,0,TRUE,1,FALSE,TRUE,FALSE,TRUE
160000404262,29/05/2026,02/06/2026,03/06/2026,,C0014826,ΠΕ119756-98088,0203, ,TRUE,TRUE,FALSE,FALSE,TRUE,1,FALSE,0,TRUE,0,TRUE,2,FALSE,TRUE,FALSE,TRUE
160000404261,29/05/2026,01/06/2026,01/06/2026,,C0014826,ΠΕ119756-98088,0204, ,TRUE,FALSE,FALSE,FALSE,TRUE,1,FALSE,0,TRUE,0,TRUE,1,FALSE,TRUE,FALSE,TRUE
160000404260,29/05/2026,01/06/2026,01/06/2026,,C0014826,ΠΕ119756-98088,0331, ,FALSE,FALSE,FALSE,FALSE,TRUE,1,FALSE,0,TRUE,0,TRUE,1,FALSE,TRUE,FALSE,TRUE
160000404259,29/05/2026,02/06/2026,04/06/2026,,C0014826,ΠΕ119756-98088,0854, ,FALSE,FALSE,FALSE,FALSE,TRUE,1,FALSE,0,TRUE,0,TRUE,3,FALSE,TRUE,FALSE,TRUE
160000404258,29/05/2026,02/06/2026,02/06/2026,,C0014826,ΠΕ119756-98088,0325, ,TRUE,FALSE,FALSE,FALSE,TRUE,1,FALSE,0,TRUE,0,TRUE,1,FALSE,TRUE,FALSE,TRUE
160000404257,29/05/2026,01/06/2026,01/06/2026,,C0014826,ΠΕ119756-98088,0331, ,FALSE,FALSE,FALSE,FALSE,TRUE,1,FALSE,0,TRUE,0,TRUE,1,FALSE,TRUE,FALSE,TRUE
160000404256,29/05/2026,02/06/2026,03/06/2026,,C0014826,ΠΕ119756-98088,0203, ,TRUE,TRUE,FALSE,FALSE,TRUE,1,FALSE,0,TRUE,0,TRUE,2,FALSE,TRUE,FALSE,TRUE
160000404255,29/05/2026,01/06/2026,01/06/2026,,C0014826,ΠΕ119756-98088,0611, ,TRUE,FALSE,FALSE,FALSE,TRUE,1,FALSE,0,TRUE,0,TRUE,1,FALSE,TRUE,FALSE,TRUE
160000404254,29/05/2026,30/05/2026,03/06/2026,,C0014826,ΠΕ119756-98088,0203, ,TRUE,TRUE,FALSE,FALSE,TRUE,1,FALSE,0,TRUE,0,TRUE,2,FALSE,TRUE,FALSE,TRUE
160000404253,29/05/2026,01/06/2026,01/06/2026,,C0014826,ΠΕ119756-98088,0711, ,TRUE,TRUE,FALSE,FALSE,TRUE,1,FALSE,0,TRUE,0,TRUE,1,FALSE,TRUE,FALSE,TRUE
160000404252,29/05/2026,30/05/2026,30/05/2026,,C0014826,ΠΕ119756-98088,0612, ,TRUE,FALSE,FALSE,FALSE,TRUE,1,FALSE,0,TRUE,0,TRUE,1,FALSE,TRUE,FALSE,TRUE
160000404251,29/05/2026,01/06/2026,01/06/2026,,C0014826,ΠΕ119756-98088,0855, ,FALSE,FALSE,FALSE,FALSE,TRUE,1,FALSE,0,TRUE,0,TRUE,1,FALSE,TRUE,FALSE,TRUE
160000404250,29/05/2026,01/06/2026,02/06/2026,,C0014826,ΠΕ119756-98088,0636, ,TRUE,TRUE,FALSE,FALSE,TRUE,1,FALSE,0,TRUE,0,TRUE,1,FALSE,TRUE,FALSE,TRUE
160000404249,29/05/2026,01/06/2026,02/06/2026,,C0014826,ΠΕ119756-98088,0636, ,TRUE,TRUE,FALSE,FALSE,TRUE,1,FALSE,0,TRUE,0,TRUE,1,FALSE,TRUE,FALSE,TRUE
160000404248,29/05/2026,,,,C0014826,ΠΕ119756-98088,0504, ,FALSE,FALSE,FALSE,TRUE,FALSE,3,FALSE,0,TRUE,0,FALSE,0,FALSE,FALSE,FALSE,TRUE
160000404247,29/05/2026,02/06/2026,02/06/2026,,C0014826,ΠΕ119756-98088,0853, ,FALSE,TRUE,FALSE,FALSE,TRUE,1,FALSE,0,TRUE,0,TRUE,1,FALSE,TRUE,FALSE,TRUE
160000404246,29/05/2026,02/06/2026,02/06/2026,,C0014826,ΠΕ119756-98088,0204, ,TRUE,FALSE,FALSE,FALSE,TRUE,1,FALSE,0,TRUE,0,TRUE,1,FALSE,TRUE,FALSE,TRUE
160000404245,29/05/2026,02/06/2026,02/06/2026,,C0014826,ΠΕ119756-98088,0851, ,FALSE,FALSE,FALSE,FALSE,TRUE,1,FALSE,0,TRUE,0,TRUE,1,FALSE,TRUE,FALSE,TRUE
160000404244,29/05/2026,01/06/2026,01/06/2026,,C0014826,ΠΕ119756-98088,0711, ,TRUE,TRUE,FALSE,FALSE,TRUE,1,FALSE,0,TRUE,0,TRUE,1,FALSE,TRUE,FALSE,TRUE
160000404241,29/05/2026,,,,C0014826,ΠΕ119756-98088,0906, ,FALSE,FALSE,TRUE,TRUE,FALSE,2,FALSE,0,TRUE,0,FALSE,0,FALSE,FALSE,FALSE,TRUE
400004832029,28/05/2026,29/05/2026,29/05/2026,,C0014826,ΠΕ119756-98088,0133, ,TRUE,TRUE,FALSE,FALSE,TRUE,1,FALSE,0,TRUE,0,TRUE,1,FALSE,TRUE,FALSE,TRUE
700047197424,28/05/2026,03/06/2026,03/06/2026,,C0014826,ΠΕ119756-98088,0948, ,TRUE,FALSE,FALSE,FALSE,TRUE,3,FALSE,0,FALSE,0,TRUE,3,FALSE,TRUE,FALSE,FALSE
700047110925,28/05/2026,29/05/2026,29/05/2026,,C0014826,ΠΕ119756-98088,0125,ATH,TRUE,FALSE,FALSE,FALSE,TRUE,1,FALSE,0,FALSE,0,TRUE,1,FALSE,TRUE,FALSE,FALSE
052001158297,28/05/2026,29/05/2026,29/05/2026,,C0014826,ΠΕ119756-98088,0948, ,TRUE,FALSE,FALSE,FALSE,TRUE,1,FALSE,0,TRUE,0,TRUE,1,FALSE,TRUE,FALSE,TRUE
052001559786,28/05/2026,29/05/2026,29/05/2026,,C0014826,ΠΕ119756-98088,0948, ,TRUE,FALSE,FALSE,FALSE,TRUE,1,FALSE,0,TRUE,0,TRUE,1,FALSE,TRUE,FALSE,TRUE
052001559720,28/05/2026,29/05/2026,29/05/2026,,C0014826,ΠΕ119756-98088,0948, ,TRUE,FALSE,FALSE,FALSE,TRUE,1,FALSE,0,TRUE,0,TRUE,1,FALSE,TRUE,FALSE,TRUE
052000419229,28/05/2026,29/05/2026,29/05/2026,,C0014826,ΠΕ119756-98088,0948, ,TRUE,FALSE,FALSE,FALSE,TRUE,1,FALSE,0,TRUE,0,TRUE,1,FALSE,TRUE,FALSE,TRUE
700047194162,28/05/2026,29/05/2026,29/05/2026,,C0014826,ΠΕ119756-98088,0948, ,TRUE,FALSE,FALSE,FALSE,TRUE,1,FALSE,0,FALSE,0,TRUE,1,FALSE,TRUE,FALSE,FALSE
700047212579,28/05/2026,29/05/2026,29/05/2026,,C0014826,ΠΕ119756-98088,0948, ,TRUE,FALSE,FALSE,FALSE,TRUE,1,FALSE,0,TRUE,0,TRUE,1,FALSE,TRUE,FALSE,TRUE
050093445336,28/05/2026,01/06/2026,01/06/2026,,C0014826,ΠΕ119756-102229,0948, ,TRUE,FALSE,FALSE,FALSE,TRUE,2,FALSE,0,FALSE,0,TRUE,2,FALSE,TRUE,FALSE,FALSE
052000433925,28/05/2026,01/06/2026,01/06/2026,,C0014826,ΠΕ119756-98088,0948, ,TRUE,FALSE,FALSE,FALSE,TRUE,2,FALSE,0,FALSE,0,TRUE,2,FALSE,TRUE,FALSE,FALSE
052000433914,28/05/2026,03/06/2026,03/06/2026,,C0014826,ΠΕ119756-98088,0948, ,TRUE,FALSE,FALSE,FALSE,TRUE,3,FALSE,0,FALSE,0,TRUE,3,FALSE,FALSE,FALSE,FALSE
052000433903,28/05/2026,29/05/2026,29/05/2026,,C0014826,ΠΕ119756-98088,0948, ,TRUE,FALSE,FALSE,FALSE,TRUE,1,FALSE,0,FALSE,0,TRUE,1,FALSE,TRUE,FALSE,FALSE
700047212510,28/05/2026,29/05/2026,29/05/2026,,C0014826,ΠΕ119756-98088,0948, ,TRUE,FALSE,FALSE,FALSE,TRUE,1,FALSE,0,TRUE,0,TRUE,1,FALSE,TRUE,FALSE,TRUE
052000966061,28/05/2026,01/06/2026,01/06/2026,,C0014826,ΠΕ119756-98088,0503, ,TRUE,TRUE,FALSE,FALSE,TRUE,2,FALSE,0,TRUE,0,TRUE,2,FALSE,TRUE,FALSE,TRUE
052000966039,28/05/2026,29/05/2026,29/05/2026,,C0014826,ΠΕ119756-98088,0505, ,TRUE,TRUE,FALSE,FALSE,TRUE,1,FALSE,0,TRUE,0,TRUE,1,FALSE,TRUE,FALSE,TRUE
052000966028,28/05/2026,28/05/2026,28/05/2026,,C0014826,ΠΕ119756-98088,0937,ATH,TRUE,FALSE,FALSE,FALSE,TRUE,0,FALSE,0,TRUE,0,TRUE,0,FALSE,TRUE,FALSE,TRUE
052000966006,28/05/2026,01/06/2026,05/06/2026,,C0014826,ΠΕ119756-98088,0902, ,FALSE,FALSE,FALSE,FALSE,TRUE,2,FALSE,0,TRUE,0,TRUE,5,FALSE,TRUE,FALSE,TRUE
052000964829,28/05/2026,04/06/2026,04/06/2026,,C0014826,ΠΕ119756-98088,0851, ,FALSE,FALSE,FALSE,FALSE,TRUE,4,FALSE,0,TRUE,0,TRUE,4,FALSE,FALSE,FALSE,TRUE
400004832055,28/05/2026,01/06/2026,01/06/2026,,C0014826,ΠΕ119756-98088,0636, ,TRUE,FALSE,TRUE,FALSE,TRUE,2,FALSE,0,TRUE,0,TRUE,2,FALSE,TRUE,FALSE,TRUE
400004832054,28/05/2026,29/05/2026,29/05/2026,,C0014826,ΠΕ119756-98088,0309, ,TRUE,FALSE,FALSE,FALSE,TRUE,1,FALSE,0,TRUE,0,TRUE,1,FALSE,TRUE,FALSE,TRUE
400004832053,28/05/2026,30/05/2026,30/05/2026,,C0014826,ΠΕ119756-98088,0324, ,TRUE,FALSE,FALSE,FALSE,TRUE,2,FALSE,0,TRUE,0,TRUE,2,FALSE,TRUE,FALSE,TRUE
400004832052,28/05/2026,03/06/2026,03/06/2026,,C0014826,ΠΕ119756-98088,0321, ,TRUE,FALSE,TRUE,FALSE,TRUE,3,FALSE,0,TRUE,0,TRUE,3,FALSE,TRUE,FALSE,TRUE
400004832051,28/05/2026,29/05/2026,29/05/2026,,C0014826,ΠΕ119756-98088,0611, ,TRUE,FALSE,TRUE,FALSE,TRUE,1,FALSE,0,TRUE,0,TRUE,1,FALSE,TRUE,FALSE,TRUE
400004832050,28/05/2026,29/05/2026,29/05/2026,,C0014826,ΠΕ119756-98088,0611, ,TRUE,FALSE,FALSE,FALSE,TRUE,1,FALSE,0,TRUE,0,TRUE,1,FALSE,TRUE,FALSE,TRUE
400004832049,28/05/2026,29/05/2026,29/05/2026,,C0014826,ΠΕ119756-98088,0331, ,FALSE,FALSE,FALSE,FALSE,TRUE,1,FALSE,0,TRUE,0,TRUE,1,FALSE,TRUE,FALSE,TRUE
400004832048,28/05/2026,,,,C0014826,ΠΕ119756-98088,0901, ,FALSE,FALSE,FALSE,TRUE,FALSE,1,FALSE,0,TRUE,0,FALSE,0,FALSE,FALSE,FALSE,TRUE
400004832047,28/05/2026,29/05/2026,29/05/2026,,C0014826,ΠΕ119756-98088,0133, ,TRUE,FALSE,FALSE,FALSE,TRUE,1,FALSE,0,TRUE,0,TRUE,1,FALSE,TRUE,FALSE,TRUE
400004832046,28/05/2026,29/05/2026,29/05/2026,,C0014826,ΠΕ119756-98088,0133, ,TRUE,FALSE,TRUE,FALSE,TRUE,1,FALSE,0,TRUE,0,TRUE,1,FALSE,TRUE,FALSE,TRUE
400004832045,28/05/2026,29/05/2026,29/05/2026,,C0014826,ΠΕ119756-98088,0202, ,TRUE,FALSE,FALSE,FALSE,TRUE,1,FALSE,0,TRUE,0,TRUE,1,FALSE,TRUE,FALSE,TRUE
400004832044,28/05/2026,,,,C0014826,ΠΕ119756-98088,0901, ,FALSE,FALSE,FALSE,TRUE,FALSE,2,FALSE,0,TRUE,0,FALSE,0,FALSE,FALSE,FALSE,TRUE
400004832043,28/05/2026,01/06/2026,02/06/2026,,C0014826,ΠΕ119756-98088,0903, ,FALSE,FALSE,FALSE,FALSE,TRUE,2,FALSE,0,TRUE,0,TRUE,2,FALSE,TRUE,FALSE,TRUE
400004832042,28/05/2026,29/05/2026,29/05/2026,,C0014826,ΠΕ119756-98088,0641, ,TRUE,FALSE,TRUE,FALSE,TRUE,1,FALSE,0,TRUE,0,TRUE,1,FALSE,TRUE,FALSE,TRUE
400004832041,28/05/2026,03/06/2026,03/06/2026,,C0014826,ΠΕ119756-98088,0903, ,FALSE,FALSE,TRUE,FALSE,TRUE,3,FALSE,0,TRUE,0,TRUE,3,FALSE,TRUE,FALSE,TRUE
400004832040,28/05/2026,,,,C0014826,ΠΕ119756-98088,0901, ,FALSE,FALSE,FALSE,FALSE,FALSE,5,FALSE,0,TRUE,0,FALSE,0,FALSE,FALSE,FALSE,TRUE
400004832039,28/05/2026,,,,C0014826,ΠΕ119756-98088,0901, ,FALSE,FALSE,FALSE,FALSE,FALSE,5,FALSE,0,TRUE,0,FALSE,0,FALSE,FALSE,FALSE,TRUE
400004832038,28/05/2026,03/06/2026,04/06/2026,,C0014826,ΠΕ119756-98088,0903, ,FALSE,FALSE,TRUE,FALSE,TRUE,3,FALSE,0,TRUE,0,TRUE,4,FALSE,TRUE,FALSE,TRUE
400004832036,28/05/2026,29/05/2026,,,C0014826,ΠΕ119756-98088,0203, ,TRUE,FALSE,FALSE,FALSE,TRUE,1,FALSE,0,TRUE,0,FALSE,0,FALSE,TRUE,FALSE,TRUE
400004832035,28/05/2026,02/06/2026,02/06/2026,,C0014826,ΠΕ119756-98088,0323, ,TRUE,TRUE,FALSE,FALSE,TRUE,2,FALSE,0,TRUE,0,TRUE,2,FALSE,TRUE,FALSE,TRUE
400004832034,28/05/2026,01/06/2026,01/06/2026,,C0014826,ΠΕ119756-98088,0324, ,TRUE,FALSE,TRUE,FALSE,TRUE,2,FALSE,0,TRUE,0,TRUE,2,FALSE,TRUE,FALSE,TRUE
400004832033,28/05/2026,28/05/2026,05/06/2026,,C0014826,ΠΕ119756-98088,0131, ,TRUE,FALSE,TRUE,FALSE,TRUE,0,FALSE,0,TRUE,0,TRUE,5,FALSE,TRUE,FALSE,TRUE
400004832032,28/05/2026,02/06/2026,02/06/2026,,C0014826,ΠΕ119756-98088,0323, ,TRUE,FALSE,FALSE,FALSE,TRUE,2,FALSE,0,TRUE,0,TRUE,2,FALSE,TRUE,FALSE,TRUE
400004832030,28/05/2026,29/05/2026,02/06/2026,,C0014826,ΠΕ119756-98088,0203, ,TRUE,FALSE,FALSE,FALSE,TRUE,1,FALSE,0,TRUE,0,TRUE,2,FALSE,TRUE,FALSE,TRUE
400004832028,28/05/2026,29/05/2026,29/05/2026,,C0014826,ΠΕ119756-98088,0201, ,TRUE,TRUE,FALSE,FALSE,TRUE,1,FALSE,0,TRUE,0,TRUE,1,FALSE,TRUE,FALSE,TRUE
400004832027,28/05/2026,29/05/2026,29/05/2026,,C0014826,ΠΕ119756-98088,0628,SKG,TRUE,FALSE,TRUE,FALSE,TRUE,1,FALSE,0,TRUE,0,TRUE,1,FALSE,TRUE,FALSE,TRUE
400004832026,28/05/2026,29/05/2026,29/05/2026,,C0014826,ΠΕ119756-98088,0903, ,FALSE,FALSE,TRUE,FALSE,TRUE,1,FALSE,0,TRUE,0,TRUE,1,FALSE,TRUE,FALSE,TRUE
400004832025,28/05/2026,29/05/2026,02/06/2026,,C0014826,ΠΕ119756-98088,0214, ,TRUE,FALSE,FALSE,FALSE,TRUE,1,FALSE,0,TRUE,0,TRUE,2,FALSE,TRUE,FALSE,TRUE
400004832024,28/05/2026,29/05/2026,29/05/2026,,C0014826,ΠΕ119756-98088,0304, ,TRUE,FALSE,FALSE,FALSE,TRUE,1,FALSE,0,TRUE,0,TRUE,1,FALSE,TRUE,FALSE,TRUE
400004832023,28/05/2026,29/05/2026,29/05/2026,,C0014826,ΠΕ119756-98088,0307, ,TRUE,FALSE,FALSE,FALSE,TRUE,1,FALSE,0,TRUE,0,TRUE,1,FALSE,TRUE,FALSE,TRUE
400004832022,28/05/2026,02/06/2026,02/06/2026,,C0014826,ΠΕ119756-98088,0212, ,TRUE,FALSE,TRUE,FALSE,TRUE,2,FALSE,0,TRUE,0,TRUE,2,FALSE,TRUE,FALSE,TRUE
400004832021,28/05/2026,29/05/2026,30/05/2026,,C0014826,ΠΕ119756-98088,0131, ,TRUE,TRUE,FALSE,FALSE,TRUE,1,FALSE,0,TRUE,0,TRUE,2,FALSE,TRUE,FALSE,TRUE
400004832020,28/05/2026,28/05/2026,29/05/2026,,C0014826,ΠΕ119756-98088,0133, ,TRUE,FALSE,TRUE,FALSE,TRUE,0,FALSE,0,TRUE,0,TRUE,1,FALSE,TRUE,FALSE,TRUE
400004832019,28/05/2026,01/06/2026,02/06/2026,,C0014826,ΠΕ119756-98088,0903, ,FALSE,FALSE,FALSE,FALSE,TRUE,2,FALSE,0,TRUE,0,TRUE,2,FALSE,TRUE,FALSE,TRUE
400004832018,28/05/2026,29/05/2026,29/05/2026,,C0014826,ΠΕ119756-98088,0202, ,TRUE,FALSE,FALSE,FALSE,TRUE,1,FALSE,0,TRUE,0,TRUE,1,FALSE,TRUE,FALSE,TRUE
400004832017,28/05/2026,29/05/2026,29/05/2026,,C0014826,ΠΕ119756-98088,0636, ,TRUE,FALSE,FALSE,FALSE,TRUE,1,FALSE,0,TRUE,0,TRUE,1,FALSE,TRUE,FALSE,TRUE
400004832016,28/05/2026,30/05/2026,30/05/2026,,C0014826,ΠΕ119756-98088,0208, ,TRUE,FALSE,FALSE,FALSE,TRUE,2,FALSE,0,TRUE,0,TRUE,2,FALSE,TRUE,FALSE,TRUE
400004832015,28/05/2026,29/05/2026,29/05/2026,,C0014826,ΠΕ119756-98088,0331, ,FALSE,FALSE,FALSE,FALSE,TRUE,1,FALSE,0,TRUE,0,TRUE,1,FALSE,TRUE,FALSE,TRUE
400004832014,28/05/2026,29/05/2026,,,C0014826,ΠΕ119756-98088,0903, ,FALSE,FALSE,FALSE,FALSE,TRUE,1,FALSE,0,TRUE,0,FALSE,0,FALSE,TRUE,FALSE,TRUE
400004832013,28/05/2026,29/05/2026,29/05/2026,,C0014826,ΠΕ119756-98088,0331, ,FALSE,FALSE,FALSE,FALSE,TRUE,1,FALSE,0,TRUE,0,TRUE,1,FALSE,TRUE,FALSE,TRUE
400004832012,28/05/2026,29/05/2026,29/05/2026,,C0014826,ΠΕ119756-98088,0305, ,TRUE,FALSE,FALSE,FALSE,TRUE,1,FALSE,0,TRUE,0,TRUE,1,FALSE,TRUE,FALSE,TRUE
400004832011,28/05/2026,,,,C0014826,ΠΕ119756-98088,0907, ,FALSE,FALSE,FALSE,TRUE,FALSE,2,FALSE,0,TRUE,0,FALSE,0,FALSE,FALSE,FALSE,TRUE
400004832010,28/05/2026,01/06/2026,02/06/2026,,C0014826,ΠΕ119756-98088,0636, ,TRUE,TRUE,FALSE,FALSE,TRUE,2,FALSE,0,TRUE,0,TRUE,2,FALSE,TRUE,FALSE,TRUE
400004832009,28/05/2026,28/05/2026,01/06/2026,,C0014826,ΠΕ119756-98088,0641, ,TRUE,FALSE,TRUE,FALSE,TRUE,0,FALSE,0,TRUE,0,TRUE,2,FALSE,TRUE,FALSE,TRUE
400004832008,28/05/2026,,,,C0014826,ΠΕ119756-98088,0907, ,FALSE,FALSE,TRUE,TRUE,FALSE,2,FALSE,0,TRUE,0,FALSE,0,FALSE,FALSE,FALSE,TRUE
400004832007,28/05/2026,,,,C0014826,ΠΕ119756-98088,0901, ,FALSE,FALSE,FALSE,TRUE,FALSE,1,FALSE,0,TRUE,0,FALSE,0,FALSE,FALSE,FALSE,TRUE
400004832006,28/05/2026,29/05/2026,29/05/2026,,C0014826,ΠΕ119756-98088,0133, ,TRUE,FALSE,TRUE,FALSE,TRUE,1,FALSE,0,TRUE,0,TRUE,1,FALSE,TRUE,FALSE,TRUE
400004832005,28/05/2026,,,,C0014826,ΠΕ119756-98088,0901, ,FALSE,FALSE,FALSE,FALSE,FALSE,5,FALSE,0,TRUE,0,FALSE,0,FALSE,FALSE,FALSE,TRUE
400004832004,28/05/2026,29/05/2026,30/05/2026,,C0014826,ΠΕ119756-98088,0715, ,TRUE,FALSE,FALSE,FALSE,TRUE,1,FALSE,0,TRUE,0,TRUE,2,FALSE,TRUE,FALSE,TRUE
400004832003,28/05/2026,01/06/2026,01/06/2026,,C0014826,ΠΕ119756-98088,0131, ,TRUE,TRUE,FALSE,FALSE,TRUE,2,FALSE,0,TRUE,0,TRUE,2,FALSE,TRUE,FALSE,TRUE
400004832002,28/05/2026,28/05/2026,30/05/2026,,C0014826,ΠΕ119756-98088,0853, ,FALSE,TRUE,FALSE,FALSE,TRUE,0,FALSE,0,TRUE,0,TRUE,2,FALSE,TRUE,FALSE,TRUE
400004832001,28/05/2026,01/06/2026,01/06/2026,,C0014826,ΠΕ119756-98088,0324, ,TRUE,TRUE,FALSE,FALSE,TRUE,2,FALSE,0,TRUE,0,TRUE,2,FALSE,TRUE,FALSE,TRUE
400004832000,28/05/2026,29/05/2026,30/05/2026,,C0014826,ΠΕ119756-98088,0331, ,FALSE,FALSE,FALSE,FALSE,TRUE,1,FALSE,0,TRUE,0,TRUE,2,FALSE,TRUE,FALSE,TRUE
400004831999,28/05/2026,28/05/2026,29/05/2026,,C0014826,ΠΕ119756-98088,0131, ,TRUE,TRUE,FALSE,FALSE,TRUE,0,FALSE,0,TRUE,0,TRUE,1,FALSE,TRUE,FALSE,TRUE
400004831998,28/05/2026,29/05/2026,,,C0014826,ΠΕ119756-98088,0214, ,TRUE,FALSE,FALSE,FALSE,TRUE,1,FALSE,0,TRUE,0,FALSE,0,FALSE,TRUE,FALSE,TRUE
400004831997,28/05/2026,03/06/2026,03/06/2026,,C0014826,ΠΕ119756-98088,0851, ,FALSE,FALSE,FALSE,FALSE,TRUE,3,FALSE,0,TRUE,0,TRUE,3,FALSE,TRUE,FALSE,TRUE
400004831996,28/05/2026,30/05/2026,30/05/2026,,C0014826,ΠΕ119756-98088,0333, ,FALSE,FALSE,TRUE,FALSE,TRUE,2,FALSE,0,TRUE,0,TRUE,2,FALSE,TRUE,FALSE,TRUE
400004831995,28/05/2026,03/06/2026,03/06/2026,,C0014826,ΠΕ119756-98088,0218, ,TRUE,TRUE,FALSE,FALSE,TRUE,3,FALSE,0,TRUE,0,TRUE,3,FALSE,TRUE,FALSE,TRUE
400004831994,28/05/2026,29/05/2026,29/05/2026,,C0014826,ΠΕ119756-98088,0615, ,TRUE,FALSE,TRUE,FALSE,TRUE,1,FALSE,0,TRUE,0,TRUE,1,FALSE,TRUE,FALSE,TRUE
400004831993,28/05/2026,29/05/2026,29/05/2026,,C0014826,ΠΕ119756-98088,0712, ,TRUE,FALSE,FALSE,FALSE,TRUE,1,FALSE,0,TRUE,0,TRUE,1,FALSE,TRUE,FALSE,TRUE
400004831992,28/05/2026,29/05/2026,29/05/2026,,C0014826,ΠΕ119756-98088,0711, ,TRUE,FALSE,FALSE,FALSE,TRUE,1,FALSE,0,TRUE,0,TRUE,1,FALSE,TRUE,FALSE,TRUE
400004831991,28/05/2026,01/06/2026,01/06/2026,,C0014826,ΠΕ119756-98088,0913, ,FALSE,FALSE,FALSE,FALSE,TRUE,2,FALSE,0,TRUE,0,TRUE,2,FALSE,TRUE,FALSE,TRUE
400004831990,28/05/2026,01/06/2026,01/06/2026,,C0014826,ΠΕ119756-98088,0903, ,FALSE,FALSE,FALSE,FALSE,TRUE,2,FALSE,0,TRUE,0,TRUE,2,FALSE,TRUE,FALSE,TRUE
400004831989,28/05/2026,29/05/2026,29/05/2026,,C0014826,ΠΕ119756-98088,0701, ,TRUE,TRUE,FALSE,FALSE,TRUE,1,FALSE,0,TRUE,0,TRUE,1,FALSE,TRUE,FALSE,TRUE
400004831988,28/05/2026,29/05/2026,29/05/2026,,C0014826,ΠΕ119756-98088,0203, ,TRUE,FALSE,FALSE,FALSE,TRUE,1,FALSE,0,TRUE,0,TRUE,1,FALSE,TRUE,FALSE,TRUE
400004831987,28/05/2026,02/06/2026,02/06/2026,,C0014826,ΠΕ119756-98088,0903, ,FALSE,FALSE,FALSE,FALSE,TRUE,2,FALSE,0,TRUE,0,TRUE,2,FALSE,TRUE,FALSE,TRUE
400004831986,28/05/2026,29/05/2026,,,C0014826,ΠΕ119756-98088,0305, ,TRUE,FALSE,FALSE,FALSE,TRUE,1,FALSE,0,TRUE,0,FALSE,0,FALSE,TRUE,FALSE,TRUE
400004831985,28/05/2026,29/05/2026,29/05/2026,,C0014826,ΠΕ119756-98088,0325, ,TRUE,FALSE,FALSE,FALSE,TRUE,1,FALSE,0,TRUE,0,TRUE,1,FALSE,TRUE,FALSE,TRUE
400004831984,28/05/2026,29/05/2026,01/06/2026,,C0014826,ΠΕ119756-98088,0325, ,TRUE,FALSE,FALSE,FALSE,TRUE,1,FALSE,0,TRUE,0,TRUE,2,FALSE,TRUE,FALSE,TRUE
400004831983,28/05/2026,28/05/2026,,,C0014826,ΠΕ119756-98088,0315, ,TRUE,FALSE,TRUE,FALSE,TRUE,0,FALSE,0,TRUE,0,FALSE,0,FALSE,TRUE,FALSE,TRUE
400004831982,28/05/2026,29/05/2026,29/05/2026,,C0014826,ΠΕ119756-98088,0211, ,TRUE,FALSE,FALSE,FALSE,TRUE,1,FALSE,0,TRUE,0,TRUE,1,FALSE,TRUE,FALSE,TRUE
400004831981,28/05/2026,30/05/2026,02/06/2026,,C0014826,ΠΕ119756-98088,0315, ,TRUE,FALSE,TRUE,FALSE,TRUE,2,FALSE,0,TRUE,0,TRUE,2,FALSE,TRUE,FALSE,TRUE
400004831980,28/05/2026,29/05/2026,29/05/2026,,C0014826,ΠΕ119756-98088,0608,SKG,TRUE,FALSE,FALSE,FALSE,TRUE,1,FALSE,0,TRUE,0,TRUE,1,FALSE,TRUE,FALSE,TRUE
400004831979,28/05/2026,29/05/2026,29/05/2026,,C0014826,ΠΕ119756-98088,0151, ,TRUE,FALSE,FALSE,FALSE,TRUE,1,FALSE,0,TRUE,0,TRUE,1,FALSE,TRUE,FALSE,TRUE
400004831977,28/05/2026,28/05/2026,,,C0014826,ΠΕ119756-98088,0903, ,FALSE,FALSE,TRUE,FALSE,TRUE,0,FALSE,0,TRUE,0,FALSE,0,FALSE,TRUE,FALSE,TRUE
400004831976,28/05/2026,02/06/2026,02/06/2026,,C0014826,ΠΕ119756-98088,0906, ,FALSE,FALSE,FALSE,FALSE,TRUE,2,FALSE,0,TRUE,0,TRUE,2,FALSE,TRUE,FALSE,TRUE
400004831975,28/05/2026,29/05/2026,29/05/2026,,C0014826,ΠΕ119756-98088,0214, ,TRUE,FALSE,FALSE,FALSE,TRUE,1,FALSE,0,TRUE,0,TRUE,1,FALSE,TRUE,FALSE,TRUE
400004831974,28/05/2026,01/06/2026,,,C0014826,ΠΕ119756-98088,0325, ,TRUE,FALSE,FALSE,FALSE,TRUE,2,FALSE,0,TRUE,0,FALSE,0,FALSE,TRUE,FALSE,TRUE
400004831973,28/05/2026,02/06/2026,,,C0014826,ΠΕ119756-98088,0901, ,FALSE,FALSE,FALSE,FALSE,TRUE,2,FALSE,0,TRUE,0,FALSE,0,FALSE,TRUE,FALSE,TRUE
400004831972,28/05/2026,30/05/2026,30/05/2026,,C0014826,ΠΕ119756-98088,0333, ,FALSE,FALSE,TRUE,FALSE,TRUE,2,FALSE,0,TRUE,0,TRUE,2,FALSE,TRUE,FALSE,TRUE
400004831971,28/05/2026,28/05/2026,,,C0014826,ΠΕ119756-98088,0714, ,TRUE,FALSE,TRUE,FALSE,TRUE,0,FALSE,0,TRUE,0,FALSE,0,FALSE,TRUE,FALSE,TRUE
400004831970,28/05/2026,29/05/2026,29/05/2026,,C0014826,ΠΕ119756-98088,0635, ,TRUE,FALSE,FALSE,FALSE,TRUE,1,FALSE,0,TRUE,0,TRUE,1,FALSE,TRUE,FALSE,TRUE
400004831969,28/05/2026,29/05/2026,29/05/2026,,C0014826,ΠΕ119756-98088,0628,SKG,TRUE,FALSE,FALSE,FALSE,TRUE,1,FALSE,0,TRUE,0,TRUE,1,FALSE,TRUE,FALSE,TRUE
400004831968,28/05/2026,28/05/2026,02/06/2026,,C0014826,ΠΕ119756-98088,0203, ,TRUE,FALSE,TRUE,FALSE,TRUE,0,FALSE,0,TRUE,0,TRUE,2,FALSE,TRUE,FALSE,TRUE
400004831967,28/05/2026,29/05/2026,29/05/2026,,C0014826,ΠΕ119756-98088,0208, ,TRUE,FALSE,FALSE,FALSE,TRUE,1,FALSE,0,TRUE,0,TRUE,1,FALSE,TRUE,FALSE,TRUE
400004831966,28/05/2026,29/05/2026,29/05/2026,,C0014826,ΠΕ119756-98088,0714, ,TRUE,FALSE,FALSE,FALSE,TRUE,1,FALSE,0,TRUE,0,TRUE,1,FALSE,TRUE,FALSE,TRUE
400004831965,28/05/2026,29/05/2026,04/06/2026,,C0014826,ΠΕ119756-98088,0201, ,TRUE,FALSE,FALSE,FALSE,TRUE,1,FALSE,0,TRUE,0,TRUE,4,FALSE,TRUE,FALSE,TRUE
400004831964,28/05/2026,01/06/2026,01/06/2026,,C0014826,ΠΕ119756-98088,0325, ,TRUE,FALSE,FALSE,FALSE,TRUE,2,FALSE,0,TRUE,0,TRUE,2,FALSE,TRUE,FALSE,TRUE
400004831963,28/05/2026,02/06/2026,02/06/2026,,C0014826,ΠΕ119756-98088,0854, ,FALSE,FALSE,FALSE,FALSE,TRUE,2,FALSE,0,TRUE,0,TRUE,2,FALSE,TRUE,FALSE,TRUE
400004831962,28/05/2026,28/05/2026,02/06/2026,,C0014826,ΠΕ119756-98088,0305, ,TRUE,FALSE,TRUE,FALSE,TRUE,0,FALSE,0,TRUE,0,TRUE,2,FALSE,TRUE,FALSE,TRUE
400004831961,28/05/2026,,,,C0014826,ΠΕ119756-98088,0213, ,TRUE,FALSE,FALSE,TRUE,FALSE,1,FALSE,0,TRUE,0,FALSE,0,FALSE,FALSE,FALSE,TRUE
400004831960,28/05/2026,29/05/2026,29/05/2026,,C0014826,ΠΕ119756-98088,0202, ,TRUE,FALSE,FALSE,FALSE,TRUE,1,FALSE,0,TRUE,0,TRUE,1,FALSE,TRUE,FALSE,TRUE
400004831959,28/05/2026,29/05/2026,29/05/2026,,C0014826,ΠΕ119756-98088,0632, ,TRUE,FALSE,FALSE,FALSE,TRUE,1,FALSE,0,TRUE,0,TRUE,1,FALSE,TRUE,FALSE,TRUE
400004831958,28/05/2026,02/06/2026,02/06/2026,,C0014826,ΠΕ119756-98088,0906, ,FALSE,FALSE,FALSE,FALSE,TRUE,2,FALSE,0,TRUE,0,TRUE,2,FALSE,TRUE,FALSE,TRUE
400004831957,28/05/2026,29/05/2026,29/05/2026,,C0014826,ΠΕ119756-98088,0309, ,TRUE,FALSE,FALSE,FALSE,TRUE,1,FALSE,0,TRUE,0,TRUE,1,FALSE,TRUE,FALSE,TRUE
400004831956,28/05/2026,29/05/2026,29/05/2026,,C0014826,ΠΕ119756-98088,0324, ,TRUE,FALSE,FALSE,FALSE,TRUE,1,FALSE,0,TRUE,0,TRUE,1,FALSE,TRUE,FALSE,TRUE
400004831955,28/05/2026,,,,C0014826,ΠΕ119756-98088,0917, ,FALSE,FALSE,FALSE,TRUE,FALSE,2,FALSE,0,TRUE,0,FALSE,0,FALSE,FALSE,FALSE,TRUE
400004831951,28/05/2026,29/05/2026,29/05/2026,,C0014826,ΠΕ119756-98088,0338, ,TRUE,FALSE,TRUE,FALSE,TRUE,1,FALSE,0,TRUE,0,TRUE,1,FALSE,TRUE,FALSE,TRUE
400004831950,28/05/2026,29/05/2026,,,C0014826,ΠΕ119756-98088,0309, ,TRUE,FALSE,FALSE,FALSE,TRUE,1,FALSE,0,TRUE,0,FALSE,0,FALSE,TRUE,FALSE,TRUE
400004831946,28/05/2026,29/05/2026,30/05/2026,,C0014826,ΠΕ119756-98088,0202, ,TRUE,FALSE,FALSE,FALSE,TRUE,1,FALSE,0,TRUE,0,TRUE,2,FALSE,TRUE,FALSE,TRUE
400004831939,28/05/2026,02/06/2026,02/06/2026,,C0014826,ΠΕ119756-98088,0913, ,FALSE,FALSE,FALSE,FALSE,TRUE,2,FALSE,0,TRUE,0,TRUE,2,FALSE,TRUE,FALSE,TRUE
400004831938,28/05/2026,29/05/2026,03/06/2026,,C0014826,ΠΕ119756-98088,0211, ,TRUE,FALSE,FALSE,FALSE,TRUE,1,FALSE,0,TRUE,0,TRUE,3,FALSE,TRUE,FALSE,TRUE
400004831937,28/05/2026,29/05/2026,29/05/2026,,C0014826,ΠΕ119756-98088,0331, ,FALSE,FALSE,FALSE,FALSE,TRUE,1,FALSE,0,TRUE,0,TRUE,1,FALSE,TRUE,FALSE,TRUE
400004831936,28/05/2026,29/05/2026,29/05/2026,,C0014826,ΠΕ119756-98088,0608,SKG,TRUE,FALSE,FALSE,FALSE,TRUE,1,FALSE,0,TRUE,0,TRUE,1,FALSE,TRUE,FALSE,TRUE
400004831935,28/05/2026,30/05/2026,30/05/2026,,C0014826,ΠΕ119756-98088,0855, ,FALSE,FALSE,FALSE,FALSE,TRUE,2,FALSE,0,TRUE,0,TRUE,2,FALSE,TRUE,FALSE,TRUE
400004831934,28/05/2026,02/06/2026,05/06/2026,,C0014826,ΠΕ119756-98088,0312, ,TRUE,FALSE,TRUE,FALSE,TRUE,2,FALSE,0,TRUE,0,TRUE,5,FALSE,TRUE,FALSE,TRUE
400004831933,28/05/2026,29/05/2026,29/05/2026,,C0014826,ΠΕ119756-98088,0621, ,TRUE,FALSE,FALSE,FALSE,TRUE,1,FALSE,0,TRUE,0,TRUE,1,FALSE,TRUE,FALSE,TRUE
400004831932,28/05/2026,29/05/2026,29/05/2026,,C0014826,ΠΕ119756-98088,0133, ,TRUE,FALSE,TRUE,FALSE,TRUE,1,FALSE,0,TRUE,0,TRUE,1,FALSE,TRUE,FALSE,TRUE
400004831931,28/05/2026,02/06/2026,02/06/2026,,C0014826,ΠΕ119756-98088,0906, ,FALSE,FALSE,FALSE,FALSE,TRUE,2,FALSE,0,TRUE,0,TRUE,2,FALSE,TRUE,FALSE,TRUE
400004831930,28/05/2026,29/05/2026,29/05/2026,,C0014826,ΠΕ119756-98088,0712, ,TRUE,FALSE,FALSE,FALSE,TRUE,1,FALSE,0,TRUE,0,TRUE,1,FALSE,TRUE,FALSE,TRUE
400004831929,28/05/2026,29/05/2026,29/05/2026,,C0014826,ΠΕ119756-98088,0331, ,FALSE,FALSE,FALSE,FALSE,TRUE,1,FALSE,0,TRUE,0,TRUE,1,FALSE,TRUE,FALSE,TRUE
400004831928,28/05/2026,29/05/2026,29/05/2026,,C0014826,ΠΕ119756-98088,0611, ,TRUE,FALSE,FALSE,FALSE,TRUE,1,FALSE,0,TRUE,0,TRUE,1,FALSE,TRUE,FALSE,TRUE
400004831927,28/05/2026,30/05/2026,30/05/2026,,C0014826,ΠΕ119756-98088,0315, ,TRUE,FALSE,TRUE,FALSE,TRUE,2,FALSE,0,TRUE,0,TRUE,2,FALSE,TRUE,FALSE,TRUE
400004831926,28/05/2026,28/05/2026,01/06/2026,,C0014826,ΠΕ119756-98088,0151, ,TRUE,TRUE,FALSE,FALSE,TRUE,0,FALSE,0,TRUE,0,TRUE,2,FALSE,TRUE,FALSE,TRUE
400004831925,28/05/2026,02/06/2026,02/06/2026,,C0014826,ΠΕ119756-98088,0131, ,TRUE,FALSE,TRUE,FALSE,TRUE,2,FALSE,0,TRUE,0,TRUE,2,FALSE,TRUE,FALSE,TRUE
400004831924,28/05/2026,29/05/2026,29/05/2026,,C0014826,ΠΕ119756-98088,0711, ,TRUE,TRUE,FALSE,FALSE,TRUE,1,FALSE,0,TRUE,0,TRUE,1,FALSE,TRUE,FALSE,TRUE
160000404240,28/05/2026,01/06/2026,01/06/2026,,C0014826,ΠΕ119756-98088,0636, ,TRUE,FALSE,TRUE,FALSE,TRUE,2,FALSE,0,TRUE,0,TRUE,2,FALSE,TRUE,FALSE,TRUE
160000404239,28/05/2026,29/05/2026,29/05/2026,,C0014826,ΠΕ119756-98088,0621, ,TRUE,FALSE,FALSE,FALSE,TRUE,1,FALSE,0,TRUE,0,TRUE,1,FALSE,TRUE,FALSE,TRUE
160000404238,28/05/2026,29/05/2026,29/05/2026,,C0014826,ΠΕ119756-98088,0338, ,TRUE,FALSE,TRUE,FALSE,TRUE,1,FALSE,0,TRUE,0,TRUE,1,FALSE,TRUE,FALSE,TRUE
160000404237,28/05/2026,29/05/2026,29/05/2026,,C0014826,ΠΕ119756-98088,0201, ,TRUE,TRUE,FALSE,FALSE,TRUE,1,FALSE,0,TRUE,0,TRUE,1,FALSE,TRUE,FALSE,TRUE
160000404236,28/05/2026,29/05/2026,29/05/2026,,C0014826,ΠΕ119756-98088,0608,SKG,TRUE,FALSE,FALSE,FALSE,TRUE,1,FALSE,0,TRUE,0,TRUE,1,FALSE,TRUE,FALSE,TRUE
160000404235,28/05/2026,29/05/2026,29/05/2026,,C0014826,ΠΕ119756-98088,0641, ,TRUE,FALSE,TRUE,FALSE,TRUE,1,FALSE,0,TRUE,0,TRUE,1,FALSE,TRUE,FALSE,TRUE
160000404234,28/05/2026,29/05/2026,29/05/2026,,C0014826,ΠΕ119756-98088,0133, ,TRUE,TRUE,FALSE,FALSE,TRUE,1,FALSE,0,TRUE,0,TRUE,1,FALSE,TRUE,FALSE,TRUE
160000404233,28/05/2026,29/05/2026,29/05/2026,,C0014826,ΠΕ119756-98088,0611, ,TRUE,FALSE,FALSE,FALSE,TRUE,1,FALSE,0,TRUE,0,TRUE,1,FALSE,TRUE,FALSE,TRUE
160000404232,28/05/2026,29/05/2026,29/05/2026,,C0014826,ΠΕ119756-98088,0331, ,FALSE,FALSE,FALSE,FALSE,TRUE,1,FALSE,0,TRUE,0,TRUE,1,FALSE,TRUE,FALSE,TRUE
160000404231,28/05/2026,29/05/2026,29/05/2026,,C0014826,ΠΕ119756-98088,0611, ,TRUE,FALSE,FALSE,FALSE,TRUE,1,FALSE,0,TRUE,0,TRUE,1,FALSE,TRUE,FALSE,TRUE
160000404230,28/05/2026,01/06/2026,02/06/2026,,C0014826,ΠΕ119756-98088,0636, ,TRUE,TRUE,FALSE,FALSE,TRUE,2,FALSE,0,TRUE,0,TRUE,2,FALSE,TRUE,FALSE,TRUE
160000404229,28/05/2026,29/05/2026,29/05/2026,,C0014826,ΠΕ119756-98088,0131, ,TRUE,TRUE,FALSE,FALSE,TRUE,1,FALSE,0,TRUE,0,TRUE,1,FALSE,TRUE,FALSE,TRUE
160000404228,28/05/2026,29/05/2026,29/05/2026,,C0014826,ΠΕ119756-98088,0131, ,TRUE,TRUE,FALSE,FALSE,TRUE,1,FALSE,0,TRUE,0,TRUE,1,FALSE,TRUE,FALSE,TRUE
160000404227,28/05/2026,01/06/2026,01/06/2026,,C0014826,ΠΕ119756-98088,0325, ,TRUE,FALSE,FALSE,FALSE,TRUE,2,FALSE,0,TRUE,0,TRUE,2,FALSE,TRUE,FALSE,TRUE
160000404225,28/05/2026,29/05/2026,30/05/2026,,C0014826,ΠΕ119756-98088,0202, ,TRUE,FALSE,FALSE,FALSE,TRUE,1,FALSE,0,TRUE,0,TRUE,2,FALSE,TRUE,FALSE,TRUE
160000404224,28/05/2026,29/05/2026,29/05/2026,,C0014826,ΠΕ119756-98088,0711, ,TRUE,TRUE,FALSE,FALSE,TRUE,1,FALSE,0,TRUE,0,TRUE,1,FALSE,TRUE,FALSE,TRUE
160000404223,28/05/2026,29/05/2026,29/05/2026,,C0014826,ΠΕ119756-98088,0711, ,TRUE,TRUE,FALSE,FALSE,TRUE,1,FALSE,0,TRUE,0,TRUE,1,FALSE,TRUE,FALSE,TRUE
160000404222,28/05/2026,29/05/2026,29/05/2026,,C0014826,ΠΕ119756-98088,0712, ,TRUE,FALSE,FALSE,FALSE,TRUE,1,FALSE,0,TRUE,0,TRUE,1,FALSE,TRUE,FALSE,TRUE
160000404221,28/05/2026,29/05/2026,03/06/2026,,C0014826,ΠΕ119756-98088,0211, ,TRUE,FALSE,FALSE,FALSE,TRUE,1,FALSE,0,TRUE,0,TRUE,3,FALSE,TRUE,FALSE,TRUE
160000404220,28/05/2026,29/05/2026,29/05/2026,,C0014826,ΠΕ119756-98088,0711, ,TRUE,TRUE,FALSE,FALSE,TRUE,1,FALSE,0,TRUE,0,TRUE,1,FALSE,TRUE,FALSE,TRUE
160000404219,28/05/2026,29/05/2026,29/05/2026,,C0014826,ΠΕ119756-98088,0711, ,TRUE,TRUE,FALSE,FALSE,TRUE,1,FALSE,0,TRUE,0,TRUE,1,FALSE,TRUE,FALSE,TRUE
160000404218,28/05/2026,30/05/2026,30/05/2026,,C0014826,ΠΕ119756-98088,0315, ,TRUE,FALSE,TRUE,FALSE,TRUE,2,FALSE,0,TRUE,0,TRUE,2,FALSE,TRUE,FALSE,TRUE
160000404217,28/05/2026,29/05/2026,29/05/2026,,C0014826,ΠΕ119756-98088,0331, ,FALSE,FALSE,FALSE,FALSE,TRUE,1,FALSE,0,TRUE,0,TRUE,1,FALSE,TRUE,FALSE,TRUE
400004832031,28/05/2026,29/05/2026,29/05/2026,,C0014826,ΠΕ119756-98088,0304, ,TRUE,FALSE,FALSE,FALSE,TRUE,1,FALSE,0,TRUE,0,TRUE,1,FALSE,TRUE,FALSE,TRUE
400004831954,28/05/2026,03/06/2026,03/06/2026,,C0014826,ΠΕ119756-98088,0859, ,FALSE,FALSE,FALSE,FALSE,TRUE,3,FALSE,0,TRUE,0,TRUE,3,FALSE,TRUE,FALSE,TRUE
400004831952,28/05/2026,29/05/2026,02/06/2026,,C0014826,ΠΕ119756-98088,0615, ,TRUE,TRUE,FALSE,FALSE,TRUE,1,FALSE,0,TRUE,0,TRUE,2,FALSE,TRUE,FALSE,TRUE
400004831949,28/05/2026,29/05/2026,29/05/2026,,C0014826,ΠΕ119756-98088,0701, ,TRUE,FALSE,FALSE,FALSE,TRUE,1,FALSE,0,TRUE,0,TRUE,1,FALSE,TRUE,FALSE,TRUE
400004831948,28/05/2026,01/06/2026,01/06/2026,,C0014826,ΠΕ119756-98088,0305, ,TRUE,FALSE,FALSE,FALSE,TRUE,2,FALSE,0,TRUE,0,TRUE,2,FALSE,TRUE,FALSE,TRUE
400004831947,28/05/2026,29/05/2026,29/05/2026,,C0014826,ΠΕ119756-98088,0218, ,TRUE,TRUE,FALSE,FALSE,TRUE,1,FALSE,0,TRUE,0,TRUE,1,FALSE,TRUE,FALSE,TRUE
400004831944,28/05/2026,29/05/2026,29/05/2026,,C0014826,ΠΕ119756-98088,0713, ,TRUE,FALSE,FALSE,FALSE,TRUE,1,FALSE,0,TRUE,0,TRUE,1,FALSE,TRUE,FALSE,TRUE
400004831943,28/05/2026,,,,C0014826,ΠΕ119756-98088,0911, ,FALSE,TRUE,FALSE,TRUE,FALSE,2,FALSE,0,TRUE,0,FALSE,0,FALSE,FALSE,FALSE,TRUE
400004831942,28/05/2026,30/05/2026,30/05/2026,,C0014826,ΠΕ119756-98088,0315, ,TRUE,FALSE,TRUE,FALSE,TRUE,2,FALSE,0,TRUE,0,TRUE,2,FALSE,TRUE,FALSE,TRUE
400004831940,28/05/2026,30/05/2026,30/05/2026,,C0014826,ΠΕ119756-98088,0858, ,FALSE,FALSE,FALSE,FALSE,TRUE,2,FALSE,0,TRUE,0,TRUE,2,FALSE,TRUE,FALSE,TRUE
400004831822,28/05/2026,29/05/2026,29/05/2026,,C0014826,ΠΕ119756-98088,0131, ,TRUE,FALSE,TRUE,FALSE,TRUE,1,FALSE,0,TRUE,0,TRUE,1,FALSE,TRUE,FALSE,TRUE
160000404226,28/05/2026,29/05/2026,29/05/2026,,C0014826,ΠΕ119756-98088,0701, ,TRUE,FALSE,FALSE,FALSE,TRUE,1,FALSE,0,TRUE,0,TRUE,1,FALSE,TRUE,FALSE,TRUE
700047188725,27/05/2026,01/06/2026,01/06/2026,,C0014826,ΠΕ119756-98088,0948, ,TRUE,FALSE,FALSE,FALSE,TRUE,3,FALSE,0,TRUE,3,TRUE,3,FALSE,TRUE,FALSE,FALSE
050083225797,27/05/2026,29/05/2026,29/05/2026,,C0014826,ΠΕ119756-102229,0948, ,TRUE,FALSE,FALSE,FALSE,TRUE,2,FALSE,0,TRUE,1,TRUE,2,FALSE,TRUE,FALSE,TRUE
050072730609,27/05/2026,28/05/2026,28/05/2026,,C0014826,ΠΕ119756-102229,0948, ,TRUE,FALSE,FALSE,FALSE,TRUE,1,FALSE,0,TRUE,0,TRUE,1,FALSE,TRUE,FALSE,TRUE
050088528920,27/05/2026,28/05/2026,28/05/2026,,C0014826,ΠΕ119756-98088,0948, ,TRUE,FALSE,FALSE,FALSE,TRUE,1,FALSE,0,FALSE,0,TRUE,1,FALSE,TRUE,FALSE,FALSE
700047188843,27/05/2026,29/05/2026,29/05/2026,,C0014826,ΠΕ119756-98088,0106,ATH,TRUE,FALSE,FALSE,FALSE,TRUE,2,FALSE,0,TRUE,0,TRUE,2,FALSE,TRUE,FALSE,TRUE
050090790750,27/05/2026,28/05/2026,28/05/2026,,C0014826,ΠΕ119756-102229,0948, ,TRUE,FALSE,FALSE,FALSE,TRUE,1,FALSE,0,TRUE,0,TRUE,1,FALSE,TRUE,FALSE,TRUE
700047171864,27/05/2026,28/05/2026,28/05/2026,,C0014826,ΠΕ119756-102229,0948, ,TRUE,FALSE,FALSE,FALSE,TRUE,1,FALSE,0,TRUE,0,TRUE,1,FALSE,TRUE,FALSE,TRUE
700047183445,27/05/2026,28/05/2026,28/05/2026,,C0014826,ΠΕ119756-98088,0948, ,TRUE,FALSE,FALSE,FALSE,TRUE,1,FALSE,0,FALSE,0,TRUE,1,FALSE,TRUE,FALSE,FALSE
052000966017,27/05/2026,28/05/2026,28/05/2026,,C0014826,ΠΕ119756-98088,0611, ,TRUE,FALSE,FALSE,FALSE,TRUE,1,FALSE,0,TRUE,0,TRUE,1,FALSE,TRUE,FALSE,TRUE
052000965984,27/05/2026,29/05/2026,29/05/2026,,C0014826,ΠΕ119756-98088,0858, ,FALSE,FALSE,FALSE,FALSE,TRUE,2,FALSE,0,TRUE,0,TRUE,2,FALSE,TRUE,FALSE,TRUE
052000965973,27/05/2026,01/06/2026,01/06/2026,,C0014826,ΠΕ119756-98088,0821, ,FALSE,FALSE,FALSE,FALSE,TRUE,3,FALSE,0,TRUE,0,TRUE,3,FALSE,TRUE,FALSE,TRUE
052000965962,27/05/2026,28/05/2026,28/05/2026,,C0014826,ΠΕ119756-98088,0512, ,TRUE,FALSE,FALSE,FALSE,TRUE,1,FALSE,0,TRUE,0,TRUE,1,FALSE,TRUE,FALSE,TRUE
052000965930,27/05/2026,28/05/2026,28/05/2026,,C0014826,ΠΕ119756-98088,0211, ,TRUE,FALSE,FALSE,FALSE,TRUE,1,FALSE,0,TRUE,0,TRUE,1,FALSE,TRUE,FALSE,TRUE
052000965918,27/05/2026,29/05/2026,29/05/2026,,C0014826,ΠΕ119756-98088,0711, ,TRUE,FALSE,TRUE,FALSE,TRUE,2,FALSE,0,TRUE,0,TRUE,2,FALSE,TRUE,FALSE,TRUE
052000965907,27/05/2026,29/05/2026,29/05/2026,,C0014826,ΠΕ119756-98088,0711, ,TRUE,FALSE,TRUE,FALSE,TRUE,2,FALSE,0,TRUE,0,TRUE,2,FALSE,TRUE,FALSE,TRUE
052000964818,27/05/2026,28/05/2026,28/05/2026,,C0014826,ΠΕ119756-98088,0332, ,FALSE,FALSE,FALSE,FALSE,TRUE,1,FALSE,0,TRUE,0,TRUE,1,FALSE,TRUE,FALSE,TRUE
052000965929,27/05/2026,28/05/2026,28/05/2026,,C0014826,ΠΕ119756-98088,0702, ,TRUE,FALSE,FALSE,FALSE,TRUE,1,FALSE,0,TRUE,0,TRUE,1,FALSE,TRUE,FALSE,TRUE
400004831923,27/05/2026,30/05/2026,30/05/2026,,C0014826,ΠΕ119756-98088,0903, ,FALSE,FALSE,FALSE,FALSE,TRUE,3,FALSE,0,TRUE,0,TRUE,3,FALSE,TRUE,FALSE,TRUE
400004831922,27/05/2026,,,,C0014826,ΠΕ119756-98088,0907, ,FALSE,TRUE,FALSE,TRUE,FALSE,3,FALSE,0,TRUE,0,FALSE,0,FALSE,FALSE,FALSE,TRUE
400004831921,27/05/2026,01/06/2026,01/06/2026,,C0014826,ΠΕ119756-98088,0215, ,TRUE,FALSE,FALSE,FALSE,TRUE,3,FALSE,0,TRUE,0,TRUE,3,FALSE,FALSE,FALSE,TRUE
400004831920,27/05/2026,03/06/2026,03/06/2026,,C0014826,ΠΕ119756-98088,0331, ,FALSE,TRUE,FALSE,FALSE,TRUE,4,FALSE,0,TRUE,0,TRUE,4,FALSE,TRUE,FALSE,TRUE
400004831919,27/05/2026,28/05/2026,28/05/2026,,C0014826,ΠΕ119756-98088,0303, ,TRUE,FALSE,FALSE,FALSE,TRUE,1,FALSE,0,TRUE,0,TRUE,1,FALSE,TRUE,FALSE,TRUE
400004831918,27/05/2026,28/05/2026,28/05/2026,,C0014826,ΠΕ119756-98088,0339, ,TRUE,FALSE,TRUE,FALSE,TRUE,1,FALSE,0,TRUE,0,TRUE,1,FALSE,TRUE,FALSE,TRUE
400004831917,27/05/2026,04/06/2026,04/06/2026,,C0014826,ΠΕ119756-98088,0215, ,TRUE,FALSE,FALSE,FALSE,TRUE,5,FALSE,0,TRUE,0,TRUE,5,FALSE,FALSE,FALSE,TRUE
400004831916,27/05/2026,29/05/2026,29/05/2026,,C0014826,ΠΕ119756-98088,0146, ,TRUE,TRUE,FALSE,FALSE,TRUE,2,FALSE,0,TRUE,0,TRUE,2,FALSE,TRUE,FALSE,TRUE
400004831915,27/05/2026,28/05/2026,28/05/2026,,C0014826,ΠΕ119756-98088,0323, ,TRUE,FALSE,FALSE,FALSE,TRUE,1,FALSE,0,TRUE,0,TRUE,1,FALSE,TRUE,FALSE,TRUE
400004831914,27/05/2026,28/05/2026,28/05/2026,,C0014826,ΠΕ119756-98088,0631, ,TRUE,FALSE,FALSE,FALSE,TRUE,1,FALSE,0,TRUE,0,TRUE,1,FALSE,TRUE,FALSE,TRUE
400004831913,27/05/2026,28/05/2026,03/06/2026,,C0014826,ΠΕ119756-98088,0204, ,TRUE,FALSE,FALSE,FALSE,TRUE,1,FALSE,0,TRUE,0,TRUE,4,FALSE,TRUE,FALSE,TRUE
400004831912,27/05/2026,28/05/2026,28/05/2026,,C0014826,ΠΕ119756-98088,0201, ,TRUE,FALSE,FALSE,FALSE,TRUE,1,FALSE,0,TRUE,0,TRUE,1,FALSE,TRUE,FALSE,TRUE
400004831911,27/05/2026,,,,C0014826,ΠΕ119756-98088,0919, ,FALSE,FALSE,FALSE,TRUE,FALSE,3,FALSE,0,TRUE,0,FALSE,0,FALSE,FALSE,FALSE,TRUE
400004831910,27/05/2026,28/05/2026,28/05/2026,,C0014826,ΠΕ119756-98088,0203, ,TRUE,FALSE,TRUE,FALSE,TRUE,1,FALSE,0,TRUE,0,TRUE,1,FALSE,TRUE,FALSE,TRUE
400004831909,27/05/2026,05/06/2026,05/06/2026,,C0014826,ΠΕ119756-98088,0901, ,FALSE,FALSE,FALSE,FALSE,TRUE,6,FALSE,0,TRUE,0,TRUE,6,FALSE,FALSE,FALSE,TRUE
400004831908,27/05/2026,28/05/2026,28/05/2026,,C0014826,ΠΕ119756-98088,0203, ,TRUE,FALSE,FALSE,FALSE,TRUE,1,FALSE,0,TRUE,0,TRUE,1,FALSE,TRUE,FALSE,TRUE
400004831907,27/05/2026,28/05/2026,28/05/2026,,C0014826,ΠΕ119756-98088,0636, ,TRUE,FALSE,FALSE,FALSE,TRUE,1,FALSE,0,TRUE,0,TRUE,1,FALSE,TRUE,FALSE,TRUE
400004831906,27/05/2026,28/05/2026,28/05/2026,,C0014826,ΠΕ119756-98088,0211, ,TRUE,FALSE,FALSE,FALSE,TRUE,1,FALSE,0,TRUE,0,TRUE,1,FALSE,TRUE,FALSE,TRUE
400004831905,27/05/2026,28/05/2026,28/05/2026,,C0014826,ΠΕ119756-98088,0636, ,TRUE,FALSE,FALSE,FALSE,TRUE,1,FALSE,0,TRUE,0,TRUE,1,FALSE,TRUE,FALSE,TRUE
400004831904,27/05/2026,28/05/2026,28/05/2026,,C0014826,ΠΕ119756-98088,0304, ,TRUE,FALSE,FALSE,FALSE,TRUE,1,FALSE,0,TRUE,0,TRUE,1,FALSE,TRUE,FALSE,TRUE
400004831903,27/05/2026,28/05/2026,28/05/2026,,C0014826,ΠΕ119756-98088,0201, ,TRUE,FALSE,FALSE,FALSE,TRUE,1,FALSE,0,TRUE,0,TRUE,1,FALSE,TRUE,FALSE,TRUE
400004831902,27/05/2026,02/06/2026,03/06/2026,,C0014826,ΠΕ119756-98088,0204, ,TRUE,FALSE,FALSE,FALSE,TRUE,3,FALSE,0,TRUE,0,TRUE,4,FALSE,FALSE,FALSE,TRUE
400004831901,27/05/2026,28/05/2026,28/05/2026,,C0014826,ΠΕ119756-98088,0636, ,TRUE,FALSE,FALSE,FALSE,TRUE,1,FALSE,0,TRUE,0,TRUE,1,FALSE,TRUE,FALSE,TRUE
400004831900,27/05/2026,01/06/2026,01/06/2026,,C0014826,ΠΕ119756-98088,0331, ,FALSE,FALSE,FALSE,FALSE,TRUE,3,FALSE,0,TRUE,0,TRUE,3,FALSE,TRUE,FALSE,TRUE
400004831899,27/05/2026,28/05/2026,29/05/2026,,C0014826,ΠΕ119756-98088,0324, ,TRUE,FALSE,FALSE,FALSE,TRUE,1,FALSE,0,TRUE,0,TRUE,2,FALSE,TRUE,FALSE,TRUE
400004831898,27/05/2026,02/06/2026,,,C0014826,ΠΕ119756-98088,0307, ,TRUE,FALSE,FALSE,FALSE,TRUE,3,FALSE,0,TRUE,0,FALSE,0,FALSE,FALSE,FALSE,TRUE
400004831897,27/05/2026,04/06/2026,04/06/2026,,C0014826,ΠΕ119756-98088,0302, ,TRUE,TRUE,FALSE,FALSE,TRUE,5,FALSE,0,TRUE,0,TRUE,5,FALSE,FALSE,FALSE,TRUE
400004831896,27/05/2026,30/05/2026,,,C0014826,ΠΕ119756-98088,0903, ,FALSE,FALSE,FALSE,FALSE,TRUE,3,FALSE,0,TRUE,0,FALSE,0,FALSE,TRUE,FALSE,TRUE
400004831895,27/05/2026,,,,C0014826,ΠΕ119756-98088,0331, ,FALSE,TRUE,FALSE,TRUE,FALSE,3,FALSE,0,TRUE,0,FALSE,0,FALSE,FALSE,FALSE,TRUE
400004831894,27/05/2026,28/05/2026,02/06/2026,,C0014826,ΠΕ119756-98088,0307, ,TRUE,FALSE,FALSE,FALSE,TRUE,1,FALSE,0,TRUE,0,TRUE,3,FALSE,TRUE,FALSE,TRUE
400004831893,27/05/2026,28/05/2026,28/05/2026,,C0014826,ΠΕ119756-98088,0713, ,TRUE,FALSE,FALSE,FALSE,TRUE,1,FALSE,0,TRUE,0,TRUE,1,FALSE,TRUE,FALSE,TRUE
400004831892,27/05/2026,28/05/2026,28/05/2026,,C0014826,ΠΕ119756-98088,0513, ,TRUE,FALSE,FALSE,FALSE,TRUE,1,FALSE,0,TRUE,0,TRUE,1,FALSE,TRUE,FALSE,TRUE
400004831891,27/05/2026,,,,C0014826,ΠΕ119756-98088,0861, ,FALSE,FALSE,FALSE,TRUE,FALSE,1,FALSE,0,TRUE,0,FALSE,0,FALSE,FALSE,FALSE,TRUE
400004831890,27/05/2026,28/05/2026,29/05/2026,,C0014826,ΠΕ119756-98088,0309, ,TRUE,FALSE,FALSE,FALSE,TRUE,1,FALSE,0,TRUE,0,TRUE,2,FALSE,TRUE,FALSE,TRUE
400004831889,27/05/2026,28/05/2026,28/05/2026,,C0014826,ΠΕ119756-98088,0204, ,TRUE,FALSE,FALSE,FALSE,TRUE,1,FALSE,0,TRUE,0,TRUE,1,FALSE,TRUE,FALSE,TRUE
400004831888,27/05/2026,28/05/2026,28/05/2026,,C0014826,ΠΕ119756-98088,0331, ,FALSE,FALSE,FALSE,FALSE,TRUE,1,FALSE,0,TRUE,0,TRUE,1,FALSE,TRUE,FALSE,TRUE
400004831887,27/05/2026,30/05/2026,30/05/2026,,C0014826,ΠΕ119756-98088,0905, ,FALSE,FALSE,FALSE,FALSE,TRUE,3,FALSE,0,TRUE,0,TRUE,3,FALSE,TRUE,FALSE,TRUE
400004831886,27/05/2026,,,,C0014826,ΠΕ119756-98088,0901, ,FALSE,FALSE,FALSE,FALSE,FALSE,6,FALSE,0,TRUE,0,FALSE,0,FALSE,FALSE,FALSE,TRUE
400004831885,27/05/2026,28/05/2026,28/05/2026,,C0014826,ΠΕ119756-98088,0611, ,TRUE,FALSE,FALSE,FALSE,TRUE,1,FALSE,0,TRUE,0,TRUE,1,FALSE,TRUE,FALSE,TRUE
400004831884,27/05/2026,28/05/2026,28/05/2026,,C0014826,ΠΕ119756-98088,0863, ,FALSE,FALSE,FALSE,FALSE,TRUE,1,FALSE,0,TRUE,0,TRUE,1,FALSE,TRUE,FALSE,TRUE
400004831883,27/05/2026,02/06/2026,02/06/2026,,C0014826,ΠΕ119756-98088,0853, ,FALSE,TRUE,FALSE,FALSE,TRUE,3,FALSE,0,TRUE,0,TRUE,3,FALSE,TRUE,FALSE,TRUE
400004831882,27/05/2026,28/05/2026,28/05/2026,,C0014826,ΠΕ119756-98088,0611, ,TRUE,FALSE,FALSE,FALSE,TRUE,1,FALSE,0,TRUE,0,TRUE,1,FALSE,TRUE,FALSE,TRUE
400004831881,27/05/2026,28/05/2026,28/05/2026,,C0014826,ΠΕ119756-98088,0304, ,TRUE,FALSE,FALSE,FALSE,TRUE,1,FALSE,0,TRUE,0,TRUE,1,FALSE,TRUE,FALSE,TRUE
400004831880,27/05/2026,30/05/2026,03/06/2026,,C0014826,ΠΕ119756-98088,0903, ,FALSE,FALSE,FALSE,FALSE,TRUE,3,FALSE,0,TRUE,0,TRUE,4,FALSE,TRUE,FALSE,TRUE
400004831879,27/05/2026,28/05/2026,03/06/2026,,C0014826,ΠΕ119756-98088,0304, ,TRUE,FALSE,FALSE,FALSE,TRUE,1,FALSE,0,TRUE,0,TRUE,4,FALSE,TRUE,FALSE,TRUE
400004831878,27/05/2026,28/05/2026,28/05/2026,,C0014826,ΠΕ119756-98088,0204, ,TRUE,FALSE,FALSE,FALSE,TRUE,1,FALSE,0,TRUE,0,TRUE,1,FALSE,TRUE,FALSE,TRUE
400004831877,27/05/2026,28/05/2026,28/05/2026,,C0014826,ΠΕ119756-98088,0131, ,TRUE,TRUE,FALSE,FALSE,TRUE,1,FALSE,0,TRUE,0,TRUE,1,FALSE,TRUE,FALSE,TRUE
400004831876,27/05/2026,29/05/2026,29/05/2026,,C0014826,ΠΕ119756-98088,0131, ,TRUE,FALSE,TRUE,FALSE,TRUE,2,FALSE,0,TRUE,0,TRUE,2,FALSE,TRUE,FALSE,TRUE
400004831875,27/05/2026,28/05/2026,28/05/2026,,C0014826,ΠΕ119756-98088,0635, ,TRUE,TRUE,FALSE,FALSE,TRUE,1,FALSE,0,TRUE,0,TRUE,1,FALSE,TRUE,FALSE,TRUE
400004831874,27/05/2026,28/05/2026,28/05/2026,,C0014826,ΠΕ119756-98088,0312, ,TRUE,FALSE,TRUE,FALSE,TRUE,1,FALSE,0,TRUE,0,TRUE,1,FALSE,TRUE,FALSE,TRUE
400004831873,27/05/2026,29/05/2026,29/05/2026,,C0014826,ΠΕ119756-98088,0332, ,FALSE,TRUE,FALSE,FALSE,TRUE,2,FALSE,0,TRUE,0,TRUE,2,FALSE,TRUE,FALSE,TRUE
400004831872,27/05/2026,29/05/2026,29/05/2026,,C0014826,ΠΕ119756-98088,0871, ,FALSE,FALSE,FALSE,FALSE,TRUE,2,FALSE,0,TRUE,0,TRUE,2,FALSE,TRUE,FALSE,TRUE
400004831871,27/05/2026,28/05/2026,28/05/2026,,C0014826,ΠΕ119756-98088,0131, ,TRUE,TRUE,FALSE,FALSE,TRUE,1,FALSE,0,TRUE,0,TRUE,1,FALSE,TRUE,FALSE,TRUE
400004831870,27/05/2026,28/05/2026,28/05/2026,,C0014826,ΠΕ119756-98088,0142, ,TRUE,FALSE,FALSE,FALSE,TRUE,1,FALSE,0,TRUE,0,TRUE,1,FALSE,TRUE,FALSE,TRUE
400004831869,27/05/2026,28/05/2026,28/05/2026,,C0014826,ΠΕ119756-98088,0612, ,TRUE,FALSE,FALSE,FALSE,TRUE,1,FALSE,0,TRUE,0,TRUE,1,FALSE,TRUE,FALSE,TRUE
400004831868,27/05/2026,,,,C0014826,ΠΕ119756-98088,0215, ,TRUE,FALSE,FALSE,TRUE,FALSE,1,FALSE,0,TRUE,0,FALSE,0,FALSE,FALSE,FALSE,TRUE
400004831867,27/05/2026,28/05/2026,28/05/2026,,C0014826,ΠΕ119756-98088,0307, ,TRUE,FALSE,FALSE,FALSE,TRUE,1,FALSE,0,TRUE,0,TRUE,1,FALSE,TRUE,FALSE,TRUE
400004831866,27/05/2026,02/06/2026,02/06/2026,,C0014826,ΠΕ119756-98088,0215, ,TRUE,TRUE,FALSE,FALSE,TRUE,3,FALSE,0,TRUE,0,TRUE,3,FALSE,TRUE,FALSE,TRUE
400004831865,27/05/2026,28/05/2026,28/05/2026,,C0014826,ΠΕ119756-98088,0204, ,TRUE,FALSE,FALSE,FALSE,TRUE,1,FALSE,0,TRUE,0,TRUE,1,FALSE,TRUE,FALSE,TRUE
400004831864,27/05/2026,,,,C0014826,ΠΕ119756-98088,0901, ,FALSE,FALSE,FALSE,FALSE,FALSE,6,FALSE,0,TRUE,0,FALSE,0,FALSE,FALSE,FALSE,TRUE
400004831863,27/05/2026,28/05/2026,28/05/2026,,C0014826,ΠΕ119756-98088,0331, ,FALSE,FALSE,FALSE,FALSE,TRUE,1,FALSE,0,TRUE,0,TRUE,1,FALSE,TRUE,FALSE,TRUE
400004831862,27/05/2026,01/06/2026,01/06/2026,,C0014826,ΠΕ119756-98088,0304, ,TRUE,TRUE,FALSE,FALSE,TRUE,3,FALSE,0,TRUE,0,TRUE,3,FALSE,TRUE,FALSE,TRUE
400004831861,27/05/2026,,,,C0014826,ΠΕ119756-98088,0901, ,FALSE,FALSE,TRUE,TRUE,FALSE,6,FALSE,0,TRUE,0,FALSE,0,FALSE,FALSE,FALSE,TRUE
400004831860,27/05/2026,28/05/2026,28/05/2026,,C0014826,ΠΕ119756-98088,0202, ,TRUE,FALSE,FALSE,FALSE,TRUE,1,FALSE,0,TRUE,0,TRUE,1,FALSE,TRUE,FALSE,TRUE
400004831859,27/05/2026,29/05/2026,29/05/2026,,C0014826,ΠΕ119756-98088,0131, ,TRUE,FALSE,TRUE,FALSE,TRUE,2,FALSE,0,TRUE,0,TRUE,2,FALSE,TRUE,FALSE,TRUE
400004831858,27/05/2026,28/05/2026,28/05/2026,,C0014826,ΠΕ119756-98088,0203, ,TRUE,FALSE,FALSE,FALSE,TRUE,1,FALSE,0,TRUE,0,TRUE,1,FALSE,TRUE,FALSE,TRUE
400004831857,27/05/2026,29/05/2026,29/05/2026,,C0014826,ΠΕ119756-98088,0853, ,FALSE,FALSE,FALSE,FALSE,TRUE,2,FALSE,0,TRUE,0,TRUE,2,FALSE,TRUE,FALSE,TRUE
400004831856,27/05/2026,28/05/2026,28/05/2026,,C0014826,ΠΕ119756-98088,0329, ,TRUE,FALSE,TRUE,FALSE,TRUE,1,FALSE,0,TRUE,0,TRUE,1,FALSE,TRUE,FALSE,TRUE
400004831855,27/05/2026,28/05/2026,28/05/2026,,C0014826,ΠΕ119756-98088,0142, ,TRUE,FALSE,FALSE,FALSE,TRUE,1,FALSE,0,TRUE,0,TRUE,1,FALSE,TRUE,FALSE,TRUE
400004831854,27/05/2026,29/05/2026,29/05/2026,,C0014826,ΠΕ119756-98088,0312, ,TRUE,FALSE,TRUE,FALSE,TRUE,2,FALSE,0,TRUE,0,TRUE,2,FALSE,TRUE,FALSE,TRUE
400004831853,27/05/2026,29/05/2026,29/05/2026,,C0014826,ΠΕ119756-98088,0332, ,FALSE,FALSE,FALSE,FALSE,TRUE,2,FALSE,0,TRUE,0,TRUE,2,FALSE,TRUE,FALSE,TRUE
400004831852,27/05/2026,27/05/2026,04/06/2026,,C0014826,ΠΕ119756-98088,0901, ,FALSE,FALSE,FALSE,FALSE,TRUE,0,FALSE,0,TRUE,0,TRUE,5,FALSE,TRUE,FALSE,TRUE
400004831851,27/05/2026,30/05/2026,,,C0014826,ΠΕ119756-98088,0903, ,FALSE,FALSE,FALSE,FALSE,TRUE,3,FALSE,0,TRUE,0,FALSE,0,FALSE,TRUE,FALSE,TRUE
400004831850,27/05/2026,28/05/2026,28/05/2026,,C0014826,ΠΕ119756-98088,0327, ,TRUE,FALSE,FALSE,FALSE,TRUE,1,FALSE,0,TRUE,0,TRUE,1,FALSE,TRUE,FALSE,TRUE
400004831849,27/05/2026,29/05/2026,29/05/2026,,C0014826,ΠΕ119756-98088,0714, ,TRUE,FALSE,FALSE,FALSE,TRUE,2,FALSE,0,TRUE,0,TRUE,2,FALSE,TRUE,FALSE,TRUE
400004831848,27/05/2026,28/05/2026,28/05/2026,,C0014826,ΠΕ119756-98088,0702, ,TRUE,FALSE,FALSE,FALSE,TRUE,1,FALSE,0,TRUE,0,TRUE,1,FALSE,TRUE,FALSE,TRUE
400004831847,27/05/2026,30/05/2026,30/05/2026,,C0014826,ΠΕ119756-98088,0903, ,FALSE,FALSE,FALSE,FALSE,TRUE,3,FALSE,0,TRUE,0,TRUE,3,FALSE,TRUE,FALSE,TRUE
400004831846,27/05/2026,04/06/2026,04/06/2026,,C0014826,ΠΕ119756-98088,0215, ,TRUE,TRUE,FALSE,FALSE,TRUE,5,FALSE,0,TRUE,0,TRUE,5,FALSE,FALSE,FALSE,TRUE
400004831845,27/05/2026,28/05/2026,29/05/2026,,C0014826,ΠΕ119756-98088,0615, ,TRUE,TRUE,FALSE,FALSE,TRUE,1,FALSE,0,TRUE,0,TRUE,2,FALSE,TRUE,FALSE,TRUE
400004831844,27/05/2026,04/06/2026,04/06/2026,,C0014826,ΠΕ119756-98088,0215, ,TRUE,TRUE,FALSE,FALSE,TRUE,5,FALSE,0,TRUE,0,TRUE,5,FALSE,FALSE,FALSE,TRUE
400004831843,27/05/2026,28/05/2026,29/05/2026,,C0014826,ΠΕ119756-98088,0615, ,TRUE,FALSE,TRUE,FALSE,TRUE,1,FALSE,0,TRUE,0,TRUE,2,FALSE,TRUE,FALSE,TRUE
400004831842,27/05/2026,05/06/2026,05/06/2026,,C0014826,ΠΕ119756-98088,0215, ,TRUE,FALSE,FALSE,FALSE,TRUE,6,FALSE,0,TRUE,0,TRUE,6,FALSE,FALSE,FALSE,TRUE
400004831841,27/05/2026,,,,C0014826,ΠΕ119756-98088,0901, ,FALSE,FALSE,FALSE,FALSE,FALSE,6,FALSE,0,TRUE,0,FALSE,0,FALSE,FALSE,FALSE,TRUE
400004831840,27/05/2026,28/05/2026,28/05/2026,,C0014826,ΠΕ119756-98088,0304, ,TRUE,FALSE,FALSE,FALSE,TRUE,1,FALSE,0,TRUE,0,TRUE,1,FALSE,TRUE,FALSE,TRUE
400004831839,27/05/2026,28/05/2026,30/05/2026,,C0014826,ΠΕ119756-98088,0307, ,TRUE,TRUE,FALSE,FALSE,TRUE,1,FALSE,0,TRUE,0,TRUE,3,FALSE,TRUE,FALSE,TRUE
400004831838,27/05/2026,28/05/2026,28/05/2026,,C0014826,ΠΕ119756-98088,0212, ,TRUE,FALSE,FALSE,FALSE,TRUE,1,FALSE,0,TRUE,0,TRUE,1,FALSE,TRUE,FALSE,TRUE
400004831837,27/05/2026,29/05/2026,29/05/2026,,C0014826,ΠΕ119756-98088,0853, ,FALSE,TRUE,FALSE,FALSE,TRUE,2,FALSE,0,TRUE,0,TRUE,2,FALSE,TRUE,FALSE,TRUE
400004831836,27/05/2026,28/05/2026,02/06/2026,,C0014826,ΠΕ119756-98088,0612, ,TRUE,FALSE,TRUE,FALSE,TRUE,1,FALSE,0,TRUE,0,TRUE,3,FALSE,TRUE,FALSE,TRUE
400004831835,27/05/2026,28/05/2026,28/05/2026,,C0014826,ΠΕ119756-98088,0204, ,TRUE,FALSE,FALSE,FALSE,TRUE,1,FALSE,0,TRUE,0,TRUE,1,FALSE,TRUE,FALSE,TRUE
400004831834,27/05/2026,28/05/2026,28/05/2026,,C0014826,ΠΕ119756-98088,0711, ,TRUE,FALSE,FALSE,FALSE,TRUE,1,FALSE,0,TRUE,0,TRUE,1,FALSE,TRUE,FALSE,TRUE
400004831833,27/05/2026,28/05/2026,28/05/2026,,C0014826,ΠΕ119756-98088,0323, ,TRUE,FALSE,FALSE,FALSE,TRUE,1,FALSE,0,TRUE,0,TRUE,1,FALSE,TRUE,FALSE,TRUE
400004831832,27/05/2026,28/05/2026,01/06/2026,,C0014826,ΠΕ119756-98088,0131, ,TRUE,FALSE,FALSE,FALSE,TRUE,1,FALSE,0,TRUE,0,TRUE,3,FALSE,TRUE,FALSE,TRUE
400004831831,27/05/2026,28/05/2026,28/05/2026,,C0014826,ΠΕ119756-98088,0211, ,TRUE,TRUE,FALSE,FALSE,TRUE,1,FALSE,0,TRUE,0,TRUE,1,FALSE,TRUE,FALSE,TRUE
400004831830,27/05/2026,28/05/2026,28/05/2026,,C0014826,ΠΕ119756-98088,0204, ,TRUE,FALSE,FALSE,FALSE,TRUE,1,FALSE,0,TRUE,0,TRUE,1,FALSE,TRUE,FALSE,TRUE
400004831829,27/05/2026,04/06/2026,04/06/2026,,C0014826,ΠΕ119756-98088,0325, ,TRUE,TRUE,FALSE,FALSE,TRUE,5,FALSE,0,TRUE,0,TRUE,5,FALSE,FALSE,FALSE,TRUE
400004831828,27/05/2026,29/05/2026,29/05/2026,,C0014826,ΠΕ119756-98088,0204, ,TRUE,FALSE,FALSE,FALSE,TRUE,2,FALSE,0,TRUE,0,TRUE,2,FALSE,TRUE,FALSE,TRUE
400004831827,27/05/2026,28/05/2026,28/05/2026,,C0014826,ΠΕ119756-98088,0503, ,TRUE,FALSE,FALSE,FALSE,TRUE,1,FALSE,0,TRUE,0,TRUE,1,FALSE,TRUE,FALSE,TRUE
400004831826,27/05/2026,28/05/2026,03/06/2026,,C0014826,ΠΕ119756-98088,0636, ,TRUE,FALSE,FALSE,FALSE,TRUE,1,FALSE,0,TRUE,0,TRUE,4,FALSE,TRUE,FALSE,TRUE
400004831825,27/05/2026,30/05/2026,30/05/2026,,C0014826,ΠΕ119756-98088,0714, ,TRUE,FALSE,FALSE,FALSE,TRUE,3,FALSE,0,TRUE,0,TRUE,3,FALSE,FALSE,FALSE,TRUE
400004831824,27/05/2026,30/05/2026,30/05/2026,,C0014826,ΠΕ119756-98088,0903, ,FALSE,FALSE,FALSE,FALSE,TRUE,3,FALSE,0,TRUE,0,TRUE,3,FALSE,TRUE,FALSE,TRUE
400004831823,27/05/2026,30/05/2026,30/05/2026,,C0014826,ΠΕ119756-98088,0146, ,TRUE,FALSE,TRUE,FALSE,TRUE,3,FALSE,0,TRUE,0,TRUE,3,FALSE,TRUE,FALSE,TRUE
400004831821,27/05/2026,28/05/2026,,,C0014826,ΠΕ119756-98088,0202, ,TRUE,FALSE,FALSE,FALSE,TRUE,1,FALSE,0,TRUE,0,FALSE,0,FALSE,TRUE,FALSE,TRUE
400004831820,27/05/2026,28/05/2026,28/05/2026,,C0014826,ΠΕ119756-98088,0214, ,TRUE,TRUE,FALSE,FALSE,TRUE,1,FALSE,0,TRUE,0,TRUE,1,FALSE,TRUE,FALSE,TRUE
400004831819,27/05/2026,,,,C0014826,ΠΕ119756-98088,0332, ,FALSE,FALSE,FALSE,TRUE,FALSE,1,FALSE,0,TRUE,0,FALSE,0,FALSE,FALSE,FALSE,TRUE
400004831818,27/05/2026,02/06/2026,02/06/2026,,C0014826,ΠΕ119756-98088,0321, ,TRUE,FALSE,TRUE,FALSE,TRUE,3,FALSE,0,TRUE,0,TRUE,3,FALSE,TRUE,FALSE,TRUE
400004831817,27/05/2026,28/05/2026,28/05/2026,,C0014826,ΠΕ119756-98088,0304, ,TRUE,FALSE,FALSE,FALSE,TRUE,1,FALSE,0,TRUE,0,TRUE,1,FALSE,TRUE,FALSE,TRUE
400004831816,27/05/2026,28/05/2026,28/05/2026,,C0014826,ΠΕ119756-98088,0204, ,TRUE,FALSE,FALSE,FALSE,TRUE,1,FALSE,0,TRUE,0,TRUE,1,FALSE,TRUE,FALSE,TRUE
400004831815,27/05/2026,29/05/2026,29/05/2026,,C0014826,ΠΕ119756-98088,0715, ,TRUE,FALSE,FALSE,FALSE,TRUE,2,FALSE,0,TRUE,0,TRUE,2,FALSE,TRUE,FALSE,TRUE
400004831814,27/05/2026,02/06/2026,02/06/2026,,C0014826,ΠΕ119756-98088,0911, ,FALSE,TRUE,FALSE,FALSE,TRUE,3,FALSE,0,TRUE,0,TRUE,3,FALSE,TRUE,FALSE,TRUE
400004831813,27/05/2026,28/05/2026,28/05/2026,,C0014826,ΠΕ119756-98088,0204, ,TRUE,FALSE,FALSE,FALSE,TRUE,1,FALSE,0,TRUE,0,TRUE,1,FALSE,TRUE,FALSE,TRUE
400004831812,27/05/2026,29/05/2026,29/05/2026,,C0014826,ΠΕ119756-98088,0307, ,TRUE,FALSE,TRUE,FALSE,TRUE,2,FALSE,0,TRUE,0,TRUE,2,FALSE,TRUE,FALSE,TRUE
400004831811,27/05/2026,04/06/2026,04/06/2026,,C0014826,ΠΕ119756-98088,0316, ,TRUE,FALSE,TRUE,FALSE,TRUE,5,FALSE,0,TRUE,0,TRUE,5,FALSE,TRUE,FALSE,TRUE
400004831810,27/05/2026,29/05/2026,30/05/2026,,C0014826,ΠΕ119756-98088,0855, ,FALSE,FALSE,FALSE,FALSE,TRUE,2,FALSE,0,TRUE,0,TRUE,3,FALSE,TRUE,FALSE,TRUE
400004831809,27/05/2026,02/06/2026,02/06/2026,,C0014826,ΠΕ119756-98088,0851, ,FALSE,FALSE,FALSE,FALSE,TRUE,3,FALSE,0,TRUE,0,TRUE,3,FALSE,TRUE,FALSE,TRUE
400004831808,27/05/2026,30/05/2026,30/05/2026,,C0014826,ΠΕ119756-98088,0324, ,TRUE,FALSE,FALSE,FALSE,TRUE,3,FALSE,0,TRUE,0,TRUE,3,FALSE,FALSE,FALSE,TRUE
400004831807,27/05/2026,29/05/2026,29/05/2026,,C0014826,ΠΕ119756-98088,0853, ,FALSE,FALSE,FALSE,FALSE,TRUE,2,FALSE,0,TRUE,0,TRUE,2,FALSE,TRUE,FALSE,TRUE
400004831806,27/05/2026,30/05/2026,,,C0014826,ΠΕ119756-98088,0913, ,FALSE,FALSE,FALSE,FALSE,TRUE,3,FALSE,0,TRUE,0,FALSE,0,FALSE,TRUE,FALSE,TRUE
400004831805,27/05/2026,28/05/2026,28/05/2026,,C0014826,ΠΕ119756-98088,0611, ,TRUE,FALSE,FALSE,FALSE,TRUE,1,FALSE,0,TRUE,0,TRUE,1,FALSE,TRUE,FALSE,TRUE
400004831804,27/05/2026,28/05/2026,28/05/2026,,C0014826,ΠΕ119756-98088,0131, ,TRUE,TRUE,FALSE,FALSE,TRUE,1,FALSE,0,TRUE,0,TRUE,1,FALSE,TRUE,FALSE,TRUE
400004831803,27/05/2026,28/05/2026,28/05/2026,,C0014826,ΠΕ119756-98088,0151, ,TRUE,TRUE,FALSE,FALSE,TRUE,1,FALSE,0,TRUE,0,TRUE,1,FALSE,TRUE,FALSE,TRUE
400004831802,27/05/2026,28/05/2026,29/05/2026,,C0014826,ΠΕ119756-98088,0631, ,TRUE,FALSE,FALSE,FALSE,TRUE,1,FALSE,0,TRUE,0,TRUE,2,FALSE,TRUE,FALSE,TRUE
400004831801,27/05/2026,29/05/2026,01/06/2026,,C0014826,ΠΕ119756-98088,0316, ,TRUE,FALSE,TRUE,FALSE,TRUE,2,FALSE,0,TRUE,0,TRUE,3,FALSE,TRUE,FALSE,TRUE
400004831800,27/05/2026,28/05/2026,28/05/2026,,C0014826,ΠΕ119756-98088,0213, ,TRUE,TRUE,FALSE,FALSE,TRUE,1,FALSE,0,TRUE,0,TRUE,1,FALSE,TRUE,FALSE,TRUE
400004831799,27/05/2026,30/05/2026,30/05/2026,,C0014826,ΠΕ119756-98088,0903, ,FALSE,FALSE,FALSE,FALSE,TRUE,3,FALSE,0,TRUE,0,TRUE,3,FALSE,TRUE,FALSE,TRUE
400004831798,27/05/2026,28/05/2026,28/05/2026,,C0014826,ΠΕ119756-98088,0208, ,TRUE,FALSE,TRUE,FALSE,TRUE,1,FALSE,0,TRUE,0,TRUE,1,FALSE,TRUE,FALSE,TRUE
400004831797,27/05/2026,28/05/2026,28/05/2026,,C0014826,ΠΕ119756-98088,0203, ,TRUE,FALSE,FALSE,FALSE,TRUE,1,FALSE,0,TRUE,0,TRUE,1,FALSE,TRUE,FALSE,TRUE
400004831796,27/05/2026,28/05/2026,28/05/2026,,C0014826,ΠΕ119756-98088,0212, ,TRUE,FALSE,FALSE,FALSE,TRUE,1,FALSE,0,TRUE,0,TRUE,1,FALSE,TRUE,FALSE,TRUE
400004831795,27/05/2026,28/05/2026,28/05/2026,,C0014826,ΠΕ119756-98088,0133, ,TRUE,FALSE,TRUE,FALSE,TRUE,1,FALSE,0,TRUE,0,TRUE,1,FALSE,TRUE,FALSE,TRUE
400004831794,27/05/2026,04/06/2026,,,C0014826,ΠΕ119756-98088,0909, ,FALSE,TRUE,FALSE,FALSE,TRUE,5,FALSE,0,TRUE,0,FALSE,0,FALSE,FALSE,FALSE,TRUE
400004831793,27/05/2026,30/05/2026,02/06/2026,,C0014826,ΠΕ119756-98088,0857, ,FALSE,FALSE,FALSE,FALSE,TRUE,3,FALSE,0,TRUE,0,TRUE,3,FALSE,TRUE,FALSE,TRUE
400004831792,27/05/2026,,,,C0014826,ΠΕ119756-98088,0331, ,FALSE,FALSE,FALSE,TRUE,FALSE,1,FALSE,0,TRUE,0,FALSE,0,FALSE,FALSE,FALSE,TRUE
400004831791,27/05/2026,28/05/2026,28/05/2026,,C0014826,ΠΕ119756-98088,0338, ,TRUE,FALSE,TRUE,FALSE,TRUE,1,FALSE,0,TRUE,0,TRUE,1,FALSE,TRUE,FALSE,TRUE
400004831790,27/05/2026,29/05/2026,29/05/2026,,C0014826,ΠΕ119756-98088,0855, ,FALSE,FALSE,FALSE,FALSE,TRUE,2,FALSE,0,TRUE,0,TRUE,2,FALSE,TRUE,FALSE,TRUE
400004831789,27/05/2026,28/05/2026,28/05/2026,,C0014826,ΠΕ119756-98088,0204, ,TRUE,FALSE,FALSE,FALSE,TRUE,1,FALSE,0,TRUE,0,TRUE,1,FALSE,TRUE,FALSE,TRUE
400004831788,27/05/2026,28/05/2026,28/05/2026,,C0014826,ΠΕ119756-98088,0329, ,TRUE,FALSE,TRUE,FALSE,TRUE,1,FALSE,0,TRUE,0,TRUE,1,FALSE,TRUE,FALSE,TRUE
400004831787,27/05/2026,28/05/2026,28/05/2026,,C0014826,ΠΕ119756-98088,0204, ,TRUE,FALSE,FALSE,FALSE,TRUE,1,FALSE,0,TRUE,0,TRUE,1,FALSE,TRUE,FALSE,TRUE
400004831786,27/05/2026,28/05/2026,28/05/2026,,C0014826,ΠΕ119756-98088,0612, ,TRUE,FALSE,FALSE,FALSE,TRUE,1,FALSE,0,TRUE,0,TRUE,1,FALSE,TRUE,FALSE,TRUE
400004831785,27/05/2026,28/05/2026,28/05/2026,,C0014826,ΠΕ119756-98088,0201, ,TRUE,TRUE,FALSE,FALSE,TRUE,1,FALSE,0,TRUE,0,TRUE,1,FALSE,TRUE,FALSE,TRUE
400004831784,27/05/2026,28/05/2026,28/05/2026,,C0014826,ΠΕ119756-98088,0612, ,TRUE,FALSE,FALSE,FALSE,TRUE,1,FALSE,0,TRUE,0,TRUE,1,FALSE,TRUE,FALSE,TRUE
400004831783,27/05/2026,28/05/2026,29/05/2026,,C0014826,ΠΕ119756-98088,0860, ,FALSE,FALSE,FALSE,FALSE,TRUE,1,FALSE,0,TRUE,0,TRUE,2,FALSE,TRUE,FALSE,TRUE
400004831782,27/05/2026,02/06/2026,02/06/2026,,C0014826,ΠΕ119756-98088,0906, ,FALSE,FALSE,FALSE,FALSE,TRUE,3,FALSE,0,TRUE,0,TRUE,3,FALSE,TRUE,FALSE,TRUE
400004831781,27/05/2026,,,,C0014826,ΠΕ119756-98088,0907, ,FALSE,TRUE,FALSE,TRUE,FALSE,3,FALSE,0,TRUE,0,FALSE,0,FALSE,FALSE,FALSE,TRUE
400004831780,27/05/2026,28/05/2026,28/05/2026,,C0014826,ΠΕ119756-98088,0307, ,TRUE,FALSE,TRUE,FALSE,TRUE,1,FALSE,0,TRUE,0,TRUE,1,FALSE,TRUE,FALSE,TRUE
160000404216,27/05/2026,30/05/2026,30/05/2026,,C0014826,ΠΕ119756-98088,0903, ,FALSE,FALSE,FALSE,FALSE,TRUE,3,FALSE,0,TRUE,0,TRUE,3,FALSE,TRUE,FALSE,TRUE
160000404215,27/05/2026,28/05/2026,28/05/2026,,C0014826,ΠΕ119756-98088,0611, ,TRUE,FALSE,FALSE,FALSE,TRUE,1,FALSE,0,TRUE,0,TRUE,1,FALSE,TRUE,FALSE,TRUE
160000404214,27/05/2026,05/06/2026,05/06/2026,,C0014826,ΠΕ119756-98088,0901, ,FALSE,FALSE,FALSE,FALSE,TRUE,6,FALSE,0,TRUE,0,TRUE,6,FALSE,FALSE,FALSE,TRUE
160000404213,27/05/2026,,,,C0014826,ΠΕ119756-98088,0332, ,FALSE,FALSE,FALSE,TRUE,FALSE,1,FALSE,0,TRUE,0,FALSE,0,FALSE,FALSE,FALSE,TRUE
160000404212,27/05/2026,,,,C0014826,ΠΕ119756-98088,0901, ,FALSE,FALSE,FALSE,FALSE,FALSE,6,FALSE,0,TRUE,0,FALSE,0,FALSE,FALSE,FALSE,TRUE
160000404211,27/05/2026,28/05/2026,28/05/2026,,C0014826,ΠΕ119756-98088,0214, ,TRUE,TRUE,FALSE,FALSE,TRUE,1,FALSE,0,TRUE,0,TRUE,1,FALSE,TRUE,FALSE,TRUE
160000404210,27/05/2026,30/05/2026,03/06/2026,,C0014826,ΠΕ119756-98088,0903, ,FALSE,FALSE,FALSE,FALSE,TRUE,3,FALSE,0,TRUE,0,TRUE,4,FALSE,TRUE,FALSE,TRUE
160000404209,27/05/2026,28/05/2026,28/05/2026,,C0014826,ΠΕ119756-98088,0611, ,TRUE,FALSE,FALSE,FALSE,TRUE,1,FALSE,0,TRUE,0,TRUE,1,FALSE,TRUE,FALSE,TRUE
160000404208,27/05/2026,28/05/2026,28/05/2026,,C0014826,ΠΕ119756-98088,0863, ,FALSE,FALSE,FALSE,FALSE,TRUE,1,FALSE,0,TRUE,0,TRUE,1,FALSE,TRUE,FALSE,TRUE
160000404207,27/05/2026,,,,C0014826,ΠΕ119756-98088,0215, ,TRUE,FALSE,FALSE,TRUE,FALSE,1,FALSE,0,TRUE,0,FALSE,0,FALSE,FALSE,FALSE,TRUE
160000404206,27/05/2026,28/05/2026,28/05/2026,,C0014826,ΠΕ119756-98088,0612, ,TRUE,FALSE,FALSE,FALSE,TRUE,1,FALSE,0,TRUE,0,TRUE,1,FALSE,TRUE,FALSE,TRUE
160000404205,27/05/2026,30/05/2026,30/05/2026,,C0014826,ΠΕ119756-98088,0903, ,FALSE,FALSE,FALSE,FALSE,TRUE,3,FALSE,0,TRUE,0,TRUE,3,FALSE,TRUE,FALSE,TRUE
160000404204,27/05/2026,,,,C0014826,ΠΕ119756-98088,0332, ,FALSE,FALSE,FALSE,TRUE,FALSE,1,FALSE,0,TRUE,0,FALSE,0,FALSE,FALSE,FALSE,TRUE
160000404203,27/05/2026,29/05/2026,29/05/2026,,C0014826,ΠΕ119756-98088,0307, ,TRUE,FALSE,TRUE,FALSE,TRUE,2,FALSE,0,TRUE,0,TRUE,2,FALSE,TRUE,FALSE,TRUE
160000404202,27/05/2026,,,,C0014826,ΠΕ119756-98088,0901, ,FALSE,FALSE,FALSE,TRUE,FALSE,1,FALSE,0,TRUE,0,FALSE,0,FALSE,FALSE,FALSE,TRUE
160000404201,27/05/2026,,,,C0014826,ΠΕ119756-98088,0901, ,FALSE,FALSE,FALSE,TRUE,FALSE,1,FALSE,0,TRUE,0,FALSE,0,FALSE,FALSE,FALSE,TRUE
160000404200,27/05/2026,,,,C0014826,ΠΕ119756-98088,0901, ,FALSE,FALSE,FALSE,TRUE,FALSE,1,FALSE,0,TRUE,0,FALSE,0,FALSE,FALSE,FALSE,TRUE
160000404199,27/05/2026,28/05/2026,,,C0014826,ΠΕ119756-98088,0202, ,TRUE,FALSE,FALSE,FALSE,TRUE,1,FALSE,0,TRUE,0,FALSE,0,FALSE,TRUE,FALSE,TRUE
160000404198,27/05/2026,28/05/2026,28/05/2026,,C0014826,ΠΕ119756-98088,0307, ,TRUE,FALSE,TRUE,FALSE,TRUE,1,FALSE,0,TRUE,0,TRUE,1,FALSE,TRUE,FALSE,TRUE
160000404197,27/05/2026,28/05/2026,28/05/2026,,C0014826,ΠΕ119756-98088,0201, ,TRUE,TRUE,FALSE,FALSE,TRUE,1,FALSE,0,TRUE,0,TRUE,1,FALSE,TRUE,FALSE,TRUE
160000404196,27/05/2026,28/05/2026,28/05/2026,,C0014826,ΠΕ119756-98088,0612, ,TRUE,FALSE,FALSE,FALSE,TRUE,1,FALSE,0,TRUE,0,TRUE,1,FALSE,TRUE,FALSE,TRUE
160000404195,27/05/2026,02/06/2026,02/06/2026,,C0014826,ΠΕ119756-98088,0851, ,FALSE,FALSE,FALSE,FALSE,TRUE,3,FALSE,0,TRUE,0,TRUE,3,FALSE,TRUE,FALSE,TRUE
160000404194,27/05/2026,02/06/2026,02/06/2026,,C0014826,ΠΕ119756-98088,0851, ,FALSE,FALSE,FALSE,FALSE,TRUE,3,FALSE,0,TRUE,0,TRUE,3,FALSE,TRUE,FALSE,TRUE
160000404193,27/05/2026,02/06/2026,02/06/2026,,C0014826,ΠΕ119756-98088,0851, ,FALSE,FALSE,FALSE,FALSE,TRUE,3,FALSE,0,TRUE,0,TRUE,3,FALSE,TRUE,FALSE,TRUE
160000404192,27/05/2026,30/05/2026,30/05/2026,,C0014826,ΠΕ119756-98088,0903, ,FALSE,FALSE,FALSE,FALSE,TRUE,3,FALSE,0,TRUE,0,TRUE,3,FALSE,TRUE,FALSE,TRUE
160000404191,27/05/2026,28/05/2026,28/05/2026,,C0014826,ΠΕ119756-98088,0307, ,TRUE,FALSE,TRUE,FALSE,TRUE,1,FALSE,0,TRUE,0,TRUE,1,FALSE,TRUE,FALSE,TRUE
160000404190,27/05/2026,28/05/2026,28/05/2026,,C0014826,ΠΕ119756-98088,0201, ,TRUE,TRUE,FALSE,FALSE,TRUE,1,FALSE,0,TRUE,0,TRUE,1,FALSE,TRUE,FALSE,TRUE
160000404167,27/05/2026,,,,C0014826,ΠΕ119756-98088,0901, ,FALSE,FALSE,FALSE,FALSE,FALSE,6,FALSE,0,TRUE,0,FALSE,0,FALSE,FALSE,FALSE,TRUE
700047145706,26/05/2026,27/05/2026,27/05/2026,,C0014826,ΠΕ119756-98088,0945,ATH,TRUE,FALSE,FALSE,FALSE,TRUE,1,FALSE,0,TRUE,1,TRUE,1,FALSE,TRUE,FALSE,TRUE
700047145558,26/05/2026,28/05/2026,28/05/2026,,C0014826,ΠΕ119756-98088,0948, ,TRUE,FALSE,FALSE,FALSE,TRUE,2,FALSE,0,FALSE,0,TRUE,2,FALSE,TRUE,FALSE,FALSE
700047165222,26/05/2026,27/05/2026,27/05/2026,,C0014826,ΠΕ119756-102229,0948, ,TRUE,FALSE,FALSE,FALSE,TRUE,1,FALSE,0,FALSE,0,TRUE,1,FALSE,TRUE,FALSE,FALSE
700047147634,26/05/2026,27/05/2026,27/05/2026,,C0014826,ΠΕ119756-98088,0948, ,TRUE,FALSE,FALSE,FALSE,TRUE,1,FALSE,0,TRUE,0,TRUE,1,FALSE,TRUE,FALSE,TRUE
052000243262,26/05/2026,27/05/2026,27/05/2026,,C0014826,ΠΕ119756-102229,0948, ,TRUE,FALSE,FALSE,FALSE,TRUE,1,FALSE,0,TRUE,0,TRUE,1,FALSE,TRUE,FALSE,TRUE
700047166817,26/05/2026,28/05/2026,28/05/2026,,C0014826,ΠΕ119756-98088,0106,ATH,TRUE,FALSE,FALSE,FALSE,TRUE,2,FALSE,0,TRUE,0,TRUE,2,FALSE,TRUE,FALSE,TRUE
050060769550,26/05/2026,27/05/2026,27/05/2026,,C0014826,ΠΕ119756-98088,0948, ,TRUE,FALSE,FALSE,FALSE,TRUE,1,FALSE,0,TRUE,0,TRUE,1,FALSE,TRUE,FALSE,TRUE
052000967832,26/05/2026,28/05/2026,28/05/2026,,C0014826,ΠΕ119756-98088,0851, ,FALSE,FALSE,FALSE,FALSE,TRUE,2,FALSE,0,TRUE,0,TRUE,2,FALSE,TRUE,FALSE,TRUE
052000967898,26/05/2026,28/05/2026,28/05/2026,,C0014826,ΠΕ119756-98088,0802, ,FALSE,FALSE,FALSE,FALSE,TRUE,2,FALSE,0,TRUE,0,TRUE,2,FALSE,TRUE,FALSE,TRUE
052000967821,26/05/2026,28/05/2026,28/05/2026,,C0014826,ΠΕ119756-98088,0871, ,FALSE,FALSE,FALSE,FALSE,TRUE,2,FALSE,0,TRUE,0,TRUE,2,FALSE,TRUE,FALSE,TRUE
052000967810,26/05/2026,27/05/2026,27/05/2026,,C0014826,ΠΕ119756-98088,0623, ,TRUE,FALSE,FALSE,FALSE,TRUE,1,FALSE,0,TRUE,0,TRUE,1,FALSE,TRUE,FALSE,TRUE
052000967800,26/05/2026,27/05/2026,27/05/2026,,C0014826,ΠΕ119756-98088,0701, ,TRUE,FALSE,FALSE,FALSE,TRUE,1,FALSE,0,TRUE,0,TRUE,1,FALSE,TRUE,FALSE,TRUE
052000965951,26/05/2026,27/05/2026,27/05/2026,,C0014826,ΠΕ119756-98088,0605,SKG,TRUE,FALSE,FALSE,FALSE,TRUE,1,FALSE,0,TRUE,0,TRUE,1,FALSE,TRUE,FALSE,TRUE
052000965940,26/05/2026,28/05/2026,29/05/2026,,C0014826,ΠΕ119756-98088,0811, ,FALSE,FALSE,FALSE,FALSE,TRUE,2,FALSE,0,TRUE,0,TRUE,3,FALSE,TRUE,FALSE,TRUE
052000964807,26/05/2026,28/05/2026,28/05/2026,,C0014826,ΠΕ119756-98088,0511, ,TRUE,FALSE,FALSE,FALSE,TRUE,2,FALSE,0,TRUE,0,TRUE,2,FALSE,TRUE,FALSE,TRUE
052000964796,26/05/2026,30/05/2026,,,C0014826,ΠΕ119756-98088,0903, ,FALSE,FALSE,FALSE,FALSE,TRUE,4,FALSE,0,TRUE,0,FALSE,0,FALSE,FALSE,FALSE,TRUE
052000964785,26/05/2026,27/05/2026,27/05/2026,,C0014826,ΠΕ119756-98088,0611, ,TRUE,FALSE,FALSE,FALSE,TRUE,1,FALSE,0,TRUE,0,TRUE,1,FALSE,TRUE,FALSE,TRUE
052000964774,26/05/2026,27/05/2026,27/05/2026,,C0014826,ΠΕ119756-98088,0712, ,TRUE,FALSE,FALSE,FALSE,TRUE,1,FALSE,0,TRUE,0,TRUE,1,FALSE,TRUE,FALSE,TRUE
400004831779,26/05/2026,02/06/2026,,,C0014826,ΠΕ119756-98088,0906, ,FALSE,FALSE,TRUE,FALSE,TRUE,4,FALSE,0,TRUE,0,FALSE,0,FALSE,TRUE,FALSE,TRUE
400004831778,26/05/2026,27/05/2026,27/05/2026,,C0014826,ΠΕ119756-98088,0636, ,TRUE,TRUE,FALSE,FALSE,TRUE,1,FALSE,0,TRUE,0,TRUE,1,FALSE,TRUE,FALSE,TRUE
400004831777,26/05/2026,30/05/2026,30/05/2026,,C0014826,ΠΕ119756-98088,0308, ,TRUE,FALSE,TRUE,FALSE,TRUE,4,FALSE,0,TRUE,0,TRUE,4,FALSE,TRUE,FALSE,TRUE
400004831776,26/05/2026,28/05/2026,28/05/2026,,C0014826,ΠΕ119756-98088,0641, ,TRUE,FALSE,TRUE,FALSE,TRUE,2,FALSE,0,TRUE,0,TRUE,2,FALSE,TRUE,FALSE,TRUE
400004831775,26/05/2026,27/05/2026,27/05/2026,,C0014826,ΠΕ119756-98088,0621, ,TRUE,FALSE,FALSE,FALSE,TRUE,1,FALSE,0,TRUE,0,TRUE,1,FALSE,TRUE,FALSE,TRUE
400004831774,26/05/2026,28/05/2026,28/05/2026,,C0014826,ΠΕ119756-98088,0324, ,TRUE,FALSE,TRUE,FALSE,TRUE,2,FALSE,0,TRUE,0,TRUE,2,FALSE,TRUE,FALSE,TRUE
400004831773,26/05/2026,28/05/2026,,,C0014826,ΠΕ119756-98088,0903, ,FALSE,FALSE,FALSE,FALSE,TRUE,2,FALSE,0,TRUE,0,FALSE,0,FALSE,TRUE,FALSE,TRUE
400004831772,26/05/2026,30/05/2026,30/05/2026,,C0014826,ΠΕ119756-98088,0907, ,FALSE,FALSE,TRUE,FALSE,TRUE,4,FALSE,0,TRUE,0,TRUE,4,FALSE,TRUE,FALSE,TRUE
400004831771,26/05/2026,27/05/2026,27/05/2026,,C0014826,ΠΕ119756-98088,0611, ,TRUE,FALSE,FALSE,FALSE,TRUE,1,FALSE,0,TRUE,0,TRUE,1,FALSE,TRUE,FALSE,TRUE
400004831770,26/05/2026,27/05/2026,27/05/2026,,C0014826,ΠΕ119756-98088,0613, ,TRUE,FALSE,FALSE,FALSE,TRUE,1,FALSE,0,TRUE,0,TRUE,1,FALSE,TRUE,FALSE,TRUE
400004831769,26/05/2026,,,,C0014826,ΠΕ119756-98088,0215, ,TRUE,FALSE,FALSE,TRUE,FALSE,2,FALSE,0,TRUE,0,FALSE,0,FALSE,FALSE,FALSE,TRUE
400004831768,26/05/2026,27/05/2026,27/05/2026,,C0014826,ΠΕ119756-98088,0636, ,TRUE,FALSE,FALSE,FALSE,TRUE,1,FALSE,0,TRUE,0,TRUE,1,FALSE,TRUE,FALSE,TRUE
400004831767,26/05/2026,27/05/2026,30/05/2026,,C0014826,ΠΕ119756-98088,0214, ,TRUE,FALSE,FALSE,FALSE,TRUE,1,FALSE,0,TRUE,0,TRUE,4,FALSE,TRUE,FALSE,TRUE
400004831766,26/05/2026,30/05/2026,30/05/2026,,C0014826,ΠΕ119756-98088,0215, ,TRUE,FALSE,FALSE,FALSE,TRUE,4,FALSE,0,TRUE,0,TRUE,4,FALSE,FALSE,FALSE,TRUE
400004831765,26/05/2026,27/05/2026,27/05/2026,,C0014826,ΠΕ119756-98088,0611, ,TRUE,TRUE,FALSE,FALSE,TRUE,1,FALSE,0,TRUE,0,TRUE,1,FALSE,TRUE,FALSE,TRUE
400004831764,26/05/2026,27/05/2026,27/05/2026,,C0014826,ΠΕ119756-98088,0212, ,TRUE,FALSE,FALSE,FALSE,TRUE,1,FALSE,0,TRUE,0,TRUE,1,FALSE,TRUE,FALSE,TRUE
400004831763,26/05/2026,27/05/2026,27/05/2026,,C0014826,ΠΕ119756-98088,0636, ,TRUE,FALSE,FALSE,FALSE,TRUE,1,FALSE,0,TRUE,0,TRUE,1,FALSE,TRUE,FALSE,TRUE
400004831762,26/05/2026,29/05/2026,29/05/2026,,C0014826,ΠΕ119756-98088,0907, ,FALSE,TRUE,FALSE,FALSE,TRUE,3,FALSE,0,TRUE,0,TRUE,3,FALSE,TRUE,FALSE,TRUE
400004831761,26/05/2026,01/06/2026,01/06/2026,,C0014826,ΠΕ119756-98088,0215, ,TRUE,TRUE,FALSE,FALSE,TRUE,4,FALSE,0,TRUE,0,TRUE,4,FALSE,TRUE,FALSE,TRUE
400004831760,26/05/2026,28/05/2026,28/05/2026,,C0014826,ΠΕ119756-98088,0628,SKG,TRUE,FALSE,FALSE,FALSE,TRUE,2,FALSE,0,TRUE,0,TRUE,2,FALSE,TRUE,FALSE,TRUE
400004831759,26/05/2026,27/05/2026,27/05/2026,,C0014826,ΠΕ119756-98088,0131, ,TRUE,FALSE,FALSE,FALSE,TRUE,1,FALSE,0,TRUE,0,TRUE,1,FALSE,TRUE,FALSE,TRUE
400004831758,26/05/2026,05/06/2026,05/06/2026,,C0014826,ΠΕ119756-98088,0901, ,FALSE,FALSE,FALSE,FALSE,TRUE,7,FALSE,0,TRUE,0,TRUE,7,FALSE,FALSE,FALSE,TRUE
400004831757,26/05/2026,27/05/2026,27/05/2026,,C0014826,ΠΕ119756-98088,0611, ,TRUE,FALSE,FALSE,FALSE,TRUE,1,FALSE,0,TRUE,0,TRUE,1,FALSE,TRUE,FALSE,TRUE
400004831756,26/05/2026,28/05/2026,28/05/2026,,C0014826,ΠΕ119756-98088,0312, ,TRUE,FALSE,TRUE,FALSE,TRUE,2,FALSE,0,TRUE,0,TRUE,2,FALSE,TRUE,FALSE,TRUE
400004831755,26/05/2026,28/05/2026,30/05/2026,,C0014826,ΠΕ119756-98088,0215, ,TRUE,FALSE,FALSE,FALSE,TRUE,2,FALSE,0,TRUE,0,TRUE,4,FALSE,TRUE,FALSE,TRUE
400004831754,26/05/2026,27/05/2026,28/05/2026,,C0014826,ΠΕ119756-98088,0203, ,TRUE,FALSE,FALSE,FALSE,TRUE,1,FALSE,0,TRUE,0,TRUE,2,FALSE,TRUE,FALSE,TRUE
400004831753,26/05/2026,28/05/2026,28/05/2026,,C0014826,ΠΕ119756-98088,0905, ,FALSE,FALSE,FALSE,FALSE,TRUE,2,FALSE,0,TRUE,0,TRUE,2,FALSE,TRUE,FALSE,TRUE
400004831752,26/05/2026,29/05/2026,29/05/2026,,C0014826,ΠΕ119756-98088,0907, ,FALSE,TRUE,FALSE,FALSE,TRUE,3,FALSE,0,TRUE,0,TRUE,3,FALSE,TRUE,FALSE,TRUE
400004831751,26/05/2026,,,,C0014826,ΠΕ119756-98088,0215, ,TRUE,FALSE,FALSE,TRUE,FALSE,2,FALSE,0,TRUE,0,FALSE,0,FALSE,FALSE,FALSE,TRUE
400004831750,26/05/2026,,,,C0014826,ΠΕ119756-98088,0866, ,FALSE,TRUE,FALSE,TRUE,FALSE,4,FALSE,0,TRUE,0,FALSE,0,FALSE,FALSE,FALSE,TRUE
400004831749,26/05/2026,29/05/2026,29/05/2026,,C0014826,ΠΕ119756-98088,0308, ,TRUE,FALSE,TRUE,FALSE,TRUE,3,FALSE,0,TRUE,0,TRUE,3,FALSE,TRUE,FALSE,TRUE
400004831748,26/05/2026,27/05/2026,27/05/2026,,C0014826,ΠΕ119756-98088,0211, ,TRUE,FALSE,FALSE,FALSE,TRUE,1,FALSE,0,TRUE,0,TRUE,1,FALSE,TRUE,FALSE,TRUE
400004831747,26/05/2026,27/05/2026,27/05/2026,,C0014826,ΠΕ119756-98088,0133, ,TRUE,FALSE,FALSE,FALSE,TRUE,1,FALSE,0,TRUE,0,TRUE,1,FALSE,TRUE,FALSE,TRUE
400004831746,26/05/2026,03/06/2026,03/06/2026,,C0014826,ΠΕ119756-98088,0215, ,TRUE,FALSE,FALSE,FALSE,TRUE,5,FALSE,0,TRUE,0,TRUE,5,FALSE,FALSE,FALSE,TRUE
400004831745,26/05/2026,27/05/2026,03/06/2026,,C0014826,ΠΕ119756-98088,0203, ,TRUE,FALSE,TRUE,FALSE,TRUE,1,FALSE,0,TRUE,0,TRUE,5,FALSE,TRUE,FALSE,TRUE
400004831744,26/05/2026,27/05/2026,27/05/2026,,C0014826,ΠΕ119756-98088,0212, ,TRUE,FALSE,TRUE,FALSE,TRUE,1,FALSE,0,TRUE,0,TRUE,1,FALSE,TRUE,FALSE,TRUE
400004831743,26/05/2026,01/06/2026,01/06/2026,,C0014826,ΠΕ119756-98088,0901, ,FALSE,FALSE,FALSE,FALSE,TRUE,4,FALSE,0,TRUE,0,TRUE,4,FALSE,FALSE,FALSE,TRUE
400004831742,26/05/2026,27/05/2026,27/05/2026,,C0014826,ΠΕ119756-98088,0634, ,TRUE,FALSE,FALSE,FALSE,TRUE,1,FALSE,0,TRUE,0,TRUE,1,FALSE,TRUE,FALSE,TRUE
400004831741,26/05/2026,29/05/2026,03/06/2026,,C0014826,ΠΕ119756-98088,0907, ,FALSE,TRUE,FALSE,FALSE,TRUE,3,FALSE,0,TRUE,0,TRUE,5,FALSE,TRUE,FALSE,TRUE
400004831740,26/05/2026,27/05/2026,27/05/2026,,C0014826,ΠΕ119756-98088,0711, ,TRUE,FALSE,FALSE,FALSE,TRUE,1,FALSE,0,TRUE,0,TRUE,1,FALSE,TRUE,FALSE,TRUE
400004831739,26/05/2026,28/05/2026,28/05/2026,,C0014826,ΠΕ119756-98088,0914, ,FALSE,FALSE,FALSE,FALSE,TRUE,2,FALSE,0,TRUE,0,TRUE,2,FALSE,TRUE,FALSE,TRUE
400004831738,26/05/2026,04/06/2026,04/06/2026,,C0014826,ΠΕ119756-98088,0215, ,TRUE,TRUE,FALSE,FALSE,TRUE,6,FALSE,0,TRUE,0,TRUE,6,FALSE,FALSE,FALSE,TRUE
400004831737,26/05/2026,27/05/2026,27/05/2026,,C0014826,ΠΕ119756-98088,0213, ,TRUE,FALSE,FALSE,FALSE,TRUE,1,FALSE,0,TRUE,0,TRUE,1,FALSE,TRUE,FALSE,TRUE
400004831736,26/05/2026,27/05/2026,27/05/2026,,C0014826,ΠΕ119756-98088,0852, ,FALSE,FALSE,FALSE,FALSE,TRUE,1,FALSE,0,TRUE,0,TRUE,1,FALSE,TRUE,FALSE,TRUE
400004831735,26/05/2026,27/05/2026,27/05/2026,,C0014826,ΠΕ119756-98088,0305, ,TRUE,FALSE,FALSE,FALSE,TRUE,1,FALSE,0,TRUE,0,TRUE,1,FALSE,TRUE,FALSE,TRUE
400004831734,26/05/2026,28/05/2026,,,C0014826,ΠΕ119756-98088,0851, ,FALSE,FALSE,FALSE,FALSE,TRUE,2,FALSE,0,TRUE,0,FALSE,0,FALSE,TRUE,FALSE,TRUE
400004831733,26/05/2026,27/05/2026,27/05/2026,,C0014826,ΠΕ119756-98088,0324, ,TRUE,FALSE,FALSE,FALSE,TRUE,1,FALSE,0,TRUE,0,TRUE,1,FALSE,TRUE,FALSE,TRUE
400004831732,26/05/2026,,,,C0014826,ΠΕ119756-98088,0643, ,TRUE,TRUE,FALSE,TRUE,FALSE,2,FALSE,0,TRUE,0,FALSE,0,FALSE,FALSE,FALSE,TRUE
400004831731,26/05/2026,27/05/2026,28/05/2026,,C0014826,ΠΕ119756-98088,0612, ,TRUE,FALSE,FALSE,FALSE,TRUE,1,FALSE,0,TRUE,0,TRUE,2,FALSE,TRUE,FALSE,TRUE
400004831730,26/05/2026,28/05/2026,28/05/2026,,C0014826,ΠΕ119756-98088,0133, ,TRUE,FALSE,TRUE,FALSE,TRUE,2,FALSE,0,TRUE,0,TRUE,2,FALSE,TRUE,FALSE,TRUE
400004831729,26/05/2026,,,,C0014826,ΠΕ119756-98088,0907, ,FALSE,FALSE,TRUE,TRUE,FALSE,2,FALSE,0,TRUE,0,FALSE,0,FALSE,FALSE,FALSE,TRUE
400004831728,26/05/2026,27/05/2026,27/05/2026,,C0014826,ΠΕ119756-98088,0871, ,FALSE,FALSE,FALSE,FALSE,TRUE,1,FALSE,0,TRUE,0,TRUE,1,FALSE,TRUE,FALSE,TRUE
400004831727,26/05/2026,28/05/2026,28/05/2026,,C0014826,ΠΕ119756-98088,0621, ,TRUE,TRUE,FALSE,FALSE,TRUE,2,FALSE,0,TRUE,0,TRUE,2,FALSE,TRUE,FALSE,TRUE
400004831726,26/05/2026,29/05/2026,29/05/2026,,C0014826,ΠΕ119756-98088,0208, ,TRUE,FALSE,FALSE,FALSE,TRUE,3,FALSE,0,TRUE,0,TRUE,3,FALSE,FALSE,FALSE,TRUE
400004831725,26/05/2026,27/05/2026,27/05/2026,,C0014826,ΠΕ119756-98088,0316, ,TRUE,FALSE,TRUE,FALSE,TRUE,1,FALSE,0,TRUE,0,TRUE,1,FALSE,TRUE,FALSE,TRUE
400004831724,26/05/2026,28/05/2026,28/05/2026,,C0014826,ΠΕ119756-98088,0904, ,FALSE,FALSE,FALSE,FALSE,TRUE,2,FALSE,0,TRUE,0,TRUE,2,FALSE,TRUE,FALSE,TRUE
400004831723,26/05/2026,01/06/2026,,,C0014826,ΠΕ119756-98088,0855, ,FALSE,FALSE,FALSE,FALSE,TRUE,4,FALSE,0,TRUE,0,FALSE,0,FALSE,FALSE,FALSE,TRUE
400004831722,26/05/2026,27/05/2026,27/05/2026,,C0014826,ΠΕ119756-98088,0641, ,TRUE,TRUE,FALSE,FALSE,TRUE,1,FALSE,0,TRUE,0,TRUE,1,FALSE,TRUE,FALSE,TRUE
400004831721,26/05/2026,01/06/2026,,,C0014826,ΠΕ119756-98088,0215, ,TRUE,TRUE,FALSE,FALSE,TRUE,4,FALSE,0,TRUE,0,FALSE,0,FALSE,TRUE,FALSE,TRUE
400004831720,26/05/2026,30/05/2026,02/06/2026,,C0014826,ΠΕ119756-98088,0903, ,FALSE,FALSE,FALSE,FALSE,TRUE,4,FALSE,0,TRUE,0,TRUE,4,FALSE,FALSE,FALSE,TRUE
400004831719,26/05/2026,30/05/2026,02/06/2026,,C0014826,ΠΕ119756-98088,0903, ,FALSE,FALSE,FALSE,FALSE,TRUE,4,FALSE,0,TRUE,0,TRUE,4,FALSE,FALSE,FALSE,TRUE
400004831718,26/05/2026,,,,C0014826,ΠΕ119756-98088,0901, ,FALSE,TRUE,FALSE,FALSE,FALSE,7,FALSE,0,TRUE,0,FALSE,0,FALSE,FALSE,FALSE,TRUE
400004831717,26/05/2026,03/06/2026,03/06/2026,,C0014826,ΠΕ119756-98088,0222, ,FALSE,TRUE,FALSE,FALSE,TRUE,5,FALSE,0,TRUE,0,TRUE,5,FALSE,FALSE,FALSE,TRUE
400004831716,26/05/2026,28/05/2026,28/05/2026,,C0014826,ΠΕ119756-98088,0615, ,TRUE,FALSE,TRUE,FALSE,TRUE,2,FALSE,0,TRUE,0,TRUE,2,FALSE,TRUE,FALSE,TRUE
400004831715,26/05/2026,27/05/2026,27/05/2026,,C0014826,ΠΕ119756-98088,0304, ,TRUE,TRUE,FALSE,FALSE,TRUE,1,FALSE,0,TRUE,0,TRUE,1,FALSE,TRUE,FALSE,TRUE
400004831714,26/05/2026,27/05/2026,27/05/2026,,C0014826,ΠΕ119756-98088,0211, ,TRUE,FALSE,FALSE,FALSE,TRUE,1,FALSE,0,TRUE,0,TRUE,1,FALSE,TRUE,FALSE,TRUE
400004831713,26/05/2026,04/06/2026,04/06/2026,,C0014826,ΠΕ119756-98088,0911, ,FALSE,FALSE,TRUE,FALSE,TRUE,6,FALSE,0,TRUE,0,TRUE,6,FALSE,TRUE,FALSE,TRUE
400004831712,26/05/2026,27/05/2026,27/05/2026,,C0014826,ΠΕ119756-98088,0612, ,TRUE,FALSE,FALSE,FALSE,TRUE,1,FALSE,0,TRUE,0,TRUE,1,FALSE,TRUE,FALSE,TRUE
400004831711,26/05/2026,02/06/2026,02/06/2026,,C0014826,ΠΕ119756-98088,0912, ,FALSE,FALSE,FALSE,FALSE,TRUE,4,FALSE,0,TRUE,0,TRUE,4,FALSE,FALSE,FALSE,TRUE
400004831710,26/05/2026,28/05/2026,28/05/2026,,C0014826,ΠΕ119756-98088,0904, ,FALSE,FALSE,FALSE,FALSE,TRUE,2,FALSE,0,TRUE,0,TRUE,2,FALSE,TRUE,FALSE,TRUE
400004831709,26/05/2026,27/05/2026,27/05/2026,,C0014826,ΠΕ119756-98088,0214, ,TRUE,FALSE,FALSE,FALSE,TRUE,1,FALSE,0,TRUE,0,TRUE,1,FALSE,TRUE,FALSE,TRUE
400004831708,26/05/2026,27/05/2026,02/06/2026,,C0014826,ΠΕ119756-98088,0331, ,FALSE,FALSE,FALSE,FALSE,TRUE,1,FALSE,0,TRUE,0,TRUE,4,FALSE,TRUE,FALSE,TRUE
400004831707,26/05/2026,27/05/2026,27/05/2026,,C0014826,ΠΕ119756-98088,0332, ,FALSE,FALSE,FALSE,FALSE,TRUE,1,FALSE,0,TRUE,0,TRUE,1,FALSE,TRUE,FALSE,TRUE
400004831706,26/05/2026,27/05/2026,27/05/2026,,C0014826,ΠΕ119756-98088,0309, ,TRUE,FALSE,FALSE,FALSE,TRUE,1,FALSE,0,TRUE,0,TRUE,1,FALSE,TRUE,FALSE,TRUE
400004831705,26/05/2026,27/05/2026,27/05/2026,,C0014826,ΠΕ119756-98088,0323, ,TRUE,FALSE,FALSE,FALSE,TRUE,1,FALSE,0,TRUE,0,TRUE,1,FALSE,TRUE,FALSE,TRUE
400004831704,26/05/2026,28/05/2026,02/06/2026,,C0014826,ΠΕ119756-98088,0214, ,TRUE,FALSE,FALSE,FALSE,TRUE,2,FALSE,0,TRUE,0,TRUE,4,FALSE,TRUE,FALSE,TRUE
400004831703,26/05/2026,27/05/2026,27/05/2026,,C0014826,ΠΕ119756-98088,0641, ,TRUE,FALSE,TRUE,FALSE,TRUE,1,FALSE,0,TRUE,0,TRUE,1,FALSE,TRUE,FALSE,TRUE
400004831702,26/05/2026,27/05/2026,,,C0014826,ΠΕ119756-98088,0152, ,TRUE,FALSE,TRUE,FALSE,TRUE,1,FALSE,0,TRUE,0,FALSE,0,FALSE,TRUE,FALSE,TRUE
400004831701,26/05/2026,,,,C0014826,ΠΕ119756-98088,0919, ,FALSE,FALSE,FALSE,FALSE,FALSE,4,FALSE,0,TRUE,0,FALSE,0,FALSE,FALSE,FALSE,TRUE
400004831700,26/05/2026,28/05/2026,28/05/2026,,C0014826,ΠΕ119756-98088,0315, ,TRUE,FALSE,TRUE,FALSE,TRUE,2,FALSE,0,TRUE,0,TRUE,2,FALSE,TRUE,FALSE,TRUE
400004831699,26/05/2026,29/05/2026,29/05/2026,,C0014826,ΠΕ119756-98088,0324, ,TRUE,TRUE,FALSE,FALSE,TRUE,3,FALSE,0,TRUE,0,TRUE,3,FALSE,TRUE,FALSE,TRUE
400004831698,26/05/2026,28/05/2026,28/05/2026,,C0014826,ΠΕ119756-98088,0714, ,TRUE,FALSE,FALSE,FALSE,TRUE,2,FALSE,0,TRUE,0,TRUE,2,FALSE,TRUE,FALSE,TRUE
400004831697,26/05/2026,27/05/2026,27/05/2026,,C0014826,ΠΕ119756-98088,0152, ,TRUE,FALSE,FALSE,FALSE,TRUE,1,FALSE,0,TRUE,0,TRUE,1,FALSE,TRUE,FALSE,TRUE
400004831696,26/05/2026,04/06/2026,,,C0014826,ΠΕ119756-98088,0215, ,TRUE,TRUE,FALSE,FALSE,TRUE,6,FALSE,0,TRUE,0,FALSE,0,FALSE,FALSE,FALSE,TRUE
400004831695,26/05/2026,29/05/2026,29/05/2026,,C0014826,ΠΕ119756-98088,0851, ,FALSE,FALSE,FALSE,FALSE,TRUE,3,FALSE,0,TRUE,0,TRUE,3,FALSE,TRUE,FALSE,TRUE
400004831694,26/05/2026,28/05/2026,28/05/2026,,C0014826,ΠΕ119756-98088,0212, ,TRUE,TRUE,FALSE,FALSE,TRUE,2,FALSE,0,TRUE,0,TRUE,2,FALSE,TRUE,FALSE,TRUE
400004831693,26/05/2026,27/05/2026,27/05/2026,,C0014826,ΠΕ119756-98088,0612, ,TRUE,FALSE,FALSE,FALSE,TRUE,1,FALSE,0,TRUE,0,TRUE,1,FALSE,TRUE,FALSE,TRUE
400004831692,26/05/2026,27/05/2026,02/06/2026,,C0014826,ΠΕ119756-98088,0201, ,TRUE,FALSE,FALSE,FALSE,TRUE,1,FALSE,0,TRUE,0,TRUE,4,FALSE,TRUE,FALSE,TRUE
400004831690,26/05/2026,27/05/2026,27/05/2026,,C0014826,ΠΕ119756-98088,0632, ,TRUE,FALSE,FALSE,FALSE,TRUE,1,FALSE,0,TRUE,0,TRUE,1,FALSE,TRUE,FALSE,TRUE
400004831689,26/05/2026,01/06/2026,01/06/2026,,C0014826,ΠΕ119756-98088,0131, ,TRUE,FALSE,TRUE,FALSE,TRUE,4,FALSE,0,TRUE,0,TRUE,4,FALSE,TRUE,FALSE,TRUE
400004831688,26/05/2026,28/05/2026,28/05/2026,,C0014826,ΠΕ119756-98088,0711, ,TRUE,FALSE,TRUE,FALSE,TRUE,2,FALSE,0,TRUE,0,TRUE,2,FALSE,TRUE,FALSE,TRUE
400004831687,26/05/2026,28/05/2026,30/05/2026,,C0014826,ΠΕ119756-98088,0903, ,FALSE,FALSE,FALSE,FALSE,TRUE,2,FALSE,0,TRUE,0,TRUE,4,FALSE,TRUE,FALSE,TRUE
400004831686,26/05/2026,27/05/2026,27/05/2026,,C0014826,ΠΕ119756-98088,0304, ,TRUE,FALSE,FALSE,FALSE,TRUE,1,FALSE,0,TRUE,0,TRUE,1,FALSE,TRUE,FALSE,TRUE
400004831685,26/05/2026,28/05/2026,28/05/2026,,C0014826,ΠΕ119756-98088,0211, ,TRUE,TRUE,FALSE,FALSE,TRUE,2,FALSE,0,TRUE,0,TRUE,2,FALSE,TRUE,FALSE,TRUE
400004831684,26/05/2026,28/05/2026,28/05/2026,,C0014826,ΠΕ119756-98088,0308, ,TRUE,FALSE,TRUE,FALSE,TRUE,2,FALSE,0,TRUE,0,TRUE,2,FALSE,TRUE,FALSE,TRUE
400004831683,26/05/2026,,,,C0014826,ΠΕ119756-98088,0901, ,FALSE,FALSE,FALSE,FALSE,FALSE,7,FALSE,0,TRUE,0,FALSE,0,FALSE,FALSE,FALSE,TRUE
400004831682,26/05/2026,30/05/2026,30/05/2026,,C0014826,ΠΕ119756-98088,0903, ,FALSE,FALSE,FALSE,FALSE,TRUE,4,FALSE,0,TRUE,0,TRUE,4,FALSE,FALSE,FALSE,TRUE
400004831681,26/05/2026,27/05/2026,27/05/2026,,C0014826,ΠΕ119756-98088,0621, ,TRUE,FALSE,FALSE,FALSE,TRUE,1,FALSE,0,TRUE,0,TRUE,1,FALSE,TRUE,FALSE,TRUE
400004831680,26/05/2026,28/05/2026,28/05/2026,,C0014826,ΠΕ119756-98088,0641, ,TRUE,FALSE,TRUE,FALSE,TRUE,2,FALSE,0,TRUE,0,TRUE,2,FALSE,TRUE,FALSE,TRUE
400004831679,26/05/2026,02/06/2026,03/06/2026,,C0014826,ΠΕ119756-98088,0906, ,FALSE,FALSE,TRUE,FALSE,TRUE,4,FALSE,0,TRUE,0,TRUE,5,FALSE,TRUE,FALSE,TRUE
400004831678,26/05/2026,30/05/2026,30/05/2026,,C0014826,ΠΕ119756-98088,0851, ,FALSE,FALSE,FALSE,FALSE,TRUE,4,FALSE,0,TRUE,0,TRUE,4,FALSE,FALSE,FALSE,TRUE
400004831677,26/05/2026,29/05/2026,29/05/2026,,C0014826,ΠΕ119756-98088,0333, ,FALSE,FALSE,TRUE,FALSE,TRUE,3,FALSE,0,TRUE,0,TRUE,3,FALSE,TRUE,FALSE,TRUE
400004831676,26/05/2026,28/05/2026,28/05/2026,,C0014826,ΠΕ119756-98088,0871, ,FALSE,FALSE,FALSE,FALSE,TRUE,2,FALSE,0,TRUE,0,TRUE,2,FALSE,TRUE,FALSE,TRUE
400004831675,26/05/2026,29/05/2026,29/05/2026,,C0014826,ΠΕ119756-98088,0215, ,TRUE,FALSE,FALSE,FALSE,TRUE,3,FALSE,0,TRUE,0,TRUE,3,FALSE,FALSE,FALSE,TRUE
400004831674,26/05/2026,27/05/2026,27/05/2026,,C0014826,ΠΕ119756-98088,0304, ,TRUE,TRUE,FALSE,FALSE,TRUE,1,FALSE,0,TRUE,0,TRUE,1,FALSE,TRUE,FALSE,TRUE
400004831673,26/05/2026,27/05/2026,29/05/2026,,C0014826,ΠΕ119756-98088,0311, ,TRUE,FALSE,TRUE,FALSE,TRUE,1,FALSE,0,TRUE,0,TRUE,3,FALSE,TRUE,FALSE,TRUE
400004831672,26/05/2026,28/05/2026,28/05/2026,,C0014826,ΠΕ119756-98088,0636, ,TRUE,TRUE,FALSE,FALSE,TRUE,2,FALSE,0,TRUE,0,TRUE,2,FALSE,TRUE,FALSE,TRUE
400004831671,26/05/2026,27/05/2026,27/05/2026,,C0014826,ΠΕ119756-98088,0613, ,TRUE,FALSE,FALSE,FALSE,TRUE,1,FALSE,0,TRUE,0,TRUE,1,FALSE,TRUE,FALSE,TRUE
400004831670,26/05/2026,03/06/2026,03/06/2026,,C0014826,ΠΕ119756-98088,0131, ,TRUE,FALSE,TRUE,FALSE,TRUE,5,FALSE,0,TRUE,0,TRUE,5,FALSE,TRUE,FALSE,TRUE
400004831669,26/05/2026,28/05/2026,29/05/2026,,C0014826,ΠΕ119756-98088,0902, ,FALSE,FALSE,FALSE,FALSE,TRUE,2,FALSE,0,TRUE,0,TRUE,3,FALSE,TRUE,FALSE,TRUE
400004831668,26/05/2026,29/05/2026,29/05/2026,,C0014826,ΠΕ119756-98088,0141, ,TRUE,FALSE,FALSE,FALSE,TRUE,3,FALSE,0,TRUE,0,TRUE,3,FALSE,FALSE,FALSE,TRUE
400004831667,26/05/2026,27/05/2026,27/05/2026,,C0014826,ΠΕ119756-98088,0307, ,TRUE,FALSE,FALSE,FALSE,TRUE,1,FALSE,0,TRUE,0,TRUE,1,FALSE,TRUE,FALSE,TRUE
400004831666,26/05/2026,02/06/2026,,,C0014826,ΠΕ119756-98088,0331, ,FALSE,FALSE,FALSE,FALSE,TRUE,4,FALSE,0,TRUE,0,FALSE,0,FALSE,FALSE,FALSE,TRUE
400004831665,26/05/2026,29/05/2026,29/05/2026,,C0014826,ΠΕ119756-98088,0636, ,TRUE,FALSE,TRUE,FALSE,TRUE,3,FALSE,0,TRUE,0,TRUE,3,FALSE,TRUE,FALSE,TRUE
400004831664,26/05/2026,29/05/2026,30/05/2026,,C0014826,ΠΕ119756-98088,0324, ,TRUE,FALSE,FALSE,FALSE,TRUE,3,FALSE,0,TRUE,0,TRUE,4,FALSE,FALSE,FALSE,TRUE
400004831663,26/05/2026,27/05/2026,27/05/2026,,C0014826,ΠΕ119756-98088,0212, ,TRUE,FALSE,FALSE,FALSE,TRUE,1,FALSE,0,TRUE,0,TRUE,1,FALSE,TRUE,FALSE,TRUE
400004831662,26/05/2026,27/05/2026,27/05/2026,,C0014826,ΠΕ119756-98088,0203, ,TRUE,FALSE,TRUE,FALSE,TRUE,1,FALSE,0,TRUE,0,TRUE,1,FALSE,TRUE,FALSE,TRUE
400004831661,26/05/2026,27/05/2026,27/05/2026,,C0014826,ΠΕ119756-98088,0631, ,TRUE,FALSE,FALSE,FALSE,TRUE,1,FALSE,0,TRUE,0,TRUE,1,FALSE,TRUE,FALSE,TRUE
400004831660,26/05/2026,27/05/2026,27/05/2026,,C0014826,ΠΕ119756-98088,0321, ,TRUE,FALSE,TRUE,FALSE,TRUE,1,FALSE,0,TRUE,0,TRUE,1,FALSE,TRUE,FALSE,TRUE
400004831659,26/05/2026,01/06/2026,01/06/2026,,C0014826,ΠΕ119756-98088,0903, ,FALSE,FALSE,TRUE,FALSE,TRUE,4,FALSE,0,TRUE,0,TRUE,4,FALSE,TRUE,FALSE,TRUE
400004831658,26/05/2026,27/05/2026,27/05/2026,,C0014826,ΠΕ119756-98088,0636, ,TRUE,FALSE,FALSE,FALSE,TRUE,1,FALSE,0,TRUE,0,TRUE,1,FALSE,TRUE,FALSE,TRUE
400004831657,26/05/2026,29/05/2026,29/05/2026,,C0014826,ΠΕ119756-98088,0611, ,TRUE,TRUE,FALSE,FALSE,TRUE,3,FALSE,0,TRUE,0,TRUE,3,FALSE,TRUE,FALSE,TRUE
400004831656,26/05/2026,,,,C0014826,ΠΕ119756-98088,0901, ,FALSE,FALSE,FALSE,FALSE,FALSE,7,FALSE,0,TRUE,0,FALSE,0,FALSE,FALSE,FALSE,TRUE
400004831655,26/05/2026,,,,C0014826,ΠΕ119756-98088,0901, ,FALSE,FALSE,FALSE,FALSE,FALSE,7,FALSE,0,TRUE,0,FALSE,0,FALSE,FALSE,FALSE,TRUE
400004831654,26/05/2026,27/05/2026,27/05/2026,,C0014826,ΠΕ119756-98088,0142, ,TRUE,FALSE,FALSE,FALSE,TRUE,1,FALSE,0,TRUE,0,TRUE,1,FALSE,TRUE,FALSE,TRUE
400004831653,26/05/2026,,,,C0014826,ΠΕ119756-98088,0914, ,FALSE,FALSE,FALSE,TRUE,FALSE,2,FALSE,0,TRUE,0,FALSE,0,FALSE,FALSE,FALSE,TRUE
400004831652,26/05/2026,27/05/2026,27/05/2026,,C0014826,ΠΕ119756-98088,0201, ,TRUE,TRUE,FALSE,FALSE,TRUE,1,FALSE,0,TRUE,0,TRUE,1,FALSE,TRUE,FALSE,TRUE
400004831651,26/05/2026,28/05/2026,28/05/2026,,C0014826,ΠΕ119756-98088,0208, ,TRUE,FALSE,TRUE,FALSE,TRUE,2,FALSE,0,TRUE,0,TRUE,2,FALSE,TRUE,FALSE,TRUE
400004831650,26/05/2026,28/05/2026,28/05/2026,,C0014826,ΠΕ119756-98088,0332, ,FALSE,TRUE,FALSE,FALSE,TRUE,2,FALSE,0,TRUE,0,TRUE,2,FALSE,TRUE,FALSE,TRUE
400004831649,26/05/2026,29/05/2026,29/05/2026,,C0014826,ΠΕ119756-98088,0906, ,FALSE,FALSE,FALSE,FALSE,TRUE,3,FALSE,0,TRUE,0,TRUE,3,FALSE,TRUE,FALSE,TRUE
400004831648,26/05/2026,28/05/2026,28/05/2026,,C0014826,ΠΕ119756-98088,0213, ,TRUE,TRUE,FALSE,FALSE,TRUE,2,FALSE,0,TRUE,0,TRUE,2,FALSE,TRUE,FALSE,TRUE
400004831647,26/05/2026,05/06/2026,05/06/2026,,C0014826,ΠΕ119756-98088,0901, ,FALSE,FALSE,FALSE,FALSE,TRUE,7,FALSE,0,TRUE,0,TRUE,7,FALSE,FALSE,FALSE,TRUE
400004831646,26/05/2026,29/05/2026,29/05/2026,,C0014826,ΠΕ119756-98088,0858, ,FALSE,FALSE,FALSE,FALSE,TRUE,3,FALSE,0,TRUE,0,TRUE,3,FALSE,TRUE,FALSE,TRUE
400004831645,26/05/2026,28/05/2026,28/05/2026,,C0014826,ΠΕ119756-98088,0339, ,TRUE,FALSE,TRUE,FALSE,TRUE,2,FALSE,0,TRUE,0,TRUE,2,FALSE,TRUE,FALSE,TRUE
400004831644,26/05/2026,,,,C0014826,ΠΕ119756-98088,0876, ,FALSE,FALSE,FALSE,TRUE,FALSE,2,FALSE,0,TRUE,0,FALSE,0,FALSE,FALSE,FALSE,TRUE
400004831643,26/05/2026,28/05/2026,28/05/2026,,C0014826,ΠΕ119756-98088,0305, ,TRUE,FALSE,TRUE,FALSE,TRUE,2,FALSE,0,TRUE,0,TRUE,2,FALSE,TRUE,FALSE,TRUE
400004831582,26/05/2026,01/06/2026,02/06/2026,,C0014826,ΠΕ119756-98088,0912, ,FALSE,FALSE,FALSE,FALSE,TRUE,4,FALSE,0,TRUE,0,TRUE,4,FALSE,FALSE,FALSE,TRUE
160000404189,26/05/2026,27/05/2026,27/05/2026,,C0014826,ΠΕ119756-98088,0613, ,TRUE,FALSE,FALSE,FALSE,TRUE,1,FALSE,0,TRUE,0,TRUE,1,FALSE,TRUE,FALSE,TRUE
160000404188,26/05/2026,27/05/2026,30/05/2026,,C0014826,ΠΕ119756-98088,0214, ,TRUE,FALSE,FALSE,FALSE,TRUE,1,FALSE,0,TRUE,0,TRUE,4,FALSE,TRUE,FALSE,TRUE
160000404187,26/05/2026,27/05/2026,27/05/2026,,C0014826,ΠΕ119756-98088,0636, ,TRUE,FALSE,FALSE,FALSE,TRUE,1,FALSE,0,TRUE,0,TRUE,1,FALSE,TRUE,FALSE,TRUE
160000404186,26/05/2026,,,,C0014826,ΠΕ119756-98088,0866, ,FALSE,TRUE,FALSE,TRUE,FALSE,1,FALSE,0,TRUE,0,FALSE,0,FALSE,FALSE,FALSE,TRUE
160000404185,26/05/2026,27/05/2026,27/05/2026,,C0014826,ΠΕ119756-98088,0636, ,TRUE,FALSE,FALSE,FALSE,TRUE,1,FALSE,0,TRUE,0,TRUE,1,FALSE,TRUE,FALSE,TRUE
160000404184,26/05/2026,29/05/2026,29/05/2026,,C0014826,ΠΕ119756-98088,0308, ,TRUE,FALSE,TRUE,FALSE,TRUE,3,FALSE,0,TRUE,0,TRUE,3,FALSE,TRUE,FALSE,TRUE
160000404183,26/05/2026,,,,C0014826,ΠΕ119756-98088,0866, ,FALSE,TRUE,FALSE,TRUE,FALSE,1,FALSE,0,TRUE,0,FALSE,0,FALSE,FALSE,FALSE,TRUE
160000404182,26/05/2026,30/05/2026,30/05/2026,,C0014826,ΠΕ119756-98088,0851, ,FALSE,FALSE,FALSE,FALSE,TRUE,4,FALSE,0,TRUE,0,TRUE,4,FALSE,FALSE,FALSE,TRUE
160000404181,26/05/2026,27/05/2026,27/05/2026,,C0014826,ΠΕ119756-98088,0211, ,TRUE,FALSE,FALSE,FALSE,TRUE,1,FALSE,0,TRUE,0,TRUE,1,FALSE,TRUE,FALSE,TRUE
160000404180,26/05/2026,27/05/2026,27/05/2026,,C0014826,ΠΕ119756-98088,0133, ,TRUE,FALSE,FALSE,FALSE,TRUE,1,FALSE,0,TRUE,0,TRUE,1,FALSE,TRUE,FALSE,TRUE
160000404179,26/05/2026,27/05/2026,27/05/2026,,C0014826,ΠΕ119756-98088,0632, ,TRUE,FALSE,FALSE,FALSE,TRUE,1,FALSE,0,TRUE,0,TRUE,1,FALSE,TRUE,FALSE,TRUE
160000404178,26/05/2026,29/05/2026,29/05/2026,,C0014826,ΠΕ119756-98088,0906, ,FALSE,FALSE,FALSE,FALSE,TRUE,3,FALSE,0,TRUE,0,TRUE,3,FALSE,TRUE,FALSE,TRUE
160000404177,26/05/2026,27/05/2026,27/05/2026,,C0014826,ΠΕ119756-98088,0309, ,TRUE,FALSE,FALSE,FALSE,TRUE,1,FALSE,0,TRUE,0,TRUE,1,FALSE,TRUE,FALSE,TRUE
160000404176,26/05/2026,28/05/2026,28/05/2026,,C0014826,ΠΕ119756-98088,0615, ,TRUE,FALSE,TRUE,FALSE,TRUE,2,FALSE,0,TRUE,0,TRUE,2,FALSE,TRUE,FALSE,TRUE
160000404175,26/05/2026,01/06/2026,01/06/2026,,C0014826,ΠΕ119756-98088,0903, ,FALSE,FALSE,TRUE,FALSE,TRUE,4,FALSE,0,TRUE,0,TRUE,4,FALSE,TRUE,FALSE,TRUE
160000404174,26/05/2026,27/05/2026,27/05/2026,,C0014826,ΠΕ119756-98088,0613, ,TRUE,FALSE,FALSE,FALSE,TRUE,1,FALSE,0,TRUE,0,TRUE,1,FALSE,TRUE,FALSE,TRUE
160000404173,26/05/2026,27/05/2026,27/05/2026,,C0014826,ΠΕ119756-98088,0309, ,TRUE,FALSE,FALSE,FALSE,TRUE,1,FALSE,0,TRUE,0,TRUE,1,FALSE,TRUE,FALSE,TRUE
160000404172,26/05/2026,28/05/2026,28/05/2026,,C0014826,ΠΕ119756-98088,0711, ,TRUE,FALSE,TRUE,FALSE,TRUE,2,FALSE,0,TRUE,0,TRUE,2,FALSE,TRUE,FALSE,TRUE
160000404171,26/05/2026,30/05/2026,30/05/2026,,C0014826,ΠΕ119756-98088,0851, ,FALSE,FALSE,FALSE,FALSE,TRUE,4,FALSE,0,TRUE,0,TRUE,4,FALSE,FALSE,FALSE,TRUE
160000404170,26/05/2026,,,,C0014826,ΠΕ119756-98088,0876, ,FALSE,FALSE,FALSE,TRUE,FALSE,2,FALSE,0,TRUE,0,FALSE,0,FALSE,FALSE,FALSE,TRUE
160000404169,26/05/2026,,,,C0014826,ΠΕ119756-98088,0914, ,FALSE,FALSE,FALSE,FALSE,FALSE,4,FALSE,0,TRUE,0,FALSE,0,FALSE,FALSE,FALSE,TRUE
160000404168,26/05/2026,27/05/2026,27/05/2026,,C0014826,ΠΕ119756-98088,0201, ,TRUE,TRUE,FALSE,FALSE,TRUE,1,FALSE,0,TRUE,0,TRUE,1,FALSE,TRUE,FALSE,TRUE
160000404166,26/05/2026,01/06/2026,01/06/2026,,C0014826,ΠΕ119756-98088,0903, ,FALSE,FALSE,TRUE,FALSE,TRUE,4,FALSE,0,TRUE,0,TRUE,4,FALSE,TRUE,FALSE,TRUE
160000404165,26/05/2026,02/06/2026,03/06/2026,,C0014826,ΠΕ119756-98088,0906, ,FALSE,FALSE,TRUE,FALSE,TRUE,4,FALSE,0,TRUE,0,TRUE,5,FALSE,TRUE,FALSE,TRUE
160000404164,26/05/2026,27/05/2026,27/05/2026,,C0014826,ΠΕ119756-98088,0631, ,TRUE,FALSE,FALSE,FALSE,TRUE,1,FALSE,0,TRUE,0,TRUE,1,FALSE,TRUE,FALSE,TRUE
160000404163,26/05/2026,28/05/2026,28/05/2026,,C0014826,ΠΕ119756-98088,0208, ,TRUE,FALSE,TRUE,FALSE,TRUE,2,FALSE,0,TRUE,0,TRUE,2,FALSE,TRUE,FALSE,TRUE
160000404162,26/05/2026,28/05/2026,28/05/2026,,C0014826,ΠΕ119756-98088,0208, ,TRUE,FALSE,TRUE,FALSE,TRUE,2,FALSE,0,TRUE,0,TRUE,2,FALSE,TRUE,FALSE,TRUE
160000404161,26/05/2026,28/05/2026,28/05/2026,,C0014826,ΠΕ119756-98088,0213, ,TRUE,TRUE,FALSE,FALSE,TRUE,2,FALSE,0,TRUE,0,TRUE,2,FALSE,TRUE,FALSE,TRUE
700047129395,25/05/2026,03/06/2026,03/06/2026,,C0014826,ΠΕ119756-98088,0948, ,TRUE,FALSE,FALSE,FALSE,TRUE,6,FALSE,0,TRUE,5,TRUE,6,FALSE,FALSE,FALSE,FALSE
050089120290,25/05/2026,26/05/2026,26/05/2026,,C0014826,ΠΕ119756-102229,0948, ,TRUE,FALSE,FALSE,FALSE,TRUE,1,FALSE,0,TRUE,0,TRUE,1,FALSE,TRUE,FALSE,TRUE
052000967942,25/05/2026,27/05/2026,27/05/2026,,C0014826,ΠΕ119756-98088,0622, ,TRUE,FALSE,FALSE,FALSE,TRUE,2,FALSE,0,TRUE,0,TRUE,2,FALSE,TRUE,FALSE,TRUE
052000967843,25/05/2026,27/05/2026,27/05/2026,,C0014826,ΠΕ119756-98088,0714, ,TRUE,FALSE,FALSE,FALSE,TRUE,2,FALSE,0,TRUE,0,TRUE,2,FALSE,TRUE,FALSE,TRUE
052000964763,25/05/2026,27/05/2026,28/05/2026,,C0014826,ΠΕ119756-98088,0315, ,TRUE,FALSE,TRUE,FALSE,TRUE,2,FALSE,0,TRUE,0,TRUE,3,FALSE,TRUE,FALSE,TRUE
052000964752,25/05/2026,26/05/2026,26/05/2026,,C0014826,ΠΕ119756-98088,0146, ,TRUE,FALSE,FALSE,FALSE,TRUE,1,FALSE,0,TRUE,0,TRUE,1,FALSE,TRUE,FALSE,TRUE
052000964730,25/05/2026,26/05/2026,26/05/2026,,C0014826,ΠΕ119756-98088,0821, ,FALSE,FALSE,FALSE,FALSE,TRUE,1,FALSE,0,TRUE,0,TRUE,1,FALSE,TRUE,FALSE,TRUE
400004831642,25/05/2026,26/05/2026,26/05/2026,,C0014826,ΠΕ119756-98088,0611, ,TRUE,TRUE,FALSE,FALSE,TRUE,1,FALSE,0,TRUE,0,TRUE,1,FALSE,TRUE,FALSE,TRUE
400004831641,25/05/2026,05/06/2026,05/06/2026,,C0014826,ΠΕ119756-98088,0215, ,TRUE,TRUE,FALSE,FALSE,TRUE,8,FALSE,0,TRUE,0,TRUE,8,FALSE,FALSE,FALSE,TRUE
400004831640,25/05/2026,,,,C0014826,ΠΕ119756-98088,0901, ,FALSE,FALSE,FALSE,FALSE,FALSE,8,FALSE,0,TRUE,0,FALSE,0,FALSE,FALSE,FALSE,TRUE
400004831639,25/05/2026,26/05/2026,26/05/2026,,C0014826,ΠΕ119756-98088,0711, ,TRUE,FALSE,FALSE,FALSE,TRUE,1,FALSE,0,TRUE,0,TRUE,1,FALSE,TRUE,FALSE,TRUE
400004831638,25/05/2026,26/05/2026,26/05/2026,,C0014826,ΠΕ119756-98088,0628,SKG,TRUE,FALSE,TRUE,FALSE,TRUE,1,FALSE,0,TRUE,0,TRUE,1,FALSE,TRUE,FALSE,TRUE
400004831637,25/05/2026,05/06/2026,,,C0014826,ΠΕ119756-98088,0215, ,TRUE,FALSE,FALSE,FALSE,TRUE,8,FALSE,0,TRUE,0,FALSE,0,FALSE,FALSE,FALSE,TRUE
400004831636,25/05/2026,26/05/2026,27/05/2026,,C0014826,ΠΕ119756-98088,0211, ,TRUE,FALSE,FALSE,FALSE,TRUE,1,FALSE,0,TRUE,0,TRUE,2,FALSE,TRUE,FALSE,TRUE
400004831635,25/05/2026,,,,C0014826,ΠΕ119756-98088,0643, ,TRUE,TRUE,FALSE,TRUE,FALSE,3,FALSE,0,TRUE,0,FALSE,0,FALSE,FALSE,FALSE,TRUE
400004831634,25/05/2026,26/05/2026,28/05/2026,,C0014826,ΠΕ119756-98088,0613, ,TRUE,FALSE,TRUE,FALSE,TRUE,1,FALSE,0,TRUE,0,TRUE,3,FALSE,TRUE,FALSE,TRUE
400004831633,25/05/2026,28/05/2026,28/05/2026,,C0014826,ΠΕ119756-98088,0133, ,TRUE,FALSE,TRUE,FALSE,TRUE,3,FALSE,0,TRUE,0,TRUE,3,FALSE,TRUE,FALSE,TRUE
400004831632,25/05/2026,28/05/2026,,,C0014826,ΠΕ119756-98088,0215, ,TRUE,FALSE,FALSE,FALSE,TRUE,3,FALSE,0,TRUE,0,FALSE,0,FALSE,FALSE,FALSE,TRUE
400004831631,25/05/2026,27/05/2026,27/05/2026,,C0014826,ΠΕ119756-98088,0321, ,TRUE,FALSE,TRUE,FALSE,TRUE,2,FALSE,0,TRUE,0,TRUE,2,FALSE,TRUE,FALSE,TRUE
400004831630,25/05/2026,26/05/2026,26/05/2026,,C0014826,ΠΕ119756-98088,0214, ,TRUE,TRUE,FALSE,FALSE,TRUE,1,FALSE,0,TRUE,0,TRUE,1,FALSE,TRUE,FALSE,TRUE
400004831629,25/05/2026,26/05/2026,26/05/2026,,C0014826,ΠΕ119756-98088,0612, ,TRUE,FALSE,FALSE,FALSE,TRUE,1,FALSE,0,TRUE,0,TRUE,1,FALSE,TRUE,FALSE,TRUE
400004831628,25/05/2026,27/05/2026,27/05/2026,,C0014826,ΠΕ119756-98088,0131, ,TRUE,FALSE,TRUE,FALSE,TRUE,2,FALSE,0,TRUE,0,TRUE,2,FALSE,TRUE,FALSE,TRUE
400004831627,25/05/2026,26/05/2026,26/05/2026,,C0014826,ΠΕ119756-98088,0328, ,TRUE,FALSE,FALSE,FALSE,TRUE,1,FALSE,0,TRUE,0,TRUE,1,FALSE,TRUE,FALSE,TRUE
400004831626,25/05/2026,26/05/2026,26/05/2026,,C0014826,ΠΕ119756-98088,0307, ,TRUE,FALSE,FALSE,FALSE,TRUE,1,FALSE,0,TRUE,0,TRUE,1,FALSE,TRUE,FALSE,TRUE
400004831625,25/05/2026,26/05/2026,26/05/2026,,C0014826,ΠΕ119756-98088,0612, ,TRUE,FALSE,FALSE,FALSE,TRUE,1,FALSE,0,TRUE,0,TRUE,1,FALSE,TRUE,FALSE,TRUE
400004831624,25/05/2026,02/06/2026,02/06/2026,,C0014826,ΠΕ119756-98088,0909, ,FALSE,TRUE,FALSE,FALSE,TRUE,5,FALSE,0,TRUE,0,TRUE,5,FALSE,FALSE,FALSE,TRUE
400004831623,25/05/2026,28/05/2026,28/05/2026,,C0014826,ΠΕ119756-98088,0903, ,FALSE,FALSE,TRUE,FALSE,TRUE,3,FALSE,0,TRUE,0,TRUE,3,FALSE,TRUE,FALSE,TRUE
400004831622,25/05/2026,,,,C0014826,ΠΕ119756-98088,0901, ,FALSE,TRUE,FALSE,FALSE,FALSE,8,FALSE,0,TRUE,0,FALSE,0,FALSE,FALSE,FALSE,TRUE
400004831621,25/05/2026,26/05/2026,26/05/2026,,C0014826,ΠΕ119756-98088,0211, ,TRUE,FALSE,FALSE,FALSE,TRUE,1,FALSE,0,TRUE,0,TRUE,1,FALSE,TRUE,FALSE,TRUE
400004831620,25/05/2026,04/06/2026,04/06/2026,,C0014826,ΠΕ119756-98088,0215, ,TRUE,FALSE,FALSE,FALSE,TRUE,7,FALSE,0,TRUE,0,TRUE,7,FALSE,FALSE,FALSE,TRUE
400004831619,25/05/2026,28/05/2026,28/05/2026,,C0014826,ΠΕ119756-98088,0641, ,TRUE,FALSE,TRUE,FALSE,TRUE,3,FALSE,0,TRUE,0,TRUE,3,FALSE,TRUE,FALSE,TRUE
400004831618,25/05/2026,,,,C0014826,ΠΕ119756-98088,0919, ,FALSE,FALSE,FALSE,FALSE,FALSE,5,FALSE,0,TRUE,0,FALSE,0,FALSE,FALSE,FALSE,TRUE
400004831617,25/05/2026,27/05/2026,27/05/2026,,C0014826,ΠΕ119756-98088,0131, ,TRUE,FALSE,TRUE,FALSE,TRUE,2,FALSE,0,TRUE,0,TRUE,2,FALSE,TRUE,FALSE,TRUE
400004831616,25/05/2026,,,,C0014826,ΠΕ119756-98088,0901, ,FALSE,FALSE,FALSE,FALSE,FALSE,8,FALSE,0,TRUE,0,FALSE,0,FALSE,FALSE,FALSE,TRUE
400004831615,25/05/2026,28/05/2026,29/05/2026,,C0014826,ΠΕ119756-98088,0903, ,FALSE,FALSE,FALSE,FALSE,TRUE,3,FALSE,0,TRUE,0,TRUE,4,FALSE,TRUE,FALSE,TRUE
400004831614,25/05/2026,28/05/2026,,,C0014826,ΠΕ119756-98088,0903, ,FALSE,FALSE,FALSE,FALSE,TRUE,3,FALSE,0,TRUE,0,FALSE,0,FALSE,TRUE,FALSE,TRUE
400004831613,25/05/2026,26/05/2026,26/05/2026,,C0014826,ΠΕ119756-98088,0204, ,TRUE,FALSE,FALSE,FALSE,TRUE,1,FALSE,0,TRUE,0,TRUE,1,FALSE,TRUE,FALSE,TRUE
400004831612,25/05/2026,28/05/2026,28/05/2026,,C0014826,ΠΕ119756-98088,0323, ,TRUE,TRUE,FALSE,FALSE,TRUE,3,FALSE,0,TRUE,0,TRUE,3,FALSE,TRUE,FALSE,TRUE
400004831611,25/05/2026,04/06/2026,04/06/2026,,C0014826,ΠΕ119756-98088,0215, ,TRUE,FALSE,FALSE,FALSE,TRUE,7,FALSE,0,TRUE,0,TRUE,7,FALSE,FALSE,FALSE,TRUE
400004831610,25/05/2026,02/06/2026,02/06/2026,,C0014826,ΠΕ119756-98088,0215, ,TRUE,FALSE,FALSE,FALSE,TRUE,5,FALSE,0,TRUE,0,TRUE,5,FALSE,FALSE,FALSE,TRUE
400004831609,25/05/2026,29/05/2026,29/05/2026,,C0014826,ΠΕ119756-98088,0907, ,FALSE,TRUE,FALSE,FALSE,TRUE,4,FALSE,0,TRUE,0,TRUE,4,FALSE,TRUE,FALSE,TRUE
400004831608,25/05/2026,01/06/2026,,,C0014826,ΠΕ119756-98088,0215, ,TRUE,TRUE,FALSE,FALSE,TRUE,5,FALSE,0,TRUE,0,FALSE,0,FALSE,FALSE,FALSE,TRUE
400004831607,25/05/2026,04/06/2026,04/06/2026,,C0014826,ΠΕ119756-98088,0215, ,TRUE,TRUE,FALSE,FALSE,TRUE,7,FALSE,0,TRUE,0,TRUE,7,FALSE,FALSE,FALSE,TRUE
400004831606,25/05/2026,26/05/2026,26/05/2026,,C0014826,ΠΕ119756-98088,0611, ,TRUE,FALSE,FALSE,FALSE,TRUE,1,FALSE,0,TRUE,0,TRUE,1,FALSE,TRUE,FALSE,TRUE
400004831605,25/05/2026,27/05/2026,02/06/2026,,C0014826,ΠΕ119756-98088,0131, ,TRUE,FALSE,TRUE,FALSE,TRUE,2,FALSE,0,TRUE,0,TRUE,5,FALSE,TRUE,FALSE,TRUE
400004831604,25/05/2026,26/05/2026,26/05/2026,,C0014826,ΠΕ119756-98088,0636, ,TRUE,FALSE,FALSE,FALSE,TRUE,1,FALSE,0,TRUE,0,TRUE,1,FALSE,TRUE,FALSE,TRUE
400004831603,25/05/2026,,,,C0014826,ΠΕ119756-98088,0919, ,FALSE,FALSE,FALSE,FALSE,FALSE,5,FALSE,0,TRUE,0,FALSE,0,FALSE,FALSE,FALSE,TRUE
400004831602,25/05/2026,27/05/2026,,,C0014826,ΠΕ119756-98088,0905, ,FALSE,FALSE,FALSE,FALSE,TRUE,2,FALSE,0,TRUE,0,FALSE,0,FALSE,TRUE,FALSE,TRUE
400004831601,25/05/2026,26/05/2026,26/05/2026,,C0014826,ΠΕ119756-98088,0307, ,TRUE,FALSE,FALSE,FALSE,TRUE,1,FALSE,0,TRUE,0,TRUE,1,FALSE,TRUE,FALSE,TRUE
400004831600,25/05/2026,26/05/2026,26/05/2026,,C0014826,ΠΕ119756-98088,0307, ,TRUE,FALSE,FALSE,FALSE,TRUE,1,FALSE,0,TRUE,0,TRUE,1,FALSE,TRUE,FALSE,TRUE
400004831599,25/05/2026,28/05/2026,28/05/2026,,C0014826,ΠΕ119756-98088,0203, ,TRUE,FALSE,TRUE,FALSE,TRUE,3,FALSE,0,TRUE,0,TRUE,3,FALSE,TRUE,FALSE,TRUE
400004831598,25/05/2026,26/05/2026,26/05/2026,,C0014826,ΠΕ119756-98088,0131, ,TRUE,TRUE,FALSE,FALSE,TRUE,1,FALSE,0,TRUE,0,TRUE,1,FALSE,TRUE,FALSE,TRUE
400004831597,25/05/2026,26/05/2026,26/05/2026,,C0014826,ΠΕ119756-98088,0214, ,TRUE,FALSE,FALSE,FALSE,TRUE,1,FALSE,0,TRUE,0,TRUE,1,FALSE,TRUE,FALSE,TRUE
400004831596,25/05/2026,05/06/2026,05/06/2026,,C0014826,ΠΕ119756-98088,0215, ,TRUE,TRUE,FALSE,FALSE,TRUE,8,FALSE,0,TRUE,0,TRUE,8,FALSE,FALSE,FALSE,TRUE
400004831595,25/05/2026,26/05/2026,26/05/2026,,C0014826,ΠΕ119756-98088,0628,SKG,TRUE,FALSE,TRUE,FALSE,TRUE,1,FALSE,0,TRUE,0,TRUE,1,FALSE,TRUE,FALSE,TRUE
400004831594,25/05/2026,26/05/2026,26/05/2026,,C0014826,ΠΕ119756-98088,0133, ,TRUE,FALSE,TRUE,FALSE,TRUE,1,FALSE,0,TRUE,0,TRUE,1,FALSE,TRUE,FALSE,TRUE
400004831593,25/05/2026,26/05/2026,26/05/2026,,C0014826,ΠΕ119756-98088,0307, ,TRUE,FALSE,FALSE,FALSE,TRUE,1,FALSE,0,TRUE,0,TRUE,1,FALSE,TRUE,FALSE,TRUE
400004831592,25/05/2026,26/05/2026,26/05/2026,,C0014826,ΠΕ119756-98088,0323, ,TRUE,FALSE,FALSE,FALSE,TRUE,1,FALSE,0,TRUE,0,TRUE,1,FALSE,TRUE,FALSE,TRUE
400004831591,25/05/2026,26/05/2026,26/05/2026,,C0014826,ΠΕ119756-98088,0612, ,TRUE,FALSE,TRUE,FALSE,TRUE,1,FALSE,0,TRUE,0,TRUE,1,FALSE,TRUE,FALSE,TRUE
400004831590,25/05/2026,29/05/2026,29/05/2026,,C0014826,ΠΕ119756-98088,0903, ,FALSE,FALSE,FALSE,FALSE,TRUE,4,FALSE,0,TRUE,0,TRUE,4,FALSE,FALSE,FALSE,TRUE
400004831589,25/05/2026,26/05/2026,26/05/2026,,C0014826,ΠΕ119756-98088,0203, ,TRUE,FALSE,FALSE,FALSE,TRUE,1,FALSE,0,TRUE,0,TRUE,1,FALSE,TRUE,FALSE,TRUE
400004831588,25/05/2026,30/05/2026,30/05/2026,,C0014826,ΠΕ119756-98088,0307, ,TRUE,FALSE,TRUE,FALSE,TRUE,5,FALSE,0,TRUE,0,TRUE,5,FALSE,TRUE,FALSE,TRUE
400004831587,25/05/2026,27/05/2026,27/05/2026,,C0014826,ΠΕ119756-98088,0131, ,TRUE,FALSE,TRUE,FALSE,TRUE,2,FALSE,0,TRUE,0,TRUE,2,FALSE,TRUE,FALSE,TRUE
400004831586,25/05/2026,03/06/2026,03/06/2026,,C0014826,ΠΕ119756-98088,0901, ,FALSE,FALSE,FALSE,FALSE,TRUE,6,FALSE,0,TRUE,0,TRUE,6,FALSE,FALSE,FALSE,TRUE
400004831585,25/05/2026,26/05/2026,26/05/2026,,C0014826,ΠΕ119756-98088,0204, ,TRUE,FALSE,FALSE,FALSE,TRUE,1,FALSE,0,TRUE,0,TRUE,1,FALSE,TRUE,FALSE,TRUE
400004831584,25/05/2026,26/05/2026,26/05/2026,,C0014826,ΠΕ119756-98088,0632, ,TRUE,FALSE,FALSE,FALSE,TRUE,1,FALSE,0,TRUE,0,TRUE,1,FALSE,TRUE,FALSE,TRUE
400004831583,25/05/2026,26/05/2026,26/05/2026,,C0014826,ΠΕ119756-98088,0636, ,TRUE,FALSE,FALSE,FALSE,TRUE,1,FALSE,0,TRUE,0,TRUE,1,FALSE,TRUE,FALSE,TRUE
400004831580,25/05/2026,26/05/2026,26/05/2026,,C0014826,ΠΕ119756-98088,0613, ,TRUE,FALSE,FALSE,FALSE,TRUE,1,FALSE,0,TRUE,0,TRUE,1,FALSE,TRUE,FALSE,TRUE
400004831579,25/05/2026,26/05/2026,26/05/2026,,C0014826,ΠΕ119756-98088,0133, ,TRUE,FALSE,FALSE,FALSE,TRUE,1,FALSE,0,TRUE,0,TRUE,1,FALSE,TRUE,FALSE,TRUE
400004831578,25/05/2026,30/05/2026,30/05/2026,,C0014826,ΠΕ119756-98088,0903, ,FALSE,FALSE,FALSE,FALSE,TRUE,5,FALSE,0,TRUE,0,TRUE,5,FALSE,FALSE,FALSE,TRUE
400004831577,25/05/2026,26/05/2026,26/05/2026,,C0014826,ΠΕ119756-98088,0628,SKG,TRUE,FALSE,TRUE,FALSE,TRUE,1,FALSE,0,TRUE,0,TRUE,1,FALSE,TRUE,FALSE,TRUE
400004831576,25/05/2026,27/05/2026,27/05/2026,,C0014826,ΠΕ119756-98088,0204, ,TRUE,FALSE,TRUE,FALSE,TRUE,2,FALSE,0,TRUE,0,TRUE,2,FALSE,TRUE,FALSE,TRUE
400004831575,25/05/2026,26/05/2026,26/05/2026,,C0014826,ΠΕ119756-98088,0612, ,TRUE,FALSE,FALSE,FALSE,TRUE,1,FALSE,0,TRUE,0,TRUE,1,FALSE,TRUE,FALSE,TRUE
400004831574,25/05/2026,26/05/2026,26/05/2026,,C0014826,ΠΕ119756-98088,0613, ,TRUE,FALSE,TRUE,FALSE,TRUE,1,FALSE,0,TRUE,0,TRUE,1,FALSE,TRUE,FALSE,TRUE
400004831573,25/05/2026,03/06/2026,03/06/2026,,C0014826,ΠΕ119756-98088,0222, ,FALSE,TRUE,FALSE,FALSE,TRUE,6,FALSE,0,TRUE,0,TRUE,6,FALSE,FALSE,FALSE,TRUE
400004831572,25/05/2026,26/05/2026,26/05/2026,,C0014826,ΠΕ119756-98088,0131, ,TRUE,TRUE,FALSE,FALSE,TRUE,1,FALSE,0,TRUE,0,TRUE,1,FALSE,TRUE,FALSE,TRUE
400004831571,25/05/2026,27/05/2026,27/05/2026,,C0014826,ΠΕ119756-98088,0324, ,TRUE,FALSE,FALSE,FALSE,TRUE,2,FALSE,0,TRUE,0,TRUE,2,FALSE,TRUE,FALSE,TRUE
400004831570,25/05/2026,26/05/2026,26/05/2026,,C0014826,ΠΕ119756-98088,0212, ,TRUE,FALSE,FALSE,FALSE,TRUE,1,FALSE,0,TRUE,0,TRUE,1,FALSE,TRUE,FALSE,TRUE
400004831569,25/05/2026,,,,C0014826,ΠΕ119756-98088,0907, ,FALSE,FALSE,FALSE,FALSE,FALSE,8,FALSE,0,TRUE,0,FALSE,0,FALSE,FALSE,FALSE,TRUE
400004831568,25/05/2026,27/05/2026,27/05/2026,,C0014826,ΠΕ119756-98088,0323, ,TRUE,TRUE,FALSE,FALSE,TRUE,2,FALSE,0,TRUE,0,TRUE,2,FALSE,TRUE,FALSE,TRUE
400004831567,25/05/2026,26/05/2026,26/05/2026,,C0014826,ΠΕ119756-98088,0204, ,TRUE,FALSE,FALSE,FALSE,TRUE,1,FALSE,0,TRUE,0,TRUE,1,FALSE,TRUE,FALSE,TRUE
400004831566,25/05/2026,26/05/2026,26/05/2026,,C0014826,ΠΕ119756-98088,0203, ,TRUE,FALSE,FALSE,FALSE,TRUE,1,FALSE,0,TRUE,0,TRUE,1,FALSE,TRUE,FALSE,TRUE
400004831565,25/05/2026,28/05/2026,03/06/2026,,C0014826,ΠΕ119756-98088,0903, ,FALSE,FALSE,FALSE,FALSE,TRUE,3,FALSE,0,TRUE,0,TRUE,6,FALSE,TRUE,FALSE,TRUE
400004831564,25/05/2026,26/05/2026,26/05/2026,,C0014826,ΠΕ119756-98088,0612, ,TRUE,FALSE,FALSE,FALSE,TRUE,1,FALSE,0,TRUE,0,TRUE,1,FALSE,TRUE,FALSE,TRUE
400004831563,25/05/2026,26/05/2026,26/05/2026,,C0014826,ΠΕ119756-98088,0131, ,TRUE,TRUE,FALSE,FALSE,TRUE,1,FALSE,0,TRUE,0,TRUE,1,FALSE,TRUE,FALSE,TRUE
400004831562,25/05/2026,28/05/2026,28/05/2026,,C0014826,ΠΕ119756-98088,0203, ,TRUE,TRUE,FALSE,FALSE,TRUE,3,FALSE,0,TRUE,0,TRUE,3,FALSE,TRUE,FALSE,TRUE
400004831561,25/05/2026,26/05/2026,26/05/2026,,C0014826,ΠΕ119756-98088,0636, ,TRUE,TRUE,FALSE,FALSE,TRUE,1,FALSE,0,TRUE,0,TRUE,1,FALSE,TRUE,FALSE,TRUE
400004831560,25/05/2026,27/05/2026,27/05/2026,,C0014826,ΠΕ119756-98088,0202, ,TRUE,TRUE,FALSE,FALSE,TRUE,2,FALSE,0,TRUE,0,TRUE,2,FALSE,TRUE,FALSE,TRUE
400004831559,25/05/2026,28/05/2026,28/05/2026,,C0014826,ΠΕ119756-98088,0218, ,TRUE,TRUE,FALSE,FALSE,TRUE,3,FALSE,0,TRUE,0,TRUE,3,FALSE,TRUE,FALSE,TRUE
400004831558,25/05/2026,26/05/2026,26/05/2026,,C0014826,ΠΕ119756-98088,0204, ,TRUE,FALSE,FALSE,FALSE,TRUE,1,FALSE,0,TRUE,0,TRUE,1,FALSE,TRUE,FALSE,TRUE
400004831557,25/05/2026,01/06/2026,01/06/2026,,C0014826,ΠΕ119756-98088,0331, ,FALSE,FALSE,FALSE,FALSE,TRUE,5,FALSE,0,TRUE,0,TRUE,5,FALSE,FALSE,FALSE,TRUE
400004831556,25/05/2026,28/05/2026,28/05/2026,,C0014826,ΠΕ119756-98088,0331, ,FALSE,FALSE,FALSE,FALSE,TRUE,3,FALSE,0,TRUE,0,TRUE,3,FALSE,TRUE,FALSE,TRUE
400004831555,25/05/2026,27/05/2026,27/05/2026,,C0014826,ΠΕ119756-98088,0307, ,TRUE,FALSE,FALSE,FALSE,TRUE,2,FALSE,0,TRUE,0,TRUE,2,FALSE,TRUE,FALSE,TRUE
400004831554,25/05/2026,26/05/2026,26/05/2026,,C0014826,ΠΕ119756-98088,0714, ,TRUE,FALSE,FALSE,FALSE,TRUE,1,FALSE,0,TRUE,0,TRUE,1,FALSE,TRUE,FALSE,TRUE
400004831553,25/05/2026,26/05/2026,26/05/2026,,C0014826,ΠΕ119756-98088,0324, ,TRUE,FALSE,FALSE,FALSE,TRUE,1,FALSE,0,TRUE,0,TRUE,1,FALSE,TRUE,FALSE,TRUE
400004831552,25/05/2026,28/05/2026,28/05/2026,,C0014826,ΠΕ119756-98088,0501, ,TRUE,FALSE,FALSE,FALSE,TRUE,3,FALSE,0,TRUE,0,TRUE,3,FALSE,FALSE,FALSE,TRUE
400004831551,25/05/2026,26/05/2026,26/05/2026,,C0014826,ΠΕ119756-98088,0636, ,TRUE,FALSE,FALSE,FALSE,TRUE,1,FALSE,0,TRUE,0,TRUE,1,FALSE,TRUE,FALSE,TRUE
400004831550,25/05/2026,,,,C0014826,ΠΕ119756-98088,0907, ,FALSE,TRUE,FALSE,FALSE,FALSE,6,FALSE,0,TRUE,0,FALSE,0,FALSE,FALSE,FALSE,TRUE
400004831549,25/05/2026,26/05/2026,26/05/2026,,C0014826,ΠΕ119756-98088,0635, ,TRUE,FALSE,FALSE,FALSE,TRUE,1,FALSE,0,TRUE,0,TRUE,1,FALSE,TRUE,FALSE,TRUE
400004831548,25/05/2026,03/06/2026,04/06/2026,,C0014826,ΠΕ119756-98088,0851, ,FALSE,FALSE,FALSE,FALSE,TRUE,6,FALSE,0,TRUE,0,TRUE,7,FALSE,FALSE,FALSE,TRUE
400004831547,25/05/2026,28/05/2026,28/05/2026,,C0014826,ΠΕ119756-98088,0636, ,TRUE,TRUE,FALSE,FALSE,TRUE,3,FALSE,0,TRUE,0,TRUE,3,FALSE,TRUE,FALSE,TRUE
400004831546,25/05/2026,26/05/2026,27/05/2026,,C0014826,ΠΕ119756-98088,0852, ,FALSE,FALSE,FALSE,FALSE,TRUE,1,FALSE,0,TRUE,0,TRUE,2,FALSE,TRUE,FALSE,TRUE
400004831545,25/05/2026,26/05/2026,26/05/2026,,C0014826,ΠΕ119756-98088,0641, ,TRUE,FALSE,TRUE,FALSE,TRUE,1,FALSE,0,TRUE,0,TRUE,1,FALSE,TRUE,FALSE,TRUE
400004831544,25/05/2026,27/05/2026,29/05/2026,,C0014826,ΠΕ119756-98088,0903, ,FALSE,FALSE,TRUE,FALSE,TRUE,2,FALSE,0,TRUE,0,TRUE,4,FALSE,TRUE,FALSE,TRUE
400004831543,25/05/2026,26/05/2026,26/05/2026,,C0014826,ΠΕ119756-98088,0636, ,TRUE,FALSE,FALSE,FALSE,TRUE,1,FALSE,0,TRUE,0,TRUE,1,FALSE,TRUE,FALSE,TRUE
400004831542,25/05/2026,26/05/2026,26/05/2026,,C0014826,ΠΕ119756-98088,0202, ,TRUE,FALSE,FALSE,FALSE,TRUE,1,FALSE,0,TRUE,0,TRUE,1,FALSE,TRUE,FALSE,TRUE
400004831541,25/05/2026,27/05/2026,,,C0014826,ΠΕ119756-98088,0212, ,TRUE,FALSE,TRUE,FALSE,TRUE,2,FALSE,0,TRUE,0,FALSE,0,FALSE,TRUE,FALSE,TRUE
400004831540,25/05/2026,26/05/2026,26/05/2026,,C0014826,ΠΕ119756-98088,0711, ,TRUE,FALSE,FALSE,FALSE,TRUE,1,FALSE,0,TRUE,0,TRUE,1,FALSE,TRUE,FALSE,TRUE
400004831539,25/05/2026,26/05/2026,26/05/2026,,C0014826,ΠΕ119756-98088,0632, ,TRUE,FALSE,FALSE,FALSE,TRUE,1,FALSE,0,TRUE,0,TRUE,1,FALSE,TRUE,FALSE,TRUE
400004831538,25/05/2026,26/05/2026,26/05/2026,,C0014826,ΠΕ119756-98088,0611, ,TRUE,TRUE,FALSE,FALSE,TRUE,1,FALSE,0,TRUE,0,TRUE,1,FALSE,TRUE,FALSE,TRUE
400004831537,25/05/2026,27/05/2026,27/05/2026,,C0014826,ΠΕ119756-98088,0911, ,FALSE,TRUE,FALSE,FALSE,TRUE,2,FALSE,0,TRUE,0,TRUE,2,FALSE,TRUE,FALSE,TRUE
400004831536,25/05/2026,27/05/2026,01/06/2026,,C0014826,ΠΕ119756-98088,0641, ,TRUE,FALSE,TRUE,FALSE,TRUE,2,FALSE,0,TRUE,0,TRUE,5,FALSE,TRUE,FALSE,TRUE
400004831535,25/05/2026,28/05/2026,28/05/2026,,C0014826,ΠΕ119756-98088,0860, ,FALSE,FALSE,FALSE,FALSE,TRUE,3,FALSE,0,TRUE,0,TRUE,3,FALSE,TRUE,FALSE,TRUE
400004831534,25/05/2026,28/05/2026,28/05/2026,,C0014826,ΠΕ119756-98088,0208, ,TRUE,FALSE,TRUE,FALSE,TRUE,3,FALSE,0,TRUE,0,TRUE,3,FALSE,TRUE,FALSE,TRUE
400004831533,25/05/2026,02/06/2026,04/06/2026,,C0014826,ΠΕ119756-98088,0851, ,FALSE,FALSE,FALSE,FALSE,TRUE,5,FALSE,0,TRUE,0,TRUE,7,FALSE,FALSE,FALSE,TRUE
400004831532,25/05/2026,26/05/2026,26/05/2026,,C0014826,ΠΕ119756-98088,0201, ,TRUE,FALSE,FALSE,FALSE,TRUE,1,FALSE,0,TRUE,0,TRUE,1,FALSE,TRUE,FALSE,TRUE
400004831531,25/05/2026,26/05/2026,27/05/2026,,C0014826,ΠΕ119756-98088,0329, ,TRUE,TRUE,FALSE,FALSE,TRUE,1,FALSE,0,TRUE,0,TRUE,2,FALSE,TRUE,FALSE,TRUE
400004831530,25/05/2026,29/05/2026,29/05/2026,,C0014826,ΠΕ119756-98088,0906, ,FALSE,FALSE,FALSE,FALSE,TRUE,4,FALSE,0,TRUE,0,TRUE,4,FALSE,FALSE,FALSE,TRUE
400004831529,25/05/2026,26/05/2026,26/05/2026,,C0014826,ΠΕ119756-98088,0632, ,TRUE,FALSE,FALSE,FALSE,TRUE,1,FALSE,0,TRUE,0,TRUE,1,FALSE,TRUE,FALSE,TRUE
400004831528,25/05/2026,26/05/2026,26/05/2026,,C0014826,ΠΕ119756-98088,0702, ,TRUE,FALSE,FALSE,FALSE,TRUE,1,FALSE,0,TRUE,0,TRUE,1,FALSE,TRUE,FALSE,TRUE
400004831527,25/05/2026,29/05/2026,29/05/2026,,C0014826,ΠΕ119756-98088,0906, ,FALSE,FALSE,FALSE,FALSE,TRUE,4,FALSE,0,TRUE,0,TRUE,4,FALSE,FALSE,FALSE,TRUE
400004831526,25/05/2026,26/05/2026,27/05/2026,,C0014826,ΠΕ119756-98088,0331, ,FALSE,FALSE,FALSE,FALSE,TRUE,1,FALSE,0,TRUE,0,TRUE,2,FALSE,TRUE,FALSE,TRUE
400004831525,25/05/2026,26/05/2026,26/05/2026,,C0014826,ΠΕ119756-98088,0512, ,TRUE,TRUE,FALSE,FALSE,TRUE,1,FALSE,0,TRUE,0,TRUE,1,FALSE,TRUE,FALSE,TRUE
400004831524,25/05/2026,28/05/2026,28/05/2026,,C0014826,ΠΕ119756-98088,0857, ,FALSE,FALSE,FALSE,FALSE,TRUE,3,FALSE,0,TRUE,0,TRUE,3,FALSE,TRUE,FALSE,TRUE
400004831523,25/05/2026,27/05/2026,27/05/2026,,C0014826,ΠΕ119756-98088,0325, ,TRUE,FALSE,FALSE,FALSE,TRUE,2,FALSE,0,TRUE,0,TRUE,2,FALSE,TRUE,FALSE,TRUE
400004831522,25/05/2026,26/05/2026,26/05/2026,,C0014826,ΠΕ119756-98088,0631, ,TRUE,FALSE,FALSE,FALSE,TRUE,1,FALSE,0,TRUE,0,TRUE,1,FALSE,TRUE,FALSE,TRUE
400004831521,25/05/2026,26/05/2026,26/05/2026,,C0014826,ΠΕ119756-98088,0203, ,TRUE,FALSE,FALSE,FALSE,TRUE,1,FALSE,0,TRUE,0,TRUE,1,FALSE,TRUE,FALSE,TRUE
400004831520,25/05/2026,26/05/2026,26/05/2026,,C0014826,ΠΕ119756-98088,0636, ,TRUE,TRUE,FALSE,FALSE,TRUE,1,FALSE,0,TRUE,0,TRUE,1,FALSE,TRUE,FALSE,TRUE
400004831519,25/05/2026,26/05/2026,26/05/2026,,C0014826,ΠΕ119756-98088,0611, ,TRUE,TRUE,FALSE,FALSE,TRUE,1,FALSE,0,TRUE,0,TRUE,1,FALSE,TRUE,FALSE,TRUE
400004831518,25/05/2026,03/06/2026,03/06/2026,,C0014826,ΠΕ119756-98088,0901, ,FALSE,FALSE,FALSE,FALSE,TRUE,6,FALSE,0,TRUE,0,TRUE,6,FALSE,FALSE,FALSE,TRUE
400004831517,25/05/2026,26/05/2026,26/05/2026,,C0014826,ΠΕ119756-98088,0304, ,TRUE,FALSE,FALSE,FALSE,TRUE,1,FALSE,0,TRUE,0,TRUE,1,FALSE,TRUE,FALSE,TRUE
400004831516,25/05/2026,27/05/2026,27/05/2026,,C0014826,ΠΕ119756-98088,0501, ,TRUE,FALSE,TRUE,FALSE,TRUE,2,FALSE,0,TRUE,0,TRUE,2,FALSE,TRUE,FALSE,TRUE
400004831515,25/05/2026,26/05/2026,26/05/2026,,C0014826,ΠΕ119756-98088,0613, ,TRUE,FALSE,TRUE,FALSE,TRUE,1,FALSE,0,TRUE,0,TRUE,1,FALSE,TRUE,FALSE,TRUE
400004831514,25/05/2026,26/05/2026,26/05/2026,,C0014826,ΠΕ119756-98088,0211, ,TRUE,FALSE,FALSE,FALSE,TRUE,1,FALSE,0,TRUE,0,TRUE,1,FALSE,TRUE,FALSE,TRUE
400004831513,25/05/2026,26/05/2026,26/05/2026,,C0014826,ΠΕ119756-98088,0142, ,TRUE,FALSE,FALSE,FALSE,TRUE,1,FALSE,0,TRUE,0,TRUE,1,FALSE,TRUE,FALSE,TRUE
400004831512,25/05/2026,29/05/2026,02/06/2026,,C0014826,ΠΕ119756-98088,0133, ,TRUE,FALSE,FALSE,FALSE,TRUE,4,FALSE,0,TRUE,0,TRUE,5,FALSE,FALSE,FALSE,TRUE
400004831511,25/05/2026,26/05/2026,26/05/2026,,C0014826,ΠΕ119756-98088,0612, ,TRUE,FALSE,FALSE,FALSE,TRUE,1,FALSE,0,TRUE,0,TRUE,1,FALSE,TRUE,FALSE,TRUE
400004831510,25/05/2026,26/05/2026,26/05/2026,,C0014826,ΠΕ119756-98088,0714, ,TRUE,FALSE,FALSE,FALSE,TRUE,1,FALSE,0,TRUE,0,TRUE,1,FALSE,TRUE,FALSE,TRUE
400004831509,25/05/2026,26/05/2026,26/05/2026,,C0014826,ΠΕ119756-98088,0503, ,TRUE,FALSE,FALSE,FALSE,TRUE,1,FALSE,0,TRUE,0,TRUE,1,FALSE,TRUE,FALSE,TRUE
400004831508,25/05/2026,26/05/2026,26/05/2026,,C0014826,ΠΕ119756-98088,0612, ,TRUE,FALSE,FALSE,FALSE,TRUE,1,FALSE,0,TRUE,0,TRUE,1,FALSE,TRUE,FALSE,TRUE
400004831507,25/05/2026,29/05/2026,29/05/2026,,C0014826,ΠΕ119756-98088,0623, ,TRUE,FALSE,FALSE,FALSE,TRUE,4,FALSE,0,TRUE,0,TRUE,4,FALSE,FALSE,FALSE,TRUE
400004831506,25/05/2026,26/05/2026,26/05/2026,,C0014826,ΠΕ119756-98088,0131, ,TRUE,TRUE,FALSE,FALSE,TRUE,1,FALSE,0,TRUE,0,TRUE,1,FALSE,TRUE,FALSE,TRUE
400004831505,25/05/2026,26/05/2026,26/05/2026,,C0014826,ΠΕ119756-98088,0204, ,TRUE,FALSE,FALSE,FALSE,TRUE,1,FALSE,0,TRUE,0,TRUE,1,FALSE,TRUE,FALSE,TRUE
400004831504,25/05/2026,28/05/2026,28/05/2026,,C0014826,ΠΕ119756-98088,0501, ,TRUE,TRUE,FALSE,FALSE,TRUE,3,FALSE,0,TRUE,0,TRUE,3,FALSE,TRUE,FALSE,TRUE
400004831503,25/05/2026,26/05/2026,26/05/2026,,C0014826,ΠΕ119756-98088,0204, ,TRUE,FALSE,FALSE,FALSE,TRUE,1,FALSE,0,TRUE,0,TRUE,1,FALSE,TRUE,FALSE,TRUE
400004831502,25/05/2026,27/05/2026,30/05/2026,,C0014826,ΠΕ119756-98088,0905, ,FALSE,FALSE,FALSE,FALSE,TRUE,2,FALSE,0,TRUE,0,TRUE,5,FALSE,TRUE,FALSE,TRUE
400004831501,25/05/2026,26/05/2026,26/05/2026,,C0014826,ΠΕ119756-98088,0204, ,TRUE,FALSE,FALSE,FALSE,TRUE,1,FALSE,0,TRUE,0,TRUE,1,FALSE,TRUE,FALSE,TRUE
400004831500,25/05/2026,27/05/2026,27/05/2026,,C0014826,ΠΕ119756-98088,0325, ,TRUE,FALSE,FALSE,FALSE,TRUE,2,FALSE,0,TRUE,0,TRUE,2,FALSE,TRUE,FALSE,TRUE
400004831499,25/05/2026,26/05/2026,02/06/2026,,C0014826,ΠΕ119756-98088,0503, ,TRUE,FALSE,FALSE,FALSE,TRUE,1,FALSE,0,TRUE,0,TRUE,5,FALSE,TRUE,FALSE,TRUE
400004831498,25/05/2026,26/05/2026,26/05/2026,,C0014826,ΠΕ119756-98088,0331, ,FALSE,FALSE,FALSE,FALSE,TRUE,1,FALSE,0,TRUE,0,TRUE,1,FALSE,TRUE,FALSE,TRUE
400004831497,25/05/2026,27/05/2026,27/05/2026,,C0014826,ΠΕ119756-98088,0853, ,FALSE,TRUE,FALSE,FALSE,TRUE,2,FALSE,0,TRUE,0,TRUE,2,FALSE,TRUE,FALSE,TRUE
400004831496,25/05/2026,27/05/2026,27/05/2026,,C0014826,ΠΕ119756-98088,0503, ,TRUE,TRUE,FALSE,FALSE,TRUE,2,FALSE,0,TRUE,0,TRUE,2,FALSE,TRUE,FALSE,TRUE
160000404160,25/05/2026,02/06/2026,04/06/2026,,C0014826,ΠΕ119756-98088,0851, ,FALSE,FALSE,FALSE,FALSE,TRUE,5,FALSE,0,TRUE,0,TRUE,7,FALSE,FALSE,FALSE,TRUE
160000404159,25/05/2026,26/05/2026,26/05/2026,,C0014826,ΠΕ119756-98088,0307, ,TRUE,FALSE,FALSE,FALSE,TRUE,1,FALSE,0,TRUE,0,TRUE,1,FALSE,TRUE,FALSE,TRUE
160000404158,25/05/2026,26/05/2026,26/05/2026,,C0014826,ΠΕ119756-98088,0131, ,TRUE,TRUE,FALSE,FALSE,TRUE,1,FALSE,0,TRUE,0,TRUE,1,FALSE,TRUE,FALSE,TRUE
160000404157,25/05/2026,,,,C0014826,ΠΕ119756-98088,0901, ,FALSE,FALSE,FALSE,FALSE,FALSE,8,FALSE,0,TRUE,0,FALSE,0,FALSE,FALSE,FALSE,TRUE
160000404153,25/05/2026,26/05/2026,26/05/2026,,C0014826,ΠΕ119756-98088,0636, ,TRUE,TRUE,FALSE,FALSE,TRUE,1,FALSE,0,TRUE,0,TRUE,1,FALSE,TRUE,FALSE,TRUE
160000404152,25/05/2026,28/05/2026,28/05/2026,,C0014826,ΠΕ119756-98088,0857, ,FALSE,FALSE,FALSE,FALSE,TRUE,3,FALSE,0,TRUE,0,TRUE,3,FALSE,TRUE,FALSE,TRUE
160000404151,25/05/2026,26/05/2026,26/05/2026,,C0014826,ΠΕ119756-98088,0331, ,FALSE,FALSE,FALSE,FALSE,TRUE,1,FALSE,0,TRUE,0,TRUE,1,FALSE,TRUE,FALSE,TRUE
160000404150,25/05/2026,27/05/2026,27/05/2026,,C0014826,ΠΕ119756-98088,0853, ,FALSE,TRUE,FALSE,FALSE,TRUE,2,FALSE,0,TRUE,0,TRUE,2,FALSE,TRUE,FALSE,TRUE
160000404149,25/05/2026,27/05/2026,27/05/2026,,C0014826,ΠΕ119756-98088,0325, ,TRUE,FALSE,FALSE,FALSE,TRUE,2,FALSE,0,TRUE,0,TRUE,2,FALSE,TRUE,FALSE,TRUE
160000404148,25/05/2026,26/05/2026,26/05/2026,,C0014826,ΠΕ119756-98088,0612, ,TRUE,FALSE,FALSE,FALSE,TRUE,1,FALSE,0,TRUE,0,TRUE,1,FALSE,TRUE,FALSE,TRUE
160000404147,25/05/2026,26/05/2026,26/05/2026,,C0014826,ΠΕ119756-98088,0331, ,FALSE,FALSE,FALSE,FALSE,TRUE,1,FALSE,0,TRUE,0,TRUE,1,FALSE,TRUE,FALSE,TRUE
700047112826,23/05/2026,27/05/2026,27/05/2026,,C0014826,ΠΕ119756-98088,0948, ,TRUE,FALSE,FALSE,FALSE,TRUE,2,FALSE,0,FALSE,0,TRUE,2,FALSE,TRUE,FALSE,FALSE
052000964720,23/05/2026,26/05/2026,26/05/2026,,C0014826,ΠΕ119756-98088,0851, ,FALSE,FALSE,FALSE,FALSE,TRUE,1,FALSE,0,TRUE,0,TRUE,1,FALSE,TRUE,FALSE,TRUE
050086700246,22/05/2026,26/05/2026,26/05/2026,,C0014826,ΠΕ119756-98088,0106,ATH,TRUE,FALSE,FALSE,FALSE,TRUE,2,FALSE,0,TRUE,1,TRUE,2,FALSE,TRUE,FALSE,TRUE
700047106607,22/05/2026,27/05/2026,27/05/2026,,C0014826,ΠΕ119756-98088,0948, ,TRUE,FALSE,FALSE,FALSE,TRUE,3,FALSE,0,TRUE,3,TRUE,3,FALSE,TRUE,FALSE,TRUE
700047103461,22/05/2026,27/05/2026,27/05/2026,,C0014826,ΠΕ119756-98088,0948, ,TRUE,FALSE,FALSE,FALSE,TRUE,3,FALSE,0,TRUE,3,TRUE,3,FALSE,TRUE,FALSE,TRUE
700047106169,22/05/2026,25/05/2026,25/05/2026,,C0014826,ΠΕ119756-98088,0948, ,TRUE,FALSE,FALSE,FALSE,TRUE,1,FALSE,0,FALSE,0,TRUE,1,FALSE,TRUE,FALSE,FALSE
700047099328,22/05/2026,25/05/2026,25/05/2026,,C0014826,ΠΕ119756-98088,0948, ,TRUE,FALSE,FALSE,FALSE,TRUE,1,FALSE,0,TRUE,0,TRUE,1,FALSE,TRUE,FALSE,TRUE
050087405467,22/05/2026,25/05/2026,25/05/2026,,C0014826,ΠΕ119756-102229,0948, ,TRUE,FALSE,FALSE,FALSE,TRUE,1,FALSE,0,TRUE,0,TRUE,1,FALSE,TRUE,FALSE,TRUE
700047097084,22/05/2026,26/05/2026,26/05/2026,,C0014826,ΠΕ119756-98088,0106,ATH,TRUE,FALSE,FALSE,FALSE,TRUE,2,FALSE,0,TRUE,0,TRUE,2,FALSE,TRUE,FALSE,TRUE
700047099585,22/05/2026,26/05/2026,26/05/2026,,C0014826,ΠΕ119756-98088,0948, ,TRUE,FALSE,FALSE,FALSE,TRUE,2,FALSE,0,TRUE,0,TRUE,2,FALSE,TRUE,FALSE,TRUE
050092650828,22/05/2026,27/05/2026,27/05/2026,,C0014826,ΠΕ119756-102229,0948, ,TRUE,FALSE,FALSE,FALSE,TRUE,3,FALSE,0,TRUE,2,TRUE,3,FALSE,TRUE,FALSE,TRUE
052000967953,22/05/2026,25/05/2026,25/05/2026,,C0014826,ΠΕ119756-98088,0324, ,TRUE,FALSE,FALSE,FALSE,TRUE,1,FALSE,0,TRUE,0,TRUE,1,FALSE,TRUE,FALSE,TRUE
052000967931,22/05/2026,23/05/2026,25/05/2026,,C0014826,ΠΕ119756-98088,0325, ,TRUE,FALSE,FALSE,FALSE,TRUE,1,FALSE,0,TRUE,0,TRUE,1,FALSE,TRUE,FALSE,TRUE
052000967909,22/05/2026,23/05/2026,23/05/2026,,C0014826,ΠΕ119756-98088,0203, ,TRUE,FALSE,FALSE,FALSE,TRUE,1,FALSE,0,TRUE,0,TRUE,1,FALSE,TRUE,FALSE,TRUE
052000967799,22/05/2026,25/05/2026,25/05/2026,,C0014826,ΠΕ119756-98088,0611, ,TRUE,FALSE,FALSE,FALSE,TRUE,1,FALSE,0,TRUE,0,TRUE,1,FALSE,TRUE,FALSE,TRUE
052000967788,22/05/2026,25/05/2026,25/05/2026,,C0014826,ΠΕ119756-98088,0853, ,FALSE,FALSE,FALSE,FALSE,TRUE,1,FALSE,0,TRUE,0,TRUE,1,FALSE,TRUE,FALSE,TRUE
052000964741,22/05/2026,25/05/2026,25/05/2026,,C0014826,ΠΕ119756-98088,0711, ,TRUE,FALSE,FALSE,FALSE,TRUE,1,FALSE,0,TRUE,0,TRUE,1,FALSE,TRUE,FALSE,TRUE
052000964719,22/05/2026,25/05/2026,25/05/2026,,C0014826,ΠΕ119756-98088,0502, ,TRUE,FALSE,FALSE,FALSE,TRUE,1,FALSE,0,TRUE,0,TRUE,1,FALSE,TRUE,FALSE,TRUE
052000964708,22/05/2026,25/05/2026,25/05/2026,,C0014826,ΠΕ119756-98088,0204, ,TRUE,FALSE,FALSE,FALSE,TRUE,1,FALSE,0,TRUE,0,TRUE,1,FALSE,TRUE,FALSE,TRUE
400004831495,22/05/2026,25/05/2026,26/05/2026,,C0014826,ΠΕ119756-98088,0854, ,FALSE,FALSE,FALSE,FALSE,TRUE,1,FALSE,0,TRUE,0,TRUE,2,FALSE,TRUE,FALSE,TRUE
400004831494,22/05/2026,25/05/2026,25/05/2026,,C0014826,ΠΕ119756-98088,0613, ,TRUE,FALSE,TRUE,FALSE,TRUE,1,FALSE,0,TRUE,0,TRUE,1,FALSE,TRUE,FALSE,TRUE
400004831493,22/05/2026,26/05/2026,26/05/2026,,C0014826,ΠΕ119756-98088,0905, ,FALSE,FALSE,FALSE,FALSE,TRUE,2,FALSE,0,TRUE,0,TRUE,2,FALSE,TRUE,FALSE,TRUE
400004831492,22/05/2026,25/05/2026,25/05/2026,,C0014826,ΠΕ119756-98088,0142, ,TRUE,FALSE,FALSE,FALSE,TRUE,1,FALSE,0,TRUE,0,TRUE,1,FALSE,TRUE,FALSE,TRUE
400004831491,22/05/2026,25/05/2026,25/05/2026,,C0014826,ΠΕ119756-98088,0611, ,TRUE,FALSE,FALSE,FALSE,TRUE,1,FALSE,0,TRUE,0,TRUE,1,FALSE,TRUE,FALSE,TRUE
400004831490,22/05/2026,25/05/2026,25/05/2026,,C0014826,ΠΕ119756-98088,0611, ,TRUE,FALSE,FALSE,FALSE,TRUE,1,FALSE,0,TRUE,0,TRUE,1,FALSE,TRUE,FALSE,TRUE
400004831489,22/05/2026,03/06/2026,03/06/2026,,C0014826,ΠΕ119756-98088,0901, ,FALSE,FALSE,FALSE,FALSE,TRUE,7,FALSE,0,TRUE,0,TRUE,7,FALSE,FALSE,FALSE,TRUE
400004831488,22/05/2026,23/05/2026,23/05/2026,,C0014826,ΠΕ119756-98088,0324, ,TRUE,FALSE,FALSE,FALSE,TRUE,1,FALSE,0,TRUE,0,TRUE,1,FALSE,TRUE,FALSE,TRUE
400004831487,22/05/2026,25/05/2026,25/05/2026,,C0014826,ΠΕ119756-98088,0702, ,TRUE,FALSE,FALSE,FALSE,TRUE,1,FALSE,0,TRUE,0,TRUE,1,FALSE,TRUE,FALSE,TRUE
400004831486,22/05/2026,25/05/2026,25/05/2026,,C0014826,ΠΕ119756-98088,0204, ,TRUE,FALSE,FALSE,FALSE,TRUE,1,FALSE,0,TRUE,0,TRUE,1,FALSE,TRUE,FALSE,TRUE
400004831485,22/05/2026,28/05/2026,28/05/2026,,C0014826,ΠΕ119756-98088,0131, ,TRUE,FALSE,TRUE,FALSE,TRUE,4,FALSE,0,TRUE,0,TRUE,4,FALSE,TRUE,FALSE,TRUE
400004831484,22/05/2026,27/05/2026,29/05/2026,,C0014826,ΠΕ119756-98088,0212, ,TRUE,FALSE,TRUE,FALSE,TRUE,3,FALSE,0,TRUE,0,TRUE,5,FALSE,TRUE,FALSE,TRUE
400004831483,22/05/2026,26/05/2026,26/05/2026,,C0014826,ΠΕ119756-98088,0905, ,FALSE,FALSE,FALSE,FALSE,TRUE,2,FALSE,0,TRUE,0,TRUE,2,FALSE,TRUE,FALSE,TRUE
400004831482,22/05/2026,,,,C0014826,ΠΕ119756-98088,0901, ,FALSE,FALSE,FALSE,FALSE,FALSE,9,FALSE,0,TRUE,0,FALSE,0,FALSE,FALSE,FALSE,TRUE
400004831481,22/05/2026,30/05/2026,30/05/2026,,C0014826,ΠΕ119756-98088,0906, ,FALSE,FALSE,TRUE,FALSE,TRUE,6,FALSE,0,TRUE,0,TRUE,6,FALSE,TRUE,FALSE,TRUE
400004831480,22/05/2026,25/05/2026,25/05/2026,,C0014826,ΠΕ119756-98088,0613, ,TRUE,FALSE,FALSE,FALSE,TRUE,1,FALSE,0,TRUE,0,TRUE,1,FALSE,TRUE,FALSE,TRUE
400004831479,22/05/2026,23/05/2026,23/05/2026,,C0014826,ΠΕ119756-98088,0203, ,TRUE,FALSE,FALSE,FALSE,TRUE,1,FALSE,0,TRUE,0,TRUE,1,FALSE,TRUE,FALSE,TRUE
400004831478,22/05/2026,26/05/2026,26/05/2026,,C0014826,ΠΕ119756-98088,0641, ,TRUE,FALSE,TRUE,FALSE,TRUE,2,FALSE,0,TRUE,0,TRUE,2,FALSE,TRUE,FALSE,TRUE
400004831477,22/05/2026,25/05/2026,,05/06/2026,C0014826,ΠΕ119756-98088,0204, ,TRUE,FALSE,FALSE,FALSE,TRUE,1,TRUE,9,TRUE,0,FALSE,0,FALSE,TRUE,TRUE,TRUE
400004831476,22/05/2026,23/05/2026,23/05/2026,,C0014826,ΠΕ119756-98088,0323, ,TRUE,FALSE,FALSE,FALSE,TRUE,1,FALSE,0,TRUE,0,TRUE,1,FALSE,TRUE,FALSE,TRUE
400004831475,22/05/2026,25/05/2026,26/05/2026,,C0014826,ΠΕ119756-98088,0131, ,TRUE,TRUE,FALSE,FALSE,TRUE,1,FALSE,0,TRUE,0,TRUE,2,FALSE,TRUE,FALSE,TRUE
400004831474,22/05/2026,02/06/2026,02/06/2026,,C0014826,ΠΕ119756-98088,0907, ,FALSE,TRUE,FALSE,FALSE,TRUE,6,FALSE,0,TRUE,0,TRUE,6,FALSE,FALSE,FALSE,TRUE
400004831473,22/05/2026,25/05/2026,25/05/2026,,C0014826,ΠΕ119756-98088,0622, ,TRUE,TRUE,FALSE,FALSE,TRUE,1,FALSE,0,TRUE,0,TRUE,1,FALSE,TRUE,FALSE,TRUE
400004831472,22/05/2026,26/05/2026,26/05/2026,,C0014826,ΠΕ119756-98088,0331, ,FALSE,TRUE,FALSE,FALSE,TRUE,2,FALSE,0,TRUE,0,TRUE,2,FALSE,TRUE,FALSE,TRUE
400004831471,22/05/2026,25/05/2026,25/05/2026,,C0014826,ΠΕ119756-98088,0212, ,TRUE,FALSE,FALSE,FALSE,TRUE,1,FALSE,0,TRUE,0,TRUE,1,FALSE,TRUE,FALSE,TRUE
400004831470,22/05/2026,23/05/2026,25/05/2026,,C0014826,ΠΕ119756-98088,0307, ,TRUE,FALSE,FALSE,FALSE,TRUE,1,FALSE,0,TRUE,0,TRUE,1,FALSE,TRUE,FALSE,TRUE
400004831469,22/05/2026,25/05/2026,25/05/2026,,C0014826,ΠΕ119756-98088,0611, ,TRUE,FALSE,FALSE,FALSE,TRUE,1,FALSE,0,TRUE,0,TRUE,1,FALSE,TRUE,FALSE,TRUE
400004831468,22/05/2026,04/06/2026,04/06/2026,,C0014826,ΠΕ119756-98088,0901, ,FALSE,FALSE,FALSE,FALSE,TRUE,8,FALSE,0,TRUE,0,TRUE,8,FALSE,FALSE,FALSE,TRUE
400004831467,22/05/2026,27/05/2026,29/05/2026,,C0014826,ΠΕ119756-98088,0212, ,TRUE,FALSE,TRUE,FALSE,TRUE,3,FALSE,0,TRUE,0,TRUE,5,FALSE,TRUE,FALSE,TRUE
400004831466,22/05/2026,25/05/2026,25/05/2026,,C0014826,ΠΕ119756-98088,0214, ,TRUE,FALSE,FALSE,FALSE,TRUE,1,FALSE,0,TRUE,0,TRUE,1,FALSE,TRUE,FALSE,TRUE
400004831465,22/05/2026,05/06/2026,05/06/2026,,C0014826,ΠΕ119756-98088,0215, ,TRUE,FALSE,FALSE,FALSE,TRUE,9,FALSE,0,TRUE,0,TRUE,9,FALSE,FALSE,FALSE,TRUE
400004831464,22/05/2026,26/05/2026,26/05/2026,,C0014826,ΠΕ119756-98088,0871, ,FALSE,FALSE,FALSE,FALSE,TRUE,2,FALSE,0,TRUE,0,TRUE,2,FALSE,TRUE,FALSE,TRUE
400004831463,22/05/2026,27/05/2026,27/05/2026,,C0014826,ΠΕ119756-98088,0214, ,TRUE,TRUE,FALSE,FALSE,TRUE,3,FALSE,0,TRUE,0,TRUE,3,FALSE,TRUE,FALSE,TRUE
400004831462,22/05/2026,26/05/2026,26/05/2026,,C0014826,ΠΕ119756-98088,0905, ,FALSE,FALSE,FALSE,FALSE,TRUE,2,FALSE,0,TRUE,0,TRUE,2,FALSE,TRUE,FALSE,TRUE
400004831461,22/05/2026,26/05/2026,26/05/2026,,C0014826,ΠΕ119756-98088,0204, ,TRUE,FALSE,FALSE,FALSE,TRUE,2,FALSE,0,TRUE,0,TRUE,2,FALSE,TRUE,FALSE,TRUE
400004831460,22/05/2026,28/05/2026,28/05/2026,,C0014826,ΠΕ119756-98088,0304, ,TRUE,TRUE,FALSE,FALSE,TRUE,4,FALSE,0,TRUE,0,TRUE,4,FALSE,TRUE,FALSE,TRUE
400004831459,22/05/2026,28/05/2026,28/05/2026,,C0014826,ΠΕ119756-98088,0304, ,TRUE,TRUE,FALSE,FALSE,TRUE,4,FALSE,0,TRUE,0,TRUE,4,FALSE,TRUE,FALSE,TRUE
400004831458,22/05/2026,25/05/2026,25/05/2026,,C0014826,ΠΕ119756-98088,0713, ,TRUE,FALSE,FALSE,FALSE,TRUE,1,FALSE,0,TRUE,0,TRUE,1,FALSE,TRUE,FALSE,TRUE
400004831457,22/05/2026,03/06/2026,,,C0014826,ΠΕ119756-98088,0901, ,FALSE,FALSE,FALSE,FALSE,TRUE,7,FALSE,0,TRUE,0,FALSE,0,FALSE,FALSE,FALSE,TRUE
400004831456,22/05/2026,26/05/2026,29/05/2026,,C0014826,ΠΕ119756-98088,0913, ,FALSE,FALSE,TRUE,FALSE,TRUE,2,FALSE,0,TRUE,0,TRUE,5,FALSE,TRUE,FALSE,TRUE
400004831455,22/05/2026,25/05/2026,25/05/2026,,C0014826,ΠΕ119756-98088,0636, ,TRUE,FALSE,FALSE,FALSE,TRUE,1,FALSE,0,TRUE,0,TRUE,1,FALSE,TRUE,FALSE,TRUE
400004831454,22/05/2026,26/05/2026,27/05/2026,,C0014826,ΠΕ119756-98088,0903, ,FALSE,FALSE,FALSE,FALSE,TRUE,2,FALSE,0,TRUE,0,TRUE,3,FALSE,TRUE,FALSE,TRUE
400004831453,22/05/2026,23/05/2026,25/05/2026,,C0014826,ΠΕ119756-98088,0211, ,TRUE,FALSE,FALSE,FALSE,TRUE,1,FALSE,0,TRUE,0,TRUE,1,FALSE,TRUE,FALSE,TRUE
400004831452,22/05/2026,25/05/2026,25/05/2026,,C0014826,ΠΕ119756-98088,0208, ,TRUE,FALSE,FALSE,FALSE,TRUE,1,FALSE,0,TRUE,0,TRUE,1,FALSE,TRUE,FALSE,TRUE
400004831451,22/05/2026,27/05/2026,27/05/2026,,C0014826,ΠΕ119756-98088,0323, ,TRUE,TRUE,FALSE,FALSE,TRUE,3,FALSE,0,TRUE,0,TRUE,3,FALSE,TRUE,FALSE,TRUE
400004831450,22/05/2026,,,,C0014826,ΠΕ119756-98088,0999, ,TRUE,TRUE,FALSE,TRUE,FALSE,3,FALSE,0,TRUE,0,FALSE,0,FALSE,FALSE,FALSE,TRUE
400004831449,22/05/2026,26/05/2026,26/05/2026,,C0014826,ΠΕ119756-98088,0204, ,TRUE,FALSE,FALSE,FALSE,TRUE,2,FALSE,0,TRUE,0,TRUE,2,FALSE,TRUE,FALSE,TRUE
400004831448,22/05/2026,25/05/2026,25/05/2026,,C0014826,ΠΕ119756-98088,0862, ,FALSE,FALSE,FALSE,FALSE,TRUE,1,FALSE,0,TRUE,0,TRUE,1,FALSE,TRUE,FALSE,TRUE
400004831447,22/05/2026,25/05/2026,25/05/2026,,C0014826,ΠΕ119756-98088,0214, ,TRUE,FALSE,FALSE,FALSE,TRUE,1,FALSE,0,TRUE,0,TRUE,1,FALSE,TRUE,FALSE,TRUE
400004831446,22/05/2026,26/05/2026,26/05/2026,,C0014826,ΠΕ119756-98088,0331, ,FALSE,FALSE,FALSE,FALSE,TRUE,2,FALSE,0,TRUE,0,TRUE,2,FALSE,TRUE,FALSE,TRUE
400004831445,22/05/2026,26/05/2026,27/05/2026,,C0014826,ΠΕ119756-98088,0873, ,FALSE,FALSE,FALSE,FALSE,TRUE,2,FALSE,0,TRUE,0,TRUE,3,FALSE,TRUE,FALSE,TRUE
400004831444,22/05/2026,26/05/2026,26/05/2026,,C0014826,ΠΕ119756-98088,0641, ,TRUE,FALSE,TRUE,FALSE,TRUE,2,FALSE,0,TRUE,0,TRUE,2,FALSE,TRUE,FALSE,TRUE
400004831443,22/05/2026,25/05/2026,25/05/2026,,C0014826,ΠΕ119756-98088,0151, ,TRUE,FALSE,FALSE,FALSE,TRUE,1,FALSE,0,TRUE,0,TRUE,1,FALSE,TRUE,FALSE,TRUE
400004831442,22/05/2026,29/05/2026,29/05/2026,,C0014826,ΠΕ119756-98088,0914, ,FALSE,TRUE,FALSE,FALSE,TRUE,5,FALSE,0,TRUE,0,TRUE,5,FALSE,FALSE,FALSE,TRUE
400004831441,22/05/2026,27/05/2026,27/05/2026,,C0014826,ΠΕ119756-98088,0131, ,TRUE,FALSE,TRUE,FALSE,TRUE,3,FALSE,0,TRUE,0,TRUE,3,FALSE,TRUE,FALSE,TRUE
400004831440,22/05/2026,26/05/2026,26/05/2026,,C0014826,ΠΕ119756-98088,0641, ,TRUE,FALSE,TRUE,FALSE,TRUE,2,FALSE,0,TRUE,0,TRUE,2,FALSE,TRUE,FALSE,TRUE
400004831439,22/05/2026,26/05/2026,26/05/2026,,C0014826,ΠΕ119756-98088,0902, ,FALSE,FALSE,FALSE,FALSE,TRUE,2,FALSE,0,TRUE,0,TRUE,2,FALSE,TRUE,FALSE,TRUE
400004831437,22/05/2026,23/05/2026,23/05/2026,,C0014826,ΠΕ119756-98088,0862, ,FALSE,FALSE,FALSE,FALSE,TRUE,1,FALSE,0,TRUE,0,TRUE,1,FALSE,TRUE,FALSE,TRUE
400004831436,22/05/2026,23/05/2026,23/05/2026,,C0014826,ΠΕ119756-98088,0712, ,TRUE,FALSE,FALSE,FALSE,TRUE,1,FALSE,0,TRUE,0,TRUE,1,FALSE,TRUE,FALSE,TRUE
400004831435,22/05/2026,26/05/2026,27/05/2026,,C0014826,ΠΕ119756-98088,0204, ,TRUE,FALSE,FALSE,FALSE,TRUE,2,FALSE,0,TRUE,0,TRUE,3,FALSE,TRUE,FALSE,TRUE
400004831434,22/05/2026,25/05/2026,25/05/2026,,C0014826,ΠΕ119756-98088,0711, ,TRUE,FALSE,FALSE,FALSE,TRUE,1,FALSE,0,TRUE,0,TRUE,1,FALSE,TRUE,FALSE,TRUE
400004831433,22/05/2026,27/05/2026,27/05/2026,,C0014826,ΠΕ119756-98088,0332, ,FALSE,TRUE,FALSE,FALSE,TRUE,3,FALSE,0,TRUE,0,TRUE,3,FALSE,TRUE,FALSE,TRUE
400004831432,22/05/2026,29/05/2026,01/06/2026,,C0014826,ΠΕ119756-98088,0914, ,FALSE,FALSE,FALSE,FALSE,TRUE,5,FALSE,0,TRUE,0,TRUE,6,FALSE,FALSE,FALSE,TRUE
400004831431,22/05/2026,25/05/2026,25/05/2026,,C0014826,ΠΕ119756-98088,0204, ,TRUE,FALSE,FALSE,FALSE,TRUE,1,FALSE,0,TRUE,0,TRUE,1,FALSE,TRUE,FALSE,TRUE
400004831430,22/05/2026,23/05/2026,27/05/2026,,C0014826,ΠΕ119756-98088,0309, ,TRUE,FALSE,FALSE,FALSE,TRUE,1,FALSE,0,TRUE,0,TRUE,3,FALSE,TRUE,FALSE,TRUE
400004831429,22/05/2026,25/05/2026,25/05/2026,,C0014826,ΠΕ119756-98088,0612, ,TRUE,FALSE,FALSE,FALSE,TRUE,1,FALSE,0,TRUE,0,TRUE,1,FALSE,TRUE,FALSE,TRUE
400004831428,22/05/2026,25/05/2026,25/05/2026,,C0014826,ΠΕ119756-98088,0201, ,TRUE,FALSE,FALSE,FALSE,TRUE,1,FALSE,0,TRUE,0,TRUE,1,FALSE,TRUE,FALSE,TRUE
400004831427,22/05/2026,26/05/2026,26/05/2026,,C0014826,ΠΕ119756-98088,0913, ,FALSE,FALSE,TRUE,FALSE,TRUE,2,FALSE,0,TRUE,0,TRUE,2,FALSE,TRUE,FALSE,TRUE
400004831426,22/05/2026,01/06/2026,01/06/2026,,C0014826,ΠΕ119756-98088,0215, ,TRUE,TRUE,FALSE,FALSE,TRUE,6,FALSE,0,TRUE,0,TRUE,6,FALSE,FALSE,FALSE,TRUE
400004831425,22/05/2026,25/05/2026,25/05/2026,,C0014826,ΠΕ119756-98088,0151, ,TRUE,FALSE,FALSE,FALSE,TRUE,1,FALSE,0,TRUE,0,TRUE,1,FALSE,TRUE,FALSE,TRUE
400004831424,22/05/2026,29/05/2026,29/05/2026,,C0014826,ΠΕ119756-98088,0215, ,TRUE,FALSE,FALSE,FALSE,TRUE,5,FALSE,0,TRUE,0,TRUE,5,FALSE,FALSE,FALSE,TRUE
400004831423,22/05/2026,25/05/2026,25/05/2026,,C0014826,ΠΕ119756-98088,0202, ,TRUE,FALSE,FALSE,FALSE,TRUE,1,FALSE,0,TRUE,0,TRUE,1,FALSE,TRUE,FALSE,TRUE
400004831422,22/05/2026,23/05/2026,26/05/2026,,C0014826,ΠΕ119756-98088,0713, ,TRUE,FALSE,FALSE,FALSE,TRUE,1,FALSE,0,TRUE,0,TRUE,2,FALSE,TRUE,FALSE,TRUE
400004831421,22/05/2026,25/05/2026,25/05/2026,,C0014826,ΠΕ119756-98088,0142, ,TRUE,FALSE,TRUE,FALSE,TRUE,1,FALSE,0,TRUE,0,TRUE,1,FALSE,TRUE,FALSE,TRUE
400004831420,22/05/2026,25/05/2026,25/05/2026,,C0014826,ΠΕ119756-98088,0711, ,TRUE,TRUE,FALSE,FALSE,TRUE,1,FALSE,0,TRUE,0,TRUE,1,FALSE,TRUE,FALSE,TRUE
400004831419,22/05/2026,26/05/2026,,,C0014826,ΠΕ119756-98088,0331, ,FALSE,TRUE,FALSE,FALSE,TRUE,2,FALSE,0,TRUE,0,FALSE,0,FALSE,TRUE,FALSE,TRUE
400004831418,22/05/2026,27/05/2026,27/05/2026,,C0014826,ΠΕ119756-98088,0911, ,FALSE,TRUE,FALSE,FALSE,TRUE,3,FALSE,0,TRUE,0,TRUE,3,FALSE,TRUE,FALSE,TRUE
400004831417,22/05/2026,25/05/2026,27/05/2026,,C0014826,ΠΕ119756-98088,0332, ,FALSE,FALSE,FALSE,FALSE,TRUE,1,FALSE,0,TRUE,0,TRUE,3,FALSE,TRUE,FALSE,TRUE
400004831416,22/05/2026,25/05/2026,25/05/2026,,C0014826,ΠΕ119756-98088,0204, ,TRUE,FALSE,FALSE,FALSE,TRUE,1,FALSE,0,TRUE,0,TRUE,1,FALSE,TRUE,FALSE,TRUE
400004831415,22/05/2026,23/05/2026,23/05/2026,,C0014826,ΠΕ119756-98088,0634, ,TRUE,FALSE,FALSE,FALSE,TRUE,1,FALSE,0,TRUE,0,TRUE,1,FALSE,TRUE,FALSE,TRUE
400004831414,22/05/2026,05/06/2026,05/06/2026,,C0014826,ΠΕ119756-98088,0133, ,TRUE,TRUE,FALSE,FALSE,TRUE,9,FALSE,0,TRUE,0,TRUE,9,FALSE,FALSE,FALSE,TRUE
400004831413,22/05/2026,25/05/2026,25/05/2026,,C0014826,ΠΕ119756-98088,0204, ,TRUE,FALSE,FALSE,FALSE,TRUE,1,FALSE,0,TRUE,0,TRUE,1,FALSE,TRUE,FALSE,TRUE
400004831412,22/05/2026,25/05/2026,25/05/2026,,C0014826,ΠΕ119756-98088,0329, ,TRUE,TRUE,FALSE,FALSE,TRUE,1,FALSE,0,TRUE,0,TRUE,1,FALSE,TRUE,FALSE,TRUE
400004831411,22/05/2026,26/05/2026,26/05/2026,,C0014826,ΠΕ119756-98088,0215, ,TRUE,FALSE,FALSE,FALSE,TRUE,2,FALSE,0,TRUE,0,TRUE,2,FALSE,TRUE,FALSE,TRUE
400004831410,22/05/2026,25/05/2026,25/05/2026,,C0014826,ΠΕ119756-98088,0605,SKG,TRUE,TRUE,FALSE,FALSE,TRUE,1,FALSE,0,TRUE,0,TRUE,1,FALSE,TRUE,FALSE,TRUE
400004831409,22/05/2026,25/05/2026,27/05/2026,,C0014826,ΠΕ119756-98088,0311, ,TRUE,FALSE,TRUE,FALSE,TRUE,1,FALSE,0,TRUE,0,TRUE,3,FALSE,TRUE,FALSE,TRUE
400004831408,22/05/2026,23/05/2026,23/05/2026,,C0014826,ΠΕ119756-98088,0621, ,TRUE,FALSE,FALSE,FALSE,TRUE,1,FALSE,0,TRUE,0,TRUE,1,FALSE,TRUE,FALSE,TRUE
400004831407,22/05/2026,25/05/2026,25/05/2026,,C0014826,ΠΕ119756-98088,0611, ,TRUE,TRUE,FALSE,FALSE,TRUE,1,FALSE,0,TRUE,0,TRUE,1,FALSE,TRUE,FALSE,TRUE
400004831406,22/05/2026,27/05/2026,27/05/2026,,C0014826,ΠΕ119756-98088,0913, ,FALSE,FALSE,FALSE,FALSE,TRUE,3,FALSE,0,TRUE,0,TRUE,3,FALSE,TRUE,FALSE,TRUE
400004831405,22/05/2026,25/05/2026,25/05/2026,,C0014826,ΠΕ119756-98088,0204, ,TRUE,FALSE,FALSE,FALSE,TRUE,1,FALSE,0,TRUE,0,TRUE,1,FALSE,TRUE,FALSE,TRUE
400004831404,22/05/2026,26/05/2026,26/05/2026,,C0014826,ΠΕ119756-98088,0854, ,FALSE,FALSE,FALSE,FALSE,TRUE,2,FALSE,0,TRUE,0,TRUE,2,FALSE,TRUE,FALSE,TRUE
400004831403,22/05/2026,26/05/2026,26/05/2026,,C0014826,ΠΕ119756-98088,0858, ,FALSE,FALSE,FALSE,FALSE,TRUE,2,FALSE,0,TRUE,0,TRUE,2,FALSE,TRUE,FALSE,TRUE
400004831402,22/05/2026,28/05/2026,,,C0014826,ΠΕ119756-98088,0215, ,TRUE,TRUE,FALSE,FALSE,TRUE,4,FALSE,0,TRUE,0,FALSE,0,FALSE,TRUE,FALSE,TRUE
400004831379,22/05/2026,30/05/2026,30/05/2026,,C0014826,ΠΕ119756-98088,0901, ,FALSE,FALSE,TRUE,FALSE,TRUE,6,FALSE,0,TRUE,0,TRUE,6,FALSE,TRUE,FALSE,TRUE
400004831338,22/05/2026,25/05/2026,26/05/2026,,C0014826,ΠΕ119756-98088,0902, ,FALSE,FALSE,FALSE,FALSE,TRUE,1,FALSE,0,TRUE,0,TRUE,2,FALSE,TRUE,FALSE,TRUE
160000404146,22/05/2026,25/05/2026,25/05/2026,,C0014826,ΠΕ119756-98088,0208, ,TRUE,FALSE,FALSE,FALSE,TRUE,1,FALSE,0,TRUE,0,TRUE,1,FALSE,TRUE,FALSE,TRUE
160000404145,22/05/2026,25/05/2026,25/05/2026,,C0014826,ΠΕ119756-98088,0214, ,TRUE,FALSE,FALSE,FALSE,TRUE,1,FALSE,0,TRUE,0,TRUE,1,FALSE,TRUE,FALSE,TRUE
160000404144,22/05/2026,26/05/2026,26/05/2026,,C0014826,ΠΕ119756-98088,0641, ,TRUE,FALSE,TRUE,FALSE,TRUE,2,FALSE,0,TRUE,0,TRUE,2,FALSE,TRUE,FALSE,TRUE
160000404143,22/05/2026,26/05/2026,26/05/2026,,C0014826,ΠΕ119756-98088,0641, ,TRUE,FALSE,TRUE,FALSE,TRUE,2,FALSE,0,TRUE,0,TRUE,2,FALSE,TRUE,FALSE,TRUE
160000404142,22/05/2026,25/05/2026,26/05/2026,,C0014826,ΠΕ119756-98088,0131, ,TRUE,TRUE,FALSE,FALSE,TRUE,1,FALSE,0,TRUE,0,TRUE,2,FALSE,TRUE,FALSE,TRUE
160000404141,22/05/2026,25/05/2026,26/05/2026,,C0014826,ΠΕ119756-98088,0131, ,TRUE,TRUE,FALSE,FALSE,TRUE,1,FALSE,0,TRUE,0,TRUE,2,FALSE,TRUE,FALSE,TRUE
160000404140,22/05/2026,25/05/2026,25/05/2026,,C0014826,ΠΕ119756-98088,0611, ,TRUE,FALSE,FALSE,FALSE,TRUE,1,FALSE,0,TRUE,0,TRUE,1,FALSE,TRUE,FALSE,TRUE
160000404139,22/05/2026,25/05/2026,25/05/2026,,C0014826,ΠΕ119756-98088,0611, ,TRUE,TRUE,FALSE,FALSE,TRUE,1,FALSE,0,TRUE,0,TRUE,1,FALSE,TRUE,FALSE,TRUE
160000404138,22/05/2026,25/05/2026,25/05/2026,,C0014826,ΠΕ119756-98088,0605,SKG,TRUE,TRUE,FALSE,FALSE,TRUE,1,FALSE,0,TRUE,0,TRUE,1,FALSE,TRUE,FALSE,TRUE
160000404137,22/05/2026,25/05/2026,25/05/2026,,C0014826,ΠΕ119756-98088,0611, ,TRUE,TRUE,FALSE,FALSE,TRUE,1,FALSE,0,TRUE,0,TRUE,1,FALSE,TRUE,FALSE,TRUE
160000404136,22/05/2026,26/05/2026,26/05/2026,,C0014826,ΠΕ119756-98088,0854, ,FALSE,FALSE,FALSE,FALSE,TRUE,2,FALSE,0,TRUE,0,TRUE,2,FALSE,TRUE,FALSE,TRUE
160000404129,22/05/2026,29/05/2026,29/05/2026,,C0014826,ΠΕ119756-98088,0851, ,FALSE,FALSE,FALSE,FALSE,TRUE,5,FALSE,0,TRUE,0,TRUE,5,FALSE,FALSE,FALSE,TRUE
160000404125,22/05/2026,25/05/2026,25/05/2026,,C0014826,ΠΕ119756-98088,0913, ,FALSE,FALSE,FALSE,FALSE,TRUE,1,FALSE,0,TRUE,0,TRUE,1,FALSE,TRUE,FALSE,TRUE
050091027206,21/05/2026,25/05/2026,25/05/2026,,C0014826,ΠΕ119756-98088,0948, ,TRUE,FALSE,FALSE,FALSE,TRUE,2,FALSE,0,FALSE,0,TRUE,2,FALSE,TRUE,FALSE,FALSE
700047083146,21/05/2026,25/05/2026,25/05/2026,,C0014826,ΠΕ119756-98088,0106,ATH,TRUE,FALSE,FALSE,FALSE,TRUE,2,FALSE,0,TRUE,1,TRUE,2,FALSE,TRUE,FALSE,TRUE
050089439620,21/05/2026,25/05/2026,25/05/2026,,C0014826,ΠΕ119756-102229,0948, ,TRUE,FALSE,FALSE,FALSE,TRUE,2,FALSE,0,FALSE,0,TRUE,2,FALSE,TRUE,FALSE,FALSE
700047076401,21/05/2026,22/05/2026,22/05/2026,,C0014826,ΠΕ119756-98088,0948, ,TRUE,FALSE,FALSE,FALSE,TRUE,1,FALSE,0,FALSE,0,TRUE,1,FALSE,TRUE,FALSE,FALSE
050093977648,21/05/2026,22/05/2026,22/05/2026,,C0014826,ΠΕ119756-98088,0948, ,TRUE,FALSE,FALSE,FALSE,TRUE,1,FALSE,0,TRUE,0,TRUE,1,FALSE,TRUE,FALSE,TRUE
052001326245,21/05/2026,22/05/2026,22/05/2026,,C0014826,ΠΕ119756-102229,0948, ,TRUE,FALSE,FALSE,FALSE,TRUE,1,FALSE,0,TRUE,0,TRUE,1,FALSE,TRUE,FALSE,TRUE
050094072743,21/05/2026,22/05/2026,22/05/2026,,C0014826,ΠΕ119756-98088,0948, ,TRUE,FALSE,FALSE,FALSE,TRUE,1,FALSE,0,TRUE,0,TRUE,1,FALSE,TRUE,FALSE,TRUE
700047079594,21/05/2026,22/05/2026,22/05/2026,,C0014826,ΠΕ119756-98088,0948, ,TRUE,FALSE,FALSE,FALSE,TRUE,1,FALSE,0,FALSE,0,TRUE,1,FALSE,TRUE,FALSE,FALSE
050092602802,21/05/2026,22/05/2026,22/05/2026,,C0014826,ΠΕ119756-98088,0948, ,TRUE,FALSE,FALSE,FALSE,TRUE,1,FALSE,0,TRUE,0,TRUE,1,FALSE,TRUE,FALSE,TRUE
160000404053,21/05/2026,21/05/2026,21/05/2026,,C0014826,ΠΕ119756-98088,0141, ,TRUE,FALSE,FALSE,FALSE,TRUE,0,FALSE,0,FALSE,0,TRUE,0,FALSE,TRUE,FALSE,FALSE
052000967964,21/05/2026,29/05/2026,29/05/2026,,C0014826,ΠΕ119756-98088,0901, ,FALSE,FALSE,FALSE,FALSE,TRUE,6,FALSE,0,TRUE,0,TRUE,6,FALSE,FALSE,FALSE,TRUE
052000967910,21/05/2026,22/05/2026,22/05/2026,,C0014826,ΠΕ119756-98088,0211, ,TRUE,FALSE,FALSE,FALSE,TRUE,1,FALSE,0,TRUE,0,TRUE,1,FALSE,TRUE,FALSE,TRUE
052000964697,21/05/2026,22/05/2026,25/05/2026,,C0014826,ΠΕ119756-98088,0605,SKG,TRUE,FALSE,FALSE,FALSE,TRUE,1,FALSE,0,TRUE,0,TRUE,2,FALSE,TRUE,FALSE,TRUE
052000964686,21/05/2026,22/05/2026,22/05/2026,,C0014826,ΠΕ119756-98088,0302, ,TRUE,FALSE,FALSE,FALSE,TRUE,1,FALSE,0,TRUE,0,TRUE,1,FALSE,TRUE,FALSE,TRUE
052000964675,21/05/2026,26/05/2026,26/05/2026,,C0014826,ΠΕ119756-98088,0214, ,TRUE,TRUE,FALSE,FALSE,TRUE,3,FALSE,0,TRUE,0,TRUE,3,FALSE,TRUE,FALSE,TRUE
052000964642,21/05/2026,25/05/2026,25/05/2026,,C0014826,ΠΕ119756-98088,0131, ,TRUE,FALSE,TRUE,FALSE,TRUE,2,FALSE,0,TRUE,0,TRUE,2,FALSE,TRUE,FALSE,TRUE
400004831163,21/05/2026,27/05/2026,27/05/2026,,C0014826,ΠΕ119756-98088,0912, ,FALSE,FALSE,FALSE,FALSE,TRUE,4,FALSE,0,TRUE,0,TRUE,4,FALSE,FALSE,FALSE,TRUE
400004831401,21/05/2026,26/05/2026,26/05/2026,,C0014826,ΠΕ119756-98088,0903, ,FALSE,FALSE,TRUE,FALSE,TRUE,3,FALSE,0,TRUE,0,TRUE,3,FALSE,TRUE,FALSE,TRUE
400004831400,21/05/2026,,,,C0014826,ΠΕ119756-98088,0901, ,FALSE,FALSE,FALSE,FALSE,FALSE,7,FALSE,0,TRUE,0,FALSE,0,FALSE,FALSE,FALSE,TRUE
400004831399,21/05/2026,22/05/2026,22/05/2026,,C0014826,ΠΕ119756-98088,0612, ,TRUE,FALSE,FALSE,FALSE,TRUE,1,FALSE,0,TRUE,0,TRUE,1,FALSE,TRUE,FALSE,TRUE
400004831398,21/05/2026,25/05/2026,25/05/2026,,C0014826,ΠΕ119756-98088,0131, ,TRUE,FALSE,TRUE,FALSE,TRUE,2,FALSE,0,TRUE,0,TRUE,2,FALSE,TRUE,FALSE,TRUE
400004831397,21/05/2026,25/05/2026,25/05/2026,,C0014826,ΠΕ119756-98088,0913, ,FALSE,FALSE,FALSE,FALSE,TRUE,2,FALSE,0,TRUE,0,TRUE,2,FALSE,TRUE,FALSE,TRUE
400004831396,21/05/2026,22/05/2026,22/05/2026,,C0014826,ΠΕ119756-98088,0133, ,TRUE,TRUE,FALSE,FALSE,TRUE,1,FALSE,0,TRUE,0,TRUE,1,FALSE,TRUE,FALSE,TRUE
400004831395,21/05/2026,22/05/2026,22/05/2026,,C0014826,ΠΕ119756-98088,0612, ,TRUE,FALSE,FALSE,FALSE,TRUE,1,FALSE,0,TRUE,0,TRUE,1,FALSE,TRUE,FALSE,TRUE
400004831394,21/05/2026,22/05/2026,22/05/2026,,C0014826,ΠΕ119756-98088,0636, ,TRUE,TRUE,FALSE,FALSE,TRUE,1,FALSE,0,TRUE,0,TRUE,1,FALSE,TRUE,FALSE,TRUE
400004831393,21/05/2026,25/05/2026,25/05/2026,,C0014826,ΠΕ119756-98088,0903, ,FALSE,FALSE,FALSE,FALSE,TRUE,2,FALSE,0,TRUE,0,TRUE,2,FALSE,TRUE,FALSE,TRUE
400004831392,21/05/2026,,,,C0014826,ΠΕ119756-98088,0906, ,FALSE,FALSE,TRUE,TRUE,FALSE,4,FALSE,0,TRUE,0,FALSE,0,FALSE,FALSE,FALSE,TRUE
400004831391,21/05/2026,22/05/2026,25/05/2026,,C0014826,ΠΕ119756-98088,0131, ,TRUE,TRUE,FALSE,FALSE,TRUE,1,FALSE,0,TRUE,0,TRUE,2,FALSE,TRUE,FALSE,TRUE
400004831390,21/05/2026,25/05/2026,25/05/2026,,C0014826,ΠΕ119756-98088,0903, ,FALSE,FALSE,FALSE,FALSE,TRUE,2,FALSE,0,TRUE,0,TRUE,2,FALSE,TRUE,FALSE,TRUE
400004831389,21/05/2026,25/05/2026,27/05/2026,,C0014826,ΠΕ119756-98088,0903, ,FALSE,FALSE,TRUE,FALSE,TRUE,2,FALSE,0,TRUE,0,TRUE,4,FALSE,TRUE,FALSE,TRUE
400004831388,21/05/2026,22/05/2026,22/05/2026,,C0014826,ΠΕ119756-98088,0611, ,TRUE,FALSE,FALSE,FALSE,TRUE,1,FALSE,0,TRUE,0,TRUE,1,FALSE,TRUE,FALSE,TRUE
400004831387,21/05/2026,30/05/2026,30/05/2026,,C0014826,ΠΕ119756-98088,0901, ,FALSE,TRUE,FALSE,FALSE,TRUE,7,FALSE,0,TRUE,0,TRUE,7,FALSE,FALSE,FALSE,TRUE
400004831386,21/05/2026,22/05/2026,22/05/2026,,C0014826,ΠΕ119756-98088,0613, ,TRUE,FALSE,TRUE,FALSE,TRUE,1,FALSE,0,TRUE,0,TRUE,1,FALSE,TRUE,FALSE,TRUE
400004831385,21/05/2026,25/05/2026,25/05/2026,,C0014826,ΠΕ119756-98088,0905, ,FALSE,FALSE,FALSE,FALSE,TRUE,2,FALSE,0,TRUE,0,TRUE,2,FALSE,TRUE,FALSE,TRUE
400004831384,21/05/2026,,,,C0014826,ΠΕ119756-98088,0919, ,FALSE,FALSE,FALSE,FALSE,FALSE,6,FALSE,0,TRUE,0,FALSE,0,FALSE,FALSE,FALSE,TRUE
400004831383,21/05/2026,26/05/2026,26/05/2026,,C0014826,ΠΕ119756-98088,0142, ,TRUE,TRUE,FALSE,FALSE,TRUE,3,FALSE,0,TRUE,0,TRUE,3,FALSE,TRUE,FALSE,TRUE
400004831382,21/05/2026,25/05/2026,25/05/2026,,C0014826,ΠΕ119756-98088,0133, ,TRUE,FALSE,FALSE,FALSE,TRUE,2,FALSE,0,TRUE,0,TRUE,2,FALSE,TRUE,FALSE,TRUE
400004831381,21/05/2026,25/05/2026,27/05/2026,,C0014826,ΠΕ119756-98088,0903, ,FALSE,FALSE,FALSE,FALSE,TRUE,2,FALSE,0,TRUE,0,TRUE,4,FALSE,TRUE,FALSE,TRUE
400004831380,21/05/2026,26/05/2026,27/05/2026,,C0014826,ΠΕ119756-98088,0641, ,TRUE,FALSE,TRUE,FALSE,TRUE,3,FALSE,0,TRUE,0,TRUE,4,FALSE,TRUE,FALSE,TRUE
400004831378,21/05/2026,26/05/2026,26/05/2026,,C0014826,ΠΕ119756-98088,0641, ,TRUE,FALSE,TRUE,FALSE,TRUE,3,FALSE,0,TRUE,0,TRUE,3,FALSE,TRUE,FALSE,TRUE
400004831377,21/05/2026,03/06/2026,03/06/2026,,C0014826,ΠΕ119756-98088,0901, ,FALSE,FALSE,FALSE,FALSE,TRUE,8,FALSE,0,TRUE,0,TRUE,8,FALSE,FALSE,FALSE,TRUE
400004831376,21/05/2026,25/05/2026,25/05/2026,,C0014826,ΠΕ119756-98088,0133, ,TRUE,FALSE,TRUE,FALSE,TRUE,2,FALSE,0,TRUE,0,TRUE,2,FALSE,TRUE,FALSE,TRUE
400004831375,21/05/2026,26/05/2026,26/05/2026,,C0014826,ΠΕ119756-98088,0641, ,TRUE,FALSE,TRUE,FALSE,TRUE,3,FALSE,0,TRUE,0,TRUE,3,FALSE,TRUE,FALSE,TRUE
400004831374,21/05/2026,02/06/2026,02/06/2026,,C0014826,ΠΕ119756-98088,0901, ,FALSE,FALSE,FALSE,FALSE,TRUE,7,FALSE,0,TRUE,0,TRUE,7,FALSE,FALSE,FALSE,TRUE
400004831373,21/05/2026,22/05/2026,22/05/2026,,C0014826,ΠΕ119756-98088,0711, ,TRUE,FALSE,FALSE,FALSE,TRUE,1,FALSE,0,TRUE,0,TRUE,1,FALSE,TRUE,FALSE,TRUE
400004831372,21/05/2026,04/06/2026,04/06/2026,,C0014826,ΠΕ119756-98088,0901, ,FALSE,FALSE,FALSE,FALSE,TRUE,9,FALSE,0,TRUE,0,TRUE,9,FALSE,FALSE,FALSE,TRUE
400004831371,21/05/2026,23/05/2026,23/05/2026,,C0014826,ΠΕ119756-98088,0202, ,TRUE,FALSE,FALSE,FALSE,TRUE,2,FALSE,0,TRUE,0,TRUE,2,FALSE,TRUE,FALSE,TRUE
400004831370,21/05/2026,22/05/2026,25/05/2026,,C0014826,ΠΕ119756-98088,0311, ,TRUE,FALSE,TRUE,FALSE,TRUE,1,FALSE,0,TRUE,0,TRUE,2,FALSE,TRUE,FALSE,TRUE
400004831369,21/05/2026,22/05/2026,22/05/2026,,C0014826,ΠΕ119756-98088,0142, ,TRUE,FALSE,FALSE,FALSE,TRUE,1,FALSE,0,TRUE,0,TRUE,1,FALSE,TRUE,FALSE,TRUE
400004831368,21/05/2026,23/05/2026,26/05/2026,,C0014826,ΠΕ119756-98088,0858, ,FALSE,FALSE,FALSE,FALSE,TRUE,2,FALSE,0,TRUE,0,TRUE,3,FALSE,TRUE,FALSE,TRUE
400004831367,21/05/2026,26/05/2026,29/05/2026,,C0014826,ΠΕ119756-98088,0909, ,FALSE,TRUE,FALSE,FALSE,TRUE,3,FALSE,0,TRUE,0,TRUE,6,FALSE,TRUE,FALSE,TRUE
400004831366,21/05/2026,23/05/2026,23/05/2026,,C0014826,ΠΕ119756-98088,0871, ,FALSE,FALSE,FALSE,FALSE,TRUE,2,FALSE,0,TRUE,0,TRUE,2,FALSE,TRUE,FALSE,TRUE
400004831365,21/05/2026,22/05/2026,22/05/2026,,C0014826,ΠΕ119756-98088,0505, ,TRUE,FALSE,FALSE,FALSE,TRUE,1,FALSE,0,TRUE,0,TRUE,1,FALSE,TRUE,FALSE,TRUE
400004831364,21/05/2026,22/05/2026,26/05/2026,,C0014826,ΠΕ119756-98088,0612, ,TRUE,FALSE,FALSE,FALSE,TRUE,1,FALSE,0,TRUE,0,TRUE,3,FALSE,TRUE,FALSE,TRUE
400004831363,21/05/2026,22/05/2026,25/05/2026,,C0014826,ΠΕ119756-98088,0503, ,TRUE,FALSE,FALSE,FALSE,TRUE,1,FALSE,0,TRUE,0,TRUE,2,FALSE,TRUE,FALSE,TRUE
400004831362,21/05/2026,23/05/2026,27/05/2026,,C0014826,ΠΕ119756-98088,0213, ,TRUE,FALSE,FALSE,FALSE,TRUE,2,FALSE,0,TRUE,0,TRUE,4,FALSE,TRUE,FALSE,TRUE
400004831361,21/05/2026,27/05/2026,27/05/2026,,C0014826,ΠΕ119756-98088,0711, ,TRUE,TRUE,FALSE,FALSE,TRUE,4,FALSE,0,TRUE,0,TRUE,4,FALSE,TRUE,FALSE,TRUE
400004831360,21/05/2026,22/05/2026,25/05/2026,,C0014826,ΠΕ119756-98088,0329, ,TRUE,FALSE,TRUE,FALSE,TRUE,1,FALSE,0,TRUE,0,TRUE,2,FALSE,TRUE,FALSE,TRUE
400004831359,21/05/2026,22/05/2026,22/05/2026,,C0014826,ΠΕ119756-98088,0131, ,TRUE,TRUE,FALSE,FALSE,TRUE,1,FALSE,0,TRUE,0,TRUE,1,FALSE,TRUE,FALSE,TRUE
400004831358,21/05/2026,22/05/2026,29/05/2026,,C0014826,ΠΕ119756-98088,0305, ,TRUE,FALSE,FALSE,FALSE,TRUE,1,FALSE,0,TRUE,0,TRUE,6,FALSE,TRUE,FALSE,TRUE
400004831357,21/05/2026,22/05/2026,22/05/2026,,C0014826,ΠΕ119756-98088,0329, ,TRUE,FALSE,TRUE,FALSE,TRUE,1,FALSE,0,TRUE,0,TRUE,1,FALSE,TRUE,FALSE,TRUE
400004831356,21/05/2026,22/05/2026,28/05/2026,,C0014826,ΠΕ119756-98088,0503, ,TRUE,TRUE,FALSE,FALSE,TRUE,1,FALSE,0,TRUE,0,TRUE,5,FALSE,TRUE,FALSE,TRUE
400004831355,21/05/2026,22/05/2026,27/05/2026,,C0014826,ΠΕ119756-98088,0202, ,TRUE,FALSE,FALSE,FALSE,TRUE,1,FALSE,0,TRUE,0,TRUE,4,FALSE,TRUE,FALSE,TRUE
400004831354,21/05/2026,22/05/2026,22/05/2026,,C0014826,ΠΕ119756-98088,0702, ,TRUE,FALSE,FALSE,FALSE,TRUE,1,FALSE,0,TRUE,0,TRUE,1,FALSE,TRUE,FALSE,TRUE
400004831353,21/05/2026,22/05/2026,22/05/2026,,C0014826,ΠΕ119756-98088,0307, ,TRUE,FALSE,FALSE,FALSE,TRUE,1,FALSE,0,TRUE,0,TRUE,1,FALSE,TRUE,FALSE,TRUE
400004831352,21/05/2026,25/05/2026,25/05/2026,,C0014826,ΠΕ119756-98088,0905, ,FALSE,FALSE,FALSE,FALSE,TRUE,2,FALSE,0,TRUE,0,TRUE,2,FALSE,TRUE,FALSE,TRUE
400004831351,21/05/2026,25/05/2026,25/05/2026,,C0014826,ΠΕ119756-98088,0641, ,TRUE,FALSE,TRUE,FALSE,TRUE,2,FALSE,0,TRUE,0,TRUE,2,FALSE,TRUE,FALSE,TRUE
400004831350,21/05/2026,25/05/2026,25/05/2026,,C0014826,ΠΕ119756-98088,0714, ,TRUE,FALSE,FALSE,FALSE,TRUE,2,FALSE,0,TRUE,0,TRUE,2,FALSE,TRUE,FALSE,TRUE
400004831349,21/05/2026,25/05/2026,25/05/2026,,C0014826,ΠΕ119756-98088,0305, ,TRUE,FALSE,FALSE,FALSE,TRUE,2,FALSE,0,TRUE,0,TRUE,2,FALSE,TRUE,FALSE,TRUE
400004831348,21/05/2026,22/05/2026,22/05/2026,,C0014826,ΠΕ119756-98088,0203, ,TRUE,FALSE,FALSE,FALSE,TRUE,1,FALSE,0,TRUE,0,TRUE,1,FALSE,TRUE,FALSE,TRUE
400004831347,21/05/2026,22/05/2026,27/05/2026,,C0014826,ΠΕ119756-98088,0503, ,TRUE,TRUE,FALSE,FALSE,TRUE,1,FALSE,0,TRUE,0,TRUE,4,FALSE,TRUE,FALSE,TRUE
400004831346,21/05/2026,22/05/2026,22/05/2026,,C0014826,ΠΕ119756-98088,0712, ,TRUE,FALSE,FALSE,FALSE,TRUE,1,FALSE,0,TRUE,0,TRUE,1,FALSE,TRUE,FALSE,TRUE
400004831345,21/05/2026,26/05/2026,26/05/2026,,C0014826,ΠΕ119756-98088,0912, ,FALSE,FALSE,FALSE,FALSE,TRUE,3,FALSE,0,TRUE,0,TRUE,3,FALSE,TRUE,FALSE,TRUE
400004831344,21/05/2026,25/05/2026,29/05/2026,,C0014826,ΠΕ119756-98088,0913, ,FALSE,FALSE,FALSE,FALSE,TRUE,2,FALSE,0,TRUE,0,TRUE,6,FALSE,TRUE,FALSE,TRUE
400004831343,21/05/2026,25/05/2026,25/05/2026,,C0014826,ΠΕ119756-98088,0853, ,FALSE,FALSE,FALSE,FALSE,TRUE,2,FALSE,0,TRUE,0,TRUE,2,FALSE,TRUE,FALSE,TRUE
400004831342,21/05/2026,23/05/2026,23/05/2026,,C0014826,ΠΕ119756-98088,0860, ,FALSE,FALSE,FALSE,FALSE,TRUE,2,FALSE,0,TRUE,0,TRUE,2,FALSE,TRUE,FALSE,TRUE
400004831341,21/05/2026,02/06/2026,02/06/2026,,C0014826,ΠΕ119756-98088,0851, ,FALSE,FALSE,FALSE,FALSE,TRUE,7,FALSE,0,TRUE,0,TRUE,7,FALSE,FALSE,FALSE,TRUE
400004831340,21/05/2026,22/05/2026,22/05/2026,,C0014826,ΠΕ119756-98088,0133, ,TRUE,FALSE,FALSE,FALSE,TRUE,1,FALSE,0,TRUE,0,TRUE,1,FALSE,TRUE,FALSE,TRUE
400004831339,21/05/2026,22/05/2026,22/05/2026,,C0014826,ΠΕ119756-98088,0711, ,TRUE,FALSE,FALSE,FALSE,TRUE,1,FALSE,0,TRUE,0,TRUE,1,FALSE,TRUE,FALSE,TRUE
400004831337,21/05/2026,25/05/2026,25/05/2026,,C0014826,ΠΕ119756-98088,0305, ,TRUE,FALSE,FALSE,FALSE,TRUE,2,FALSE,0,TRUE,0,TRUE,2,FALSE,TRUE,FALSE,TRUE
400004831336,21/05/2026,22/05/2026,22/05/2026,,C0014826,ΠΕ119756-98088,0501, ,TRUE,FALSE,FALSE,FALSE,TRUE,1,FALSE,0,TRUE,0,TRUE,1,FALSE,TRUE,FALSE,TRUE
400004831335,21/05/2026,22/05/2026,26/05/2026,,C0014826,ΠΕ119756-98088,0503, ,TRUE,TRUE,FALSE,FALSE,TRUE,1,FALSE,0,TRUE,0,TRUE,3,FALSE,TRUE,FALSE,TRUE
400004831334,21/05/2026,25/05/2026,25/05/2026,,C0014826,ΠΕ119756-98088,0913, ,FALSE,FALSE,FALSE,FALSE,TRUE,2,FALSE,0,TRUE,0,TRUE,2,FALSE,TRUE,FALSE,TRUE
400004831333,21/05/2026,25/05/2026,05/06/2026,,C0014826,ΠΕ119756-98088,0912, ,FALSE,FALSE,FALSE,FALSE,TRUE,2,FALSE,0,TRUE,0,TRUE,10,FALSE,TRUE,FALSE,TRUE
400004831332,21/05/2026,22/05/2026,23/05/2026,,C0014826,ΠΕ119756-98088,0309, ,TRUE,FALSE,FALSE,FALSE,TRUE,1,FALSE,0,TRUE,0,TRUE,2,FALSE,TRUE,FALSE,TRUE
400004831331,21/05/2026,23/05/2026,23/05/2026,,C0014826,ΠΕ119756-98088,0862, ,FALSE,FALSE,FALSE,FALSE,TRUE,2,FALSE,0,TRUE,0,TRUE,2,FALSE,TRUE,FALSE,TRUE
400004831330,21/05/2026,03/06/2026,04/06/2026,,C0014826,ΠΕ119756-98088,0851, ,FALSE,FALSE,FALSE,FALSE,TRUE,8,FALSE,0,TRUE,0,TRUE,9,FALSE,FALSE,FALSE,TRUE
400004831329,21/05/2026,22/05/2026,25/05/2026,,C0014826,ΠΕ119756-98088,0212, ,TRUE,FALSE,FALSE,FALSE,TRUE,1,FALSE,0,TRUE,0,TRUE,2,FALSE,TRUE,FALSE,TRUE
400004831328,21/05/2026,27/05/2026,27/05/2026,,C0014826,ΠΕ119756-98088,0331, ,FALSE,FALSE,FALSE,FALSE,TRUE,4,FALSE,0,TRUE,0,TRUE,4,FALSE,FALSE,FALSE,TRUE
400004831327,21/05/2026,22/05/2026,22/05/2026,,C0014826,ΠΕ119756-98088,0331, ,FALSE,FALSE,FALSE,FALSE,TRUE,1,FALSE,0,TRUE,0,TRUE,1,FALSE,TRUE,FALSE,TRUE
400004831326,21/05/2026,,,,C0014826,ΠΕ119756-98088,0901, ,FALSE,FALSE,FALSE,FALSE,FALSE,10,FALSE,0,TRUE,0,FALSE,0,FALSE,FALSE,FALSE,TRUE
400004831325,21/05/2026,22/05/2026,22/05/2026,,C0014826,ΠΕ119756-98088,0201, ,TRUE,FALSE,FALSE,FALSE,TRUE,1,FALSE,0,TRUE,0,TRUE,1,FALSE,TRUE,FALSE,TRUE
400004831324,21/05/2026,23/05/2026,23/05/2026,,C0014826,ΠΕ119756-98088,0713, ,TRUE,FALSE,FALSE,FALSE,TRUE,2,FALSE,0,TRUE,0,TRUE,2,FALSE,TRUE,FALSE,TRUE
400004831323,21/05/2026,22/05/2026,22/05/2026,,C0014826,ΠΕ119756-98088,0722, ,TRUE,FALSE,FALSE,FALSE,TRUE,1,FALSE,0,TRUE,0,TRUE,1,FALSE,TRUE,FALSE,TRUE
400004831322,21/05/2026,05/06/2026,05/06/2026,,C0014826,ΠΕ119756-98088,0901, ,FALSE,FALSE,FALSE,FALSE,TRUE,10,FALSE,0,TRUE,0,TRUE,10,FALSE,FALSE,FALSE,TRUE
400004831321,21/05/2026,29/05/2026,29/05/2026,,C0014826,ΠΕ119756-98088,0851, ,FALSE,FALSE,FALSE,FALSE,TRUE,6,FALSE,0,TRUE,0,TRUE,6,FALSE,FALSE,FALSE,TRUE
400004831320,21/05/2026,23/05/2026,23/05/2026,,C0014826,ΠΕ119756-98088,0854, ,FALSE,TRUE,FALSE,FALSE,TRUE,2,FALSE,0,TRUE,0,TRUE,2,FALSE,TRUE,FALSE,TRUE
400004831319,21/05/2026,25/05/2026,25/05/2026,,C0014826,ΠΕ119756-98088,0913, ,FALSE,FALSE,FALSE,FALSE,TRUE,2,FALSE,0,TRUE,0,TRUE,2,FALSE,TRUE,FALSE,TRUE
400004831318,21/05/2026,22/05/2026,,,C0014826,ΠΕ119756-98088,0305, ,TRUE,FALSE,TRUE,FALSE,TRUE,1,FALSE,0,TRUE,0,FALSE,0,FALSE,TRUE,FALSE,TRUE
400004831317,21/05/2026,23/05/2026,26/05/2026,,C0014826,ΠΕ119756-98088,0857, ,FALSE,FALSE,FALSE,FALSE,TRUE,2,FALSE,0,TRUE,0,TRUE,3,FALSE,TRUE,FALSE,TRUE
400004831316,21/05/2026,22/05/2026,26/05/2026,,C0014826,ΠΕ119756-98088,0504, ,FALSE,FALSE,FALSE,FALSE,TRUE,1,FALSE,0,TRUE,0,TRUE,3,FALSE,TRUE,FALSE,TRUE
400004831315,21/05/2026,22/05/2026,22/05/2026,,C0014826,ΠΕ119756-98088,0713, ,TRUE,FALSE,FALSE,FALSE,TRUE,1,FALSE,0,TRUE,0,TRUE,1,FALSE,TRUE,FALSE,TRUE
400004831314,21/05/2026,23/05/2026,25/05/2026,,C0014826,ΠΕ119756-98088,0853, ,FALSE,FALSE,FALSE,FALSE,TRUE,2,FALSE,0,TRUE,0,TRUE,2,FALSE,TRUE,FALSE,TRUE
400004831313,21/05/2026,22/05/2026,22/05/2026,,C0014826,ΠΕ119756-98088,0309, ,TRUE,FALSE,FALSE,FALSE,TRUE,1,FALSE,0,TRUE,0,TRUE,1,FALSE,TRUE,FALSE,TRUE
400004831312,21/05/2026,22/05/2026,22/05/2026,,C0014826,ΠΕ119756-98088,0142, ,TRUE,FALSE,FALSE,FALSE,TRUE,1,FALSE,0,TRUE,0,TRUE,1,FALSE,TRUE,FALSE,TRUE
400004831311,21/05/2026,22/05/2026,22/05/2026,,C0014826,ΠΕ119756-98088,0636, ,TRUE,FALSE,FALSE,FALSE,TRUE,1,FALSE,0,TRUE,0,TRUE,1,FALSE,TRUE,FALSE,TRUE
400004831310,21/05/2026,22/05/2026,22/05/2026,,C0014826,ΠΕ119756-98088,0131, ,TRUE,FALSE,FALSE,FALSE,TRUE,1,FALSE,0,TRUE,0,TRUE,1,FALSE,TRUE,FALSE,TRUE
400004831309,21/05/2026,23/05/2026,23/05/2026,,C0014826,ΠΕ119756-98088,0855, ,FALSE,FALSE,FALSE,FALSE,TRUE,2,FALSE,0,TRUE,0,TRUE,2,FALSE,TRUE,FALSE,TRUE
400004831308,21/05/2026,27/05/2026,27/05/2026,,C0014826,ΠΕ119756-98088,0514, ,FALSE,FALSE,FALSE,FALSE,TRUE,4,FALSE,0,TRUE,0,TRUE,4,FALSE,FALSE,FALSE,TRUE
400004831307,21/05/2026,02/06/2026,02/06/2026,,C0014826,ΠΕ119756-98088,0901, ,FALSE,FALSE,FALSE,FALSE,TRUE,7,FALSE,0,TRUE,0,TRUE,7,FALSE,FALSE,FALSE,TRUE
400004831306,21/05/2026,22/05/2026,25/05/2026,,C0014826,ΠΕ119756-98088,0202, ,TRUE,FALSE,FALSE,FALSE,TRUE,1,FALSE,0,TRUE,0,TRUE,2,FALSE,TRUE,FALSE,TRUE
400004831305,21/05/2026,25/05/2026,25/05/2026,,C0014826,ΠΕ119756-98088,0876, ,FALSE,FALSE,FALSE,FALSE,TRUE,2,FALSE,0,TRUE,0,TRUE,2,FALSE,TRUE,FALSE,TRUE
400004831304,21/05/2026,23/05/2026,,,C0014826,ΠΕ119756-98088,0863, ,FALSE,FALSE,FALSE,FALSE,TRUE,2,FALSE,0,TRUE,0,FALSE,0,FALSE,TRUE,FALSE,TRUE
400004831303,21/05/2026,22/05/2026,22/05/2026,,C0014826,ΠΕ119756-98088,0854, ,FALSE,FALSE,FALSE,FALSE,TRUE,1,FALSE,0,TRUE,0,TRUE,1,FALSE,TRUE,FALSE,TRUE
400004831302,21/05/2026,,,,C0014826,ΠΕ119756-98088,0906, ,FALSE,FALSE,TRUE,TRUE,FALSE,4,FALSE,0,TRUE,0,FALSE,0,FALSE,FALSE,FALSE,TRUE
400004831301,21/05/2026,22/05/2026,22/05/2026,,C0014826,ΠΕ119756-98088,0713, ,TRUE,FALSE,FALSE,FALSE,TRUE,1,FALSE,0,TRUE,0,TRUE,1,FALSE,TRUE,FALSE,TRUE
400004831300,21/05/2026,22/05/2026,22/05/2026,,C0014826,ΠΕ119756-98088,0612, ,TRUE,FALSE,FALSE,FALSE,TRUE,1,FALSE,0,TRUE,0,TRUE,1,FALSE,TRUE,FALSE,TRUE
160000404135,21/05/2026,30/05/2026,30/05/2026,,C0014826,ΠΕ119756-98088,0901, ,FALSE,TRUE,FALSE,FALSE,TRUE,7,FALSE,0,TRUE,0,TRUE,7,FALSE,FALSE,FALSE,TRUE
160000404134,21/05/2026,22/05/2026,22/05/2026,,C0014826,ΠΕ119756-98088,0713, ,TRUE,FALSE,FALSE,FALSE,TRUE,1,FALSE,0,TRUE,0,TRUE,1,FALSE,TRUE,FALSE,TRUE
160000404133,21/05/2026,02/06/2026,02/06/2026,,C0014826,ΠΕ119756-98088,0901, ,FALSE,FALSE,FALSE,FALSE,TRUE,7,FALSE,0,TRUE,0,TRUE,7,FALSE,FALSE,FALSE,TRUE
160000404132,21/05/2026,25/05/2026,25/05/2026,,C0014826,ΠΕ119756-98088,0905, ,FALSE,FALSE,FALSE,FALSE,TRUE,2,FALSE,0,TRUE,0,TRUE,2,FALSE,TRUE,FALSE,TRUE
160000404131,21/05/2026,30/05/2026,30/05/2026,,C0014826,ΠΕ119756-98088,0901, ,FALSE,FALSE,TRUE,FALSE,TRUE,7,FALSE,0,TRUE,0,TRUE,7,FALSE,FALSE,FALSE,TRUE
160000404130,21/05/2026,22/05/2026,22/05/2026,,C0014826,ΠΕ119756-98088,0711, ,TRUE,FALSE,FALSE,FALSE,TRUE,1,FALSE,0,TRUE,0,TRUE,1,FALSE,TRUE,FALSE,TRUE
160000404128,21/05/2026,22/05/2026,26/05/2026,,C0014826,ΠΕ119756-98088,0504, ,FALSE,FALSE,FALSE,FALSE,TRUE,1,FALSE,0,TRUE,0,TRUE,3,FALSE,TRUE,FALSE,TRUE
160000404127,21/05/2026,23/05/2026,26/05/2026,,C0014826,ΠΕ119756-98088,0857, ,FALSE,FALSE,FALSE,FALSE,TRUE,2,FALSE,0,TRUE,0,TRUE,3,FALSE,TRUE,FALSE,TRUE
160000404126,21/05/2026,23/05/2026,23/05/2026,,C0014826,ΠΕ119756-98088,0862, ,FALSE,FALSE,FALSE,FALSE,TRUE,2,FALSE,0,TRUE,0,TRUE,2,FALSE,TRUE,FALSE,TRUE
160000404124,21/05/2026,23/05/2026,23/05/2026,,C0014826,ΠΕ119756-98088,0713, ,TRUE,FALSE,FALSE,FALSE,TRUE,2,FALSE,0,TRUE,0,TRUE,2,FALSE,TRUE,FALSE,TRUE
160000404123,21/05/2026,22/05/2026,22/05/2026,,C0014826,ΠΕ119756-98088,0309, ,TRUE,FALSE,FALSE,FALSE,TRUE,1,FALSE,0,TRUE,0,TRUE,1,FALSE,TRUE,FALSE,TRUE
160000404122,21/05/2026,22/05/2026,22/05/2026,,C0014826,ΠΕ119756-98088,0636, ,TRUE,FALSE,FALSE,FALSE,TRUE,1,FALSE,0,TRUE,0,TRUE,1,FALSE,TRUE,FALSE,TRUE
160000404121,21/05/2026,25/05/2026,25/05/2026,,C0014826,ΠΕ119756-98088,0853, ,FALSE,FALSE,FALSE,FALSE,TRUE,2,FALSE,0,TRUE,0,TRUE,2,FALSE,TRUE,FALSE,TRUE
160000404120,21/05/2026,25/05/2026,25/05/2026,,C0014826,ΠΕ119756-98088,0853, ,FALSE,FALSE,FALSE,FALSE,TRUE,2,FALSE,0,TRUE,0,TRUE,2,FALSE,TRUE,FALSE,TRUE
160000404119,21/05/2026,23/05/2026,23/05/2026,,C0014826,ΠΕ119756-98088,0713, ,TRUE,FALSE,FALSE,FALSE,TRUE,2,FALSE,0,TRUE,0,TRUE,2,FALSE,TRUE,FALSE,TRUE
160000404118,21/05/2026,05/06/2026,05/06/2026,,C0014826,ΠΕ119756-98088,0901, ,FALSE,FALSE,FALSE,FALSE,TRUE,10,FALSE,0,TRUE,0,TRUE,10,FALSE,FALSE,FALSE,TRUE
160000404117,21/05/2026,23/05/2026,26/05/2026,,C0014826,ΠΕ119756-98088,0857, ,FALSE,FALSE,FALSE,FALSE,TRUE,2,FALSE,0,TRUE,0,TRUE,3,FALSE,TRUE,FALSE,TRUE
160000404116,21/05/2026,22/05/2026,22/05/2026,,C0014826,ΠΕ119756-98088,0713, ,TRUE,FALSE,FALSE,FALSE,TRUE,1,FALSE,0,TRUE,0,TRUE,1,FALSE,TRUE,FALSE,TRUE
160000404115,21/05/2026,22/05/2026,22/05/2026,,C0014826,ΠΕ119756-98088,0142, ,TRUE,FALSE,FALSE,FALSE,TRUE,1,FALSE,0,TRUE,0,TRUE,1,FALSE,TRUE,FALSE,TRUE
160000404114,21/05/2026,22/05/2026,22/05/2026,,C0014826,ΠΕ119756-98088,0131, ,TRUE,FALSE,FALSE,FALSE,TRUE,1,FALSE,0,TRUE,0,TRUE,1,FALSE,TRUE,FALSE,TRUE
160000404113,21/05/2026,22/05/2026,22/05/2026,,C0014826,ΠΕ119756-98088,0131, ,TRUE,FALSE,FALSE,FALSE,TRUE,1,FALSE,0,TRUE,0,TRUE,1,FALSE,TRUE,FALSE,TRUE
160000404112,21/05/2026,22/05/2026,22/05/2026,,C0014826,ΠΕ119756-98088,0612, ,TRUE,FALSE,FALSE,FALSE,TRUE,1,FALSE,0,TRUE,0,TRUE,1,FALSE,TRUE,FALSE,TRUE
160000404111,21/05/2026,22/05/2026,22/05/2026,,C0014826,ΠΕ119756-98088,0612, ,TRUE,FALSE,FALSE,FALSE,TRUE,1,FALSE,0,TRUE,0,TRUE,1,FALSE,TRUE,FALSE,TRUE
160000404110,21/05/2026,22/05/2026,22/05/2026,,C0014826,ΠΕ119756-98088,0612, ,TRUE,FALSE,FALSE,FALSE,TRUE,1,FALSE,0,TRUE,0,TRUE,1,FALSE,TRUE,FALSE,TRUE
050083225742,20/05/2026,22/05/2026,22/05/2026,,C0014826,ΠΕ119756-98088,0948, ,TRUE,FALSE,FALSE,FALSE,TRUE,2,FALSE,0,TRUE,2,TRUE,2,FALSE,TRUE,FALSE,FALSE
700047047312,20/05/2026,21/05/2026,21/05/2026,,C0014826,ΠΕ119756-98088,0948, ,TRUE,FALSE,FALSE,FALSE,TRUE,1,FALSE,0,TRUE,0,TRUE,1,FALSE,TRUE,FALSE,TRUE
052000418987,20/05/2026,21/05/2026,21/05/2026,,C0014826,ΠΕ119756-98088,0948, ,TRUE,FALSE,FALSE,FALSE,TRUE,1,FALSE,0,TRUE,0,TRUE,1,FALSE,TRUE,FALSE,TRUE
050090956971,20/05/2026,21/05/2026,21/05/2026,,C0014826,ΠΕ119756-98088,0948, ,TRUE,FALSE,FALSE,FALSE,TRUE,1,FALSE,0,TRUE,0,TRUE,1,FALSE,TRUE,FALSE,TRUE
700047047744,20/05/2026,25/05/2026,25/05/2026,,C0014826,ΠΕ119756-98088,0948, ,TRUE,FALSE,FALSE,FALSE,TRUE,3,FALSE,0,TRUE,2,TRUE,3,FALSE,TRUE,FALSE,FALSE
050094135531,20/05/2026,21/05/2026,21/05/2026,,C0014826,ΠΕ119756-98088,0948, ,TRUE,FALSE,FALSE,FALSE,TRUE,1,FALSE,0,FALSE,0,TRUE,1,FALSE,TRUE,FALSE,FALSE
050090753460,20/05/2026,21/05/2026,21/05/2026,,C0014826,ΠΕ119756-98088,0948, ,TRUE,FALSE,FALSE,FALSE,TRUE,1,FALSE,0,TRUE,0,TRUE,1,FALSE,TRUE,FALSE,TRUE
700047064739,20/05/2026,21/05/2026,21/05/2026,,C0014826,ΠΕ119756-98088,0948, ,TRUE,FALSE,FALSE,FALSE,TRUE,1,FALSE,0,TRUE,0,TRUE,1,FALSE,TRUE,FALSE,TRUE
050091189676,20/05/2026,22/05/2026,22/05/2026,,C0014826,ΠΕ119756-98088,0106,ATH,TRUE,FALSE,FALSE,FALSE,TRUE,2,FALSE,0,TRUE,0,TRUE,2,FALSE,TRUE,FALSE,TRUE
052000964653,20/05/2026,21/05/2026,21/05/2026,,C0014826,ΠΕ119756-98088,0605,SKG,TRUE,FALSE,FALSE,FALSE,TRUE,1,FALSE,0,TRUE,0,TRUE,1,FALSE,TRUE,FALSE,TRUE
052000964631,20/05/2026,21/05/2026,21/05/2026,,C0014826,ΠΕ119756-98088,0862, ,FALSE,FALSE,FALSE,FALSE,TRUE,1,FALSE,0,TRUE,0,TRUE,1,FALSE,TRUE,FALSE,TRUE
400004831164,20/05/2026,23/05/2026,23/05/2026,,C0014826,ΠΕ119756-98088,0903, ,FALSE,FALSE,FALSE,FALSE,TRUE,3,FALSE,0,TRUE,0,TRUE,3,FALSE,TRUE,FALSE,TRUE
400004831149,20/05/2026,23/05/2026,23/05/2026,,C0014826,ΠΕ119756-98088,0903, ,FALSE,FALSE,FALSE,FALSE,TRUE,3,FALSE,0,TRUE,0,TRUE,3,FALSE,TRUE,FALSE,TRUE
400004831117,20/05/2026,01/06/2026,04/06/2026,,C0014826,ΠΕ119756-98088,0901, ,FALSE,FALSE,FALSE,FALSE,TRUE,8,FALSE,0,TRUE,0,TRUE,10,FALSE,FALSE,FALSE,TRUE
400004831043,20/05/2026,21/05/2026,21/05/2026,,C0014826,ΠΕ119756-98088,0914, ,FALSE,FALSE,FALSE,FALSE,TRUE,1,FALSE,0,TRUE,0,TRUE,1,FALSE,TRUE,FALSE,TRUE
160000404059,20/05/2026,23/05/2026,23/05/2026,,C0014826,ΠΕ119756-98088,0903, ,FALSE,FALSE,FALSE,FALSE,TRUE,3,FALSE,0,TRUE,0,TRUE,3,FALSE,TRUE,FALSE,TRUE
400004831299,20/05/2026,22/05/2026,22/05/2026,,C0014826,ΠΕ119756-98088,0304, ,TRUE,FALSE,FALSE,FALSE,TRUE,2,FALSE,0,TRUE,0,TRUE,2,FALSE,TRUE,FALSE,TRUE
400004831298,20/05/2026,21/05/2026,21/05/2026,,C0014826,ΠΕ119756-98088,0621, ,TRUE,FALSE,FALSE,FALSE,TRUE,1,FALSE,0,TRUE,0,TRUE,1,FALSE,TRUE,FALSE,TRUE
400004831297,20/05/2026,22/05/2026,22/05/2026,,C0014826,ΠΕ119756-98088,0133, ,TRUE,FALSE,TRUE,FALSE,TRUE,2,FALSE,0,TRUE,0,TRUE,2,FALSE,TRUE,FALSE,TRUE
400004831296,20/05/2026,21/05/2026,21/05/2026,,C0014826,ΠΕ119756-98088,0204, ,TRUE,FALSE,FALSE,FALSE,TRUE,1,FALSE,0,TRUE,0,TRUE,1,FALSE,TRUE,FALSE,TRUE
400004831295,20/05/2026,26/05/2026,,,C0014826,ΠΕ119756-98088,0907, ,FALSE,TRUE,FALSE,FALSE,TRUE,4,FALSE,0,TRUE,0,FALSE,0,FALSE,TRUE,FALSE,TRUE
400004831294,20/05/2026,21/05/2026,21/05/2026,,C0014826,ΠΕ119756-98088,0133, ,TRUE,FALSE,TRUE,FALSE,TRUE,1,FALSE,0,TRUE,0,TRUE,1,FALSE,TRUE,FALSE,TRUE
400004831293,20/05/2026,22/05/2026,22/05/2026,,C0014826,ΠΕ119756-98088,0611, ,TRUE,FALSE,FALSE,FALSE,TRUE,2,FALSE,0,TRUE,0,TRUE,2,FALSE,TRUE,FALSE,TRUE
400004831292,20/05/2026,,,,C0014826,ΠΕ119756-98088,0901, ,FALSE,FALSE,FALSE,FALSE,FALSE,11,FALSE,0,TRUE,0,FALSE,0,FALSE,FALSE,FALSE,TRUE
400004831291,20/05/2026,05/06/2026,05/06/2026,,C0014826,ΠΕ119756-98088,0903, ,FALSE,FALSE,TRUE,FALSE,TRUE,11,FALSE,0,TRUE,0,TRUE,11,FALSE,FALSE,FALSE,TRUE
400004831290,20/05/2026,21/05/2026,21/05/2026,,C0014826,ΠΕ119756-98088,0612, ,TRUE,FALSE,FALSE,FALSE,TRUE,1,FALSE,0,TRUE,0,TRUE,1,FALSE,TRUE,FALSE,TRUE
400004831289,20/05/2026,29/05/2026,29/05/2026,,C0014826,ΠΕ119756-98088,0901, ,FALSE,FALSE,FALSE,FALSE,TRUE,7,FALSE,0,TRUE,0,TRUE,7,FALSE,FALSE,FALSE,TRUE
400004831288,20/05/2026,21/05/2026,23/05/2026,,C0014826,ΠΕ119756-98088,0631, ,TRUE,FALSE,FALSE,FALSE,TRUE,1,FALSE,0,TRUE,0,TRUE,3,FALSE,TRUE,FALSE,TRUE
400004831287,20/05/2026,,,,C0014826,ΠΕ119756-98088,0901, ,FALSE,FALSE,FALSE,FALSE,FALSE,11,FALSE,0,TRUE,0,FALSE,0,FALSE,FALSE,FALSE,TRUE
400004831286,20/05/2026,25/05/2026,26/05/2026,,C0014826,ΠΕ119756-98088,0215, ,TRUE,FALSE,FALSE,FALSE,TRUE,3,FALSE,0,TRUE,0,TRUE,4,FALSE,FALSE,FALSE,TRUE
400004831285,20/05/2026,28/05/2026,28/05/2026,,C0014826,ΠΕ119756-98088,0851, ,FALSE,FALSE,FALSE,FALSE,TRUE,6,FALSE,0,TRUE,0,TRUE,6,FALSE,FALSE,FALSE,TRUE
400004831284,20/05/2026,21/05/2026,22/05/2026,,C0014826,ΠΕ119756-98088,0622, ,TRUE,FALSE,FALSE,FALSE,TRUE,1,FALSE,0,TRUE,0,TRUE,2,FALSE,TRUE,FALSE,TRUE
400004831283,20/05/2026,21/05/2026,21/05/2026,,C0014826,ΠΕ119756-98088,0641, ,TRUE,FALSE,TRUE,FALSE,TRUE,1,FALSE,0,TRUE,0,TRUE,1,FALSE,TRUE,FALSE,TRUE
400004831282,20/05/2026,22/05/2026,22/05/2026,,C0014826,ΠΕ119756-98088,0615, ,TRUE,FALSE,TRUE,FALSE,TRUE,2,FALSE,0,TRUE,0,TRUE,2,FALSE,TRUE,FALSE,TRUE
400004831281,20/05/2026,21/05/2026,21/05/2026,,C0014826,ΠΕ119756-98088,0611, ,TRUE,FALSE,FALSE,FALSE,TRUE,1,FALSE,0,TRUE,0,TRUE,1,FALSE,TRUE,FALSE,TRUE
400004831280,20/05/2026,23/05/2026,23/05/2026,,C0014826,ΠΕ119756-98088,0903, ,FALSE,FALSE,FALSE,FALSE,TRUE,3,FALSE,0,TRUE,0,TRUE,3,FALSE,TRUE,FALSE,TRUE
400004831279,20/05/2026,21/05/2026,21/05/2026,,C0014826,ΠΕ119756-98088,0636, ,TRUE,FALSE,FALSE,FALSE,TRUE,1,FALSE,0,TRUE,0,TRUE,1,FALSE,TRUE,FALSE,TRUE
400004831278,20/05/2026,04/06/2026,,,C0014826,ΠΕ119756-98088,0901, ,FALSE,FALSE,FALSE,FALSE,TRUE,10,FALSE,0,TRUE,0,FALSE,0,FALSE,FALSE,FALSE,TRUE
400004831277,20/05/2026,01/06/2026,01/06/2026,,C0014826,ΠΕ119756-98088,0901, ,FALSE,FALSE,FALSE,FALSE,TRUE,8,FALSE,0,TRUE,0,TRUE,8,FALSE,FALSE,FALSE,TRUE
400004831276,20/05/2026,26/05/2026,26/05/2026,,C0014826,ΠΕ119756-98088,0851, ,FALSE,FALSE,FALSE,FALSE,TRUE,4,FALSE,0,TRUE,0,TRUE,4,FALSE,FALSE,FALSE,TRUE
400004831275,20/05/2026,,,,C0014826,ΠΕ119756-98088,0866, ,FALSE,TRUE,FALSE,FALSE,FALSE,5,FALSE,0,TRUE,0,FALSE,0,FALSE,FALSE,FALSE,TRUE
400004831274,20/05/2026,25/05/2026,25/05/2026,,C0014826,ΠΕ119756-98088,0215, ,TRUE,FALSE,FALSE,FALSE,TRUE,3,FALSE,0,TRUE,0,TRUE,3,FALSE,FALSE,FALSE,TRUE
400004831273,20/05/2026,30/05/2026,02/06/2026,,C0014826,ΠΕ119756-98088,0215, ,TRUE,FALSE,FALSE,FALSE,TRUE,8,FALSE,0,TRUE,0,TRUE,8,FALSE,FALSE,FALSE,TRUE
400004831272,20/05/2026,21/05/2026,05/06/2026,,C0014826,ΠΕ119756-98088,0713, ,TRUE,FALSE,FALSE,FALSE,TRUE,1,FALSE,0,TRUE,0,TRUE,11,FALSE,TRUE,FALSE,TRUE
400004831271,20/05/2026,21/05/2026,21/05/2026,,C0014826,ΠΕ119756-98088,0641, ,TRUE,FALSE,TRUE,FALSE,TRUE,1,FALSE,0,TRUE,0,TRUE,1,FALSE,TRUE,FALSE,TRUE
400004831270,20/05/2026,21/05/2026,21/05/2026,,C0014826,ΠΕ119756-98088,0711, ,TRUE,FALSE,FALSE,FALSE,TRUE,1,FALSE,0,TRUE,0,TRUE,1,FALSE,TRUE,FALSE,TRUE
400004831269,20/05/2026,21/05/2026,21/05/2026,,C0014826,ΠΕ119756-98088,0613, ,TRUE,FALSE,TRUE,FALSE,TRUE,1,FALSE,0,TRUE,0,TRUE,1,FALSE,TRUE,FALSE,TRUE
400004831268,20/05/2026,21/05/2026,21/05/2026,,C0014826,ΠΕ119756-98088,0612, ,TRUE,FALSE,FALSE,FALSE,TRUE,1,FALSE,0,TRUE,0,TRUE,1,FALSE,TRUE,FALSE,TRUE
400004831267,20/05/2026,21/05/2026,21/05/2026,,C0014826,ΠΕ119756-98088,0204, ,TRUE,TRUE,FALSE,FALSE,TRUE,1,FALSE,0,TRUE,0,TRUE,1,FALSE,TRUE,FALSE,TRUE
400004831266,20/05/2026,22/05/2026,22/05/2026,,C0014826,ΠΕ119756-98088,0204, ,TRUE,FALSE,FALSE,FALSE,TRUE,2,FALSE,0,TRUE,0,TRUE,2,FALSE,TRUE,FALSE,TRUE
400004831265,20/05/2026,22/05/2026,22/05/2026,,C0014826,ΠΕ119756-98088,0855, ,FALSE,FALSE,FALSE,FALSE,TRUE,2,FALSE,0,TRUE,0,TRUE,2,FALSE,TRUE,FALSE,TRUE
400004831264,20/05/2026,22/05/2026,23/05/2026,,C0014826,ΠΕ119756-98088,0516, ,FALSE,TRUE,FALSE,FALSE,TRUE,2,FALSE,0,TRUE,0,TRUE,3,FALSE,TRUE,FALSE,TRUE
400004831262,20/05/2026,22/05/2026,22/05/2026,,C0014826,ΠΕ119756-98088,0204, ,TRUE,FALSE,FALSE,FALSE,TRUE,2,FALSE,0,TRUE,0,TRUE,2,FALSE,TRUE,FALSE,TRUE
400004831261,20/05/2026,25/05/2026,,,C0014826,ΠΕ119756-98088,0902, ,FALSE,FALSE,FALSE,FALSE,TRUE,3,FALSE,0,TRUE,0,FALSE,0,FALSE,TRUE,FALSE,TRUE
400004831260,20/05/2026,21/05/2026,21/05/2026,,C0014826,ΠΕ119756-98088,0141, ,TRUE,FALSE,FALSE,FALSE,TRUE,1,FALSE,0,TRUE,0,TRUE,1,FALSE,TRUE,FALSE,TRUE
400004831259,20/05/2026,23/05/2026,29/05/2026,,C0014826,ΠΕ119756-98088,0133, ,TRUE,FALSE,TRUE,FALSE,TRUE,3,FALSE,0,TRUE,0,TRUE,7,FALSE,TRUE,FALSE,TRUE
400004831258,20/05/2026,28/05/2026,,,C0014826,ΠΕ119756-98088,0215, ,TRUE,TRUE,FALSE,FALSE,TRUE,6,FALSE,0,TRUE,0,FALSE,0,FALSE,FALSE,FALSE,TRUE
400004831257,20/05/2026,22/05/2026,22/05/2026,,C0014826,ΠΕ119756-98088,0701, ,TRUE,FALSE,FALSE,FALSE,TRUE,2,FALSE,0,TRUE,0,TRUE,2,FALSE,TRUE,FALSE,TRUE
400004831256,20/05/2026,21/05/2026,21/05/2026,,C0014826,ΠΕ119756-98088,0324, ,TRUE,TRUE,FALSE,FALSE,TRUE,1,FALSE,0,TRUE,0,TRUE,1,FALSE,TRUE,FALSE,TRUE
400004831255,20/05/2026,21/05/2026,21/05/2026,,C0014826,ΠΕ119756-98088,0713, ,TRUE,FALSE,FALSE,FALSE,TRUE,1,FALSE,0,TRUE,0,TRUE,1,FALSE,TRUE,FALSE,TRUE
400004831254,20/05/2026,21/05/2026,,,C0014826,ΠΕ119756-98088,0871, ,FALSE,FALSE,FALSE,FALSE,TRUE,1,FALSE,0,TRUE,0,FALSE,0,FALSE,TRUE,FALSE,TRUE
400004831253,20/05/2026,23/05/2026,23/05/2026,,C0014826,ΠΕ119756-98088,0504, ,FALSE,FALSE,FALSE,FALSE,TRUE,3,FALSE,0,TRUE,0,TRUE,3,FALSE,TRUE,FALSE,TRUE
400004831252,20/05/2026,22/05/2026,23/05/2026,,C0014826,ΠΕ119756-98088,0502, ,TRUE,TRUE,FALSE,FALSE,TRUE,2,FALSE,0,TRUE,0,TRUE,3,FALSE,TRUE,FALSE,TRUE
400004831251,20/05/2026,21/05/2026,21/05/2026,,C0014826,ΠΕ119756-98088,0211, ,TRUE,FALSE,FALSE,FALSE,TRUE,1,FALSE,0,TRUE,0,TRUE,1,FALSE,TRUE,FALSE,TRUE
400004831250,20/05/2026,22/05/2026,02/06/2026,,C0014826,ΠΕ119756-98088,0714, ,TRUE,FALSE,FALSE,FALSE,TRUE,2,FALSE,0,TRUE,0,TRUE,8,FALSE,TRUE,FALSE,TRUE
400004831249,20/05/2026,22/05/2026,22/05/2026,,C0014826,ΠΕ119756-98088,0204, ,TRUE,FALSE,FALSE,FALSE,TRUE,2,FALSE,0,TRUE,0,TRUE,2,FALSE,TRUE,FALSE,TRUE
400004831248,20/05/2026,22/05/2026,22/05/2026,,C0014826,ΠΕ119756-98088,0316, ,TRUE,FALSE,TRUE,FALSE,TRUE,2,FALSE,0,TRUE,0,TRUE,2,FALSE,TRUE,FALSE,TRUE
400004831247,20/05/2026,25/05/2026,28/05/2026,,C0014826,ΠΕ119756-98088,0903, ,FALSE,FALSE,FALSE,FALSE,TRUE,3,FALSE,0,TRUE,0,TRUE,6,FALSE,TRUE,FALSE,TRUE
400004831246,20/05/2026,01/06/2026,03/06/2026,,C0014826,ΠΕ119756-98088,0901, ,FALSE,FALSE,FALSE,FALSE,TRUE,8,FALSE,0,TRUE,0,TRUE,9,FALSE,FALSE,FALSE,TRUE
400004831245,20/05/2026,22/05/2026,22/05/2026,,C0014826,ΠΕ119756-98088,0214, ,TRUE,TRUE,FALSE,FALSE,TRUE,2,FALSE,0,TRUE,0,TRUE,2,FALSE,TRUE,FALSE,TRUE
400004831244,20/05/2026,22/05/2026,26/05/2026,,C0014826,ΠΕ119756-98088,0851, ,FALSE,FALSE,FALSE,FALSE,TRUE,2,FALSE,0,TRUE,0,TRUE,4,FALSE,TRUE,FALSE,TRUE
400004831243,20/05/2026,21/05/2026,21/05/2026,,C0014826,ΠΕ119756-98088,0304, ,TRUE,FALSE,FALSE,FALSE,TRUE,1,FALSE,0,TRUE,0,TRUE,1,FALSE,TRUE,FALSE,TRUE
400004831242,20/05/2026,21/05/2026,21/05/2026,,C0014826,ΠΕ119756-98088,0714, ,TRUE,FALSE,FALSE,FALSE,TRUE,1,FALSE,0,TRUE,0,TRUE,1,FALSE,TRUE,FALSE,TRUE
400004831241,20/05/2026,23/05/2026,23/05/2026,,C0014826,ΠΕ119756-98088,0215, ,TRUE,FALSE,FALSE,FALSE,TRUE,3,FALSE,0,TRUE,0,TRUE,3,FALSE,FALSE,FALSE,TRUE
400004831240,20/05/2026,21/05/2026,21/05/2026,,C0014826,ΠΕ119756-98088,0621, ,TRUE,FALSE,FALSE,FALSE,TRUE,1,FALSE,0,TRUE,0,TRUE,1,FALSE,TRUE,FALSE,TRUE
400004831239,20/05/2026,21/05/2026,21/05/2026,,C0014826,ΠΕ119756-98088,0151, ,TRUE,FALSE,FALSE,FALSE,TRUE,1,FALSE,0,TRUE,0,TRUE,1,FALSE,TRUE,FALSE,TRUE
400004831238,20/05/2026,21/05/2026,23/05/2026,,C0014826,ΠΕ119756-98088,0329, ,TRUE,FALSE,TRUE,FALSE,TRUE,1,FALSE,0,TRUE,0,TRUE,3,FALSE,TRUE,FALSE,TRUE
400004831237,20/05/2026,23/05/2026,23/05/2026,,C0014826,ΠΕ119756-98088,0911, ,FALSE,FALSE,FALSE,FALSE,TRUE,3,FALSE,0,TRUE,0,TRUE,3,FALSE,TRUE,FALSE,TRUE
400004831236,20/05/2026,22/05/2026,23/05/2026,,C0014826,ΠΕ119756-98088,0622, ,TRUE,TRUE,FALSE,FALSE,TRUE,2,FALSE,0,TRUE,0,TRUE,3,FALSE,TRUE,FALSE,TRUE
400004831235,20/05/2026,21/05/2026,21/05/2026,,C0014826,ΠΕ119756-98088,0329, ,TRUE,FALSE,TRUE,FALSE,TRUE,1,FALSE,0,TRUE,0,TRUE,1,FALSE,TRUE,FALSE,TRUE
400004831234,20/05/2026,22/05/2026,22/05/2026,,C0014826,ΠΕ119756-98088,0851, ,FALSE,FALSE,FALSE,FALSE,TRUE,2,FALSE,0,TRUE,0,TRUE,2,FALSE,TRUE,FALSE,TRUE
400004831233,20/05/2026,21/05/2026,22/05/2026,,C0014826,ΠΕ119756-98088,0211, ,TRUE,FALSE,FALSE,FALSE,TRUE,1,FALSE,0,TRUE,0,TRUE,2,FALSE,TRUE,FALSE,TRUE
400004831232,20/05/2026,21/05/2026,21/05/2026,,C0014826,ΠΕ119756-98088,0860, ,FALSE,FALSE,FALSE,FALSE,TRUE,1,FALSE,0,TRUE,0,TRUE,1,FALSE,TRUE,FALSE,TRUE
400004831231,20/05/2026,25/05/2026,25/05/2026,,C0014826,ΠΕ119756-98088,0905, ,FALSE,FALSE,FALSE,FALSE,TRUE,3,FALSE,0,TRUE,0,TRUE,3,FALSE,TRUE,FALSE,TRUE
400004831230,20/05/2026,21/05/2026,21/05/2026,,C0014826,ΠΕ119756-98088,0204, ,TRUE,FALSE,FALSE,FALSE,TRUE,1,FALSE,0,TRUE,0,TRUE,1,FALSE,TRUE,FALSE,TRUE
400004831229,20/05/2026,25/05/2026,25/05/2026,,C0014826,ΠΕ119756-98088,0914, ,FALSE,TRUE,FALSE,FALSE,TRUE,3,FALSE,0,TRUE,0,TRUE,3,FALSE,TRUE,FALSE,TRUE
400004831228,20/05/2026,25/05/2026,25/05/2026,,C0014826,ΠΕ119756-98088,0913, ,FALSE,FALSE,FALSE,FALSE,TRUE,3,FALSE,0,TRUE,0,TRUE,3,FALSE,TRUE,FALSE,TRUE
400004831227,20/05/2026,21/05/2026,21/05/2026,,C0014826,ΠΕ119756-98088,0304, ,TRUE,FALSE,TRUE,FALSE,TRUE,1,FALSE,0,TRUE,0,TRUE,1,FALSE,TRUE,FALSE,TRUE
400004831226,20/05/2026,21/05/2026,21/05/2026,,C0014826,ΠΕ119756-98088,0712, ,TRUE,FALSE,FALSE,FALSE,TRUE,1,FALSE,0,TRUE,0,TRUE,1,FALSE,TRUE,FALSE,TRUE
400004831225,20/05/2026,25/05/2026,25/05/2026,,C0014826,ΠΕ119756-98088,0131, ,TRUE,FALSE,TRUE,FALSE,TRUE,3,FALSE,0,TRUE,0,TRUE,3,FALSE,TRUE,FALSE,TRUE
400004831224,20/05/2026,29/05/2026,29/05/2026,,C0014826,ΠΕ119756-98088,0215, ,TRUE,FALSE,FALSE,FALSE,TRUE,7,FALSE,0,TRUE,0,TRUE,7,FALSE,FALSE,FALSE,TRUE
400004831223,20/05/2026,21/05/2026,21/05/2026,,C0014826,ΠΕ119756-98088,0146, ,TRUE,FALSE,FALSE,FALSE,TRUE,1,FALSE,0,TRUE,0,TRUE,1,FALSE,TRUE,FALSE,TRUE
400004831222,20/05/2026,04/06/2026,,,C0014826,ΠΕ119756-98088,0851, ,FALSE,FALSE,FALSE,FALSE,TRUE,10,FALSE,0,TRUE,0,FALSE,0,FALSE,FALSE,FALSE,TRUE
400004831221,20/05/2026,21/05/2026,25/05/2026,,C0014826,ΠΕ119756-98088,0701, ,TRUE,FALSE,FALSE,FALSE,TRUE,1,FALSE,0,TRUE,0,TRUE,3,FALSE,TRUE,FALSE,TRUE
400004831219,20/05/2026,21/05/2026,21/05/2026,,C0014826,ΠΕ119756-98088,0861, ,FALSE,FALSE,FALSE,FALSE,TRUE,1,FALSE,0,TRUE,0,TRUE,1,FALSE,TRUE,FALSE,TRUE
400004831218,20/05/2026,28/05/2026,28/05/2026,,C0014826,ΠΕ119756-98088,0907, ,FALSE,FALSE,FALSE,FALSE,TRUE,6,FALSE,0,TRUE,0,TRUE,6,FALSE,FALSE,FALSE,TRUE
400004831217,20/05/2026,21/05/2026,21/05/2026,,C0014826,ΠΕ119756-98088,0307, ,TRUE,FALSE,FALSE,FALSE,TRUE,1,FALSE,0,TRUE,0,TRUE,1,FALSE,TRUE,FALSE,TRUE
400004831216,20/05/2026,23/05/2026,23/05/2026,,C0014826,ΠΕ119756-98088,0903, ,FALSE,FALSE,FALSE,FALSE,TRUE,3,FALSE,0,TRUE,0,TRUE,3,FALSE,TRUE,FALSE,TRUE
400004831215,20/05/2026,21/05/2026,21/05/2026,,C0014826,ΠΕ119756-98088,0211, ,TRUE,FALSE,FALSE,FALSE,TRUE,1,FALSE,0,TRUE,0,TRUE,1,FALSE,TRUE,FALSE,TRUE
400004831214,20/05/2026,21/05/2026,21/05/2026,,C0014826,ΠΕ119756-98088,0714, ,TRUE,FALSE,FALSE,FALSE,TRUE,1,FALSE,0,TRUE,0,TRUE,1,FALSE,TRUE,FALSE,TRUE
400004831213,20/05/2026,25/05/2026,25/05/2026,,C0014826,ΠΕ119756-98088,0903, ,FALSE,FALSE,FALSE,FALSE,TRUE,3,FALSE,0,TRUE,0,TRUE,3,FALSE,TRUE,FALSE,TRUE
400004831212,20/05/2026,21/05/2026,21/05/2026,,C0014826,ΠΕ119756-98088,0636, ,TRUE,TRUE,FALSE,FALSE,TRUE,1,FALSE,0,TRUE,0,TRUE,1,FALSE,TRUE,FALSE,TRUE
400004831211,20/05/2026,21/05/2026,21/05/2026,,C0014826,ΠΕ119756-98088,0622, ,TRUE,FALSE,FALSE,FALSE,TRUE,1,FALSE,0,TRUE,0,TRUE,1,FALSE,TRUE,FALSE,TRUE
400004831210,20/05/2026,21/05/2026,21/05/2026,,C0014826,ΠΕ119756-98088,0131, ,TRUE,TRUE,FALSE,FALSE,TRUE,1,FALSE,0,TRUE,0,TRUE,1,FALSE,TRUE,FALSE,TRUE
400004831209,20/05/2026,27/05/2026,,,C0014826,ΠΕ119756-98088,0907, ,FALSE,TRUE,FALSE,FALSE,TRUE,5,FALSE,0,TRUE,0,FALSE,0,FALSE,FALSE,FALSE,TRUE
400004831208,20/05/2026,28/05/2026,28/05/2026,,C0014826,ΠΕ119756-98088,0851, ,FALSE,FALSE,FALSE,FALSE,TRUE,6,FALSE,0,TRUE,0,TRUE,6,FALSE,FALSE,FALSE,TRUE
400004831207,20/05/2026,23/05/2026,23/05/2026,,C0014826,ΠΕ119756-98088,0332, ,FALSE,FALSE,FALSE,FALSE,TRUE,3,FALSE,0,TRUE,0,TRUE,3,FALSE,TRUE,FALSE,TRUE
400004831206,20/05/2026,25/05/2026,25/05/2026,,C0014826,ΠΕ119756-98088,0332, ,FALSE,TRUE,FALSE,FALSE,TRUE,3,FALSE,0,TRUE,0,TRUE,3,FALSE,TRUE,FALSE,TRUE
400004831205,20/05/2026,21/05/2026,21/05/2026,,C0014826,ΠΕ119756-98088,0204, ,TRUE,FALSE,FALSE,FALSE,TRUE,1,FALSE,0,TRUE,0,TRUE,1,FALSE,TRUE,FALSE,TRUE
400004831204,20/05/2026,25/05/2026,04/06/2026,,C0014826,ΠΕ119756-98088,0333, ,FALSE,FALSE,TRUE,FALSE,TRUE,3,FALSE,0,TRUE,0,TRUE,10,FALSE,TRUE,FALSE,TRUE
400004831203,20/05/2026,21/05/2026,21/05/2026,,C0014826,ΠΕ119756-98088,0714, ,TRUE,FALSE,FALSE,FALSE,TRUE,1,FALSE,0,TRUE,0,TRUE,1,FALSE,TRUE,FALSE,TRUE
400004831202,20/05/2026,21/05/2026,21/05/2026,,C0014826,ΠΕ119756-98088,0325, ,TRUE,FALSE,FALSE,FALSE,TRUE,1,FALSE,0,TRUE,0,TRUE,1,FALSE,TRUE,FALSE,TRUE
400004831201,20/05/2026,23/05/2026,,05/06/2026,C0014826,ΠΕ119756-98088,0713, ,TRUE,FALSE,FALSE,FALSE,TRUE,3,TRUE,11,TRUE,0,FALSE,0,FALSE,FALSE,FALSE,TRUE
400004831200,20/05/2026,,,,C0014826,ΠΕ119756-98088,0304, ,TRUE,TRUE,FALSE,FALSE,FALSE,5,FALSE,0,TRUE,0,FALSE,0,FALSE,FALSE,FALSE,TRUE
400004831199,20/05/2026,23/05/2026,23/05/2026,,C0014826,ΠΕ119756-98088,0854, ,FALSE,FALSE,FALSE,FALSE,TRUE,3,FALSE,0,TRUE,0,TRUE,3,FALSE,TRUE,FALSE,TRUE
400004831198,20/05/2026,21/05/2026,21/05/2026,,C0014826,ΠΕ119756-98088,0213, ,TRUE,FALSE,FALSE,FALSE,TRUE,1,FALSE,0,TRUE,0,TRUE,1,FALSE,TRUE,FALSE,TRUE
400004831194,20/05/2026,23/05/2026,25/05/2026,,C0014826,ΠΕ119756-98088,0903, ,FALSE,FALSE,TRUE,FALSE,TRUE,3,FALSE,0,TRUE,0,TRUE,3,FALSE,TRUE,FALSE,TRUE
400004831192,20/05/2026,26/05/2026,30/05/2026,,C0014826,ΠΕ119756-98088,0909, ,FALSE,TRUE,FALSE,FALSE,TRUE,4,FALSE,0,TRUE,0,TRUE,8,FALSE,TRUE,FALSE,TRUE
400004831189,20/05/2026,20/05/2026,20/05/2026,,C0014826,ΠΕ119756-98088,0133, ,TRUE,FALSE,TRUE,FALSE,TRUE,0,FALSE,0,TRUE,0,TRUE,0,FALSE,TRUE,FALSE,TRUE
400004831178,20/05/2026,20/05/2026,20/05/2026,,C0014826,ΠΕ119756-98088,0131, ,TRUE,TRUE,FALSE,FALSE,TRUE,0,FALSE,0,TRUE,0,TRUE,0,FALSE,TRUE,FALSE,TRUE
400004831177,20/05/2026,22/05/2026,22/05/2026,,C0014826,ΠΕ119756-98088,0851, ,FALSE,FALSE,FALSE,FALSE,TRUE,2,FALSE,0,TRUE,0,TRUE,2,FALSE,TRUE,FALSE,TRUE
400004831176,20/05/2026,29/05/2026,29/05/2026,,C0014826,ΠΕ119756-98088,0907, ,FALSE,TRUE,FALSE,FALSE,TRUE,7,FALSE,0,TRUE,0,TRUE,7,FALSE,FALSE,FALSE,TRUE
400004831173,20/05/2026,25/05/2026,25/05/2026,,C0014826,ΠΕ119756-98088,0905, ,FALSE,FALSE,FALSE,FALSE,TRUE,3,FALSE,0,TRUE,0,TRUE,3,FALSE,TRUE,FALSE,TRUE
400004831172,20/05/2026,25/05/2026,27/05/2026,,C0014826,ΠΕ119756-98088,0851, ,FALSE,FALSE,FALSE,FALSE,TRUE,3,FALSE,0,TRUE,0,TRUE,5,FALSE,TRUE,FALSE,TRUE
400004831171,20/05/2026,30/05/2026,30/05/2026,,C0014826,ΠΕ119756-98088,0907, ,FALSE,FALSE,TRUE,FALSE,TRUE,8,FALSE,0,TRUE,0,TRUE,8,FALSE,FALSE,FALSE,TRUE
400004831169,20/05/2026,28/05/2026,28/05/2026,,C0014826,ΠΕ119756-98088,0133, ,TRUE,TRUE,FALSE,FALSE,TRUE,6,FALSE,0,TRUE,0,TRUE,6,FALSE,FALSE,FALSE,TRUE
400004831167,20/05/2026,20/05/2026,20/05/2026,,C0014826,ΠΕ119756-98088,0133, ,TRUE,FALSE,FALSE,FALSE,TRUE,0,FALSE,0,TRUE,0,TRUE,0,FALSE,TRUE,FALSE,TRUE
400004831166,20/05/2026,21/05/2026,21/05/2026,,C0014826,ΠΕ119756-98088,0905, ,FALSE,FALSE,FALSE,FALSE,TRUE,1,FALSE,0,TRUE,0,TRUE,1,FALSE,TRUE,FALSE,TRUE
400004831157,20/05/2026,01/06/2026,01/06/2026,,C0014826,ΠΕ119756-98088,0901, ,FALSE,FALSE,FALSE,FALSE,TRUE,8,FALSE,0,TRUE,0,TRUE,8,FALSE,FALSE,FALSE,TRUE
400004831156,20/05/2026,23/05/2026,26/05/2026,,C0014826,ΠΕ119756-98088,0903, ,FALSE,FALSE,FALSE,FALSE,TRUE,3,FALSE,0,TRUE,0,TRUE,4,FALSE,TRUE,FALSE,TRUE
400004831148,20/05/2026,,,,C0014826,ΠΕ119756-98088,0905, ,FALSE,FALSE,TRUE,TRUE,FALSE,5,FALSE,0,TRUE,0,FALSE,0,FALSE,FALSE,FALSE,TRUE
400004831147,20/05/2026,21/05/2026,21/05/2026,,C0014826,ΠΕ119756-98088,0131, ,TRUE,FALSE,TRUE,FALSE,TRUE,1,FALSE,0,TRUE,0,TRUE,1,FALSE,TRUE,FALSE,TRUE
400004831130,20/05/2026,20/05/2026,20/05/2026,,C0014826,ΠΕ119756-98088,0131, ,TRUE,TRUE,FALSE,FALSE,TRUE,0,FALSE,0,TRUE,0,TRUE,0,FALSE,TRUE,FALSE,TRUE
400004831129,20/05/2026,26/05/2026,26/05/2026,,C0014826,ΠΕ119756-98088,0907, ,FALSE,FALSE,FALSE,FALSE,TRUE,4,FALSE,0,TRUE,0,TRUE,4,FALSE,FALSE,FALSE,TRUE
400004831124,20/05/2026,26/05/2026,27/05/2026,,C0014826,ΠΕ119756-98088,0907, ,FALSE,TRUE,FALSE,FALSE,TRUE,4,FALSE,0,TRUE,0,TRUE,5,FALSE,TRUE,FALSE,TRUE
400004831116,20/05/2026,26/05/2026,29/05/2026,,C0014826,ΠΕ119756-98088,0907, ,FALSE,TRUE,FALSE,FALSE,TRUE,4,FALSE,0,TRUE,0,TRUE,7,FALSE,TRUE,FALSE,TRUE
400004831105,20/05/2026,23/05/2026,23/05/2026,,C0014826,ΠΕ119756-98088,0903, ,FALSE,FALSE,FALSE,FALSE,TRUE,3,FALSE,0,TRUE,0,TRUE,3,FALSE,TRUE,FALSE,TRUE
400004831104,20/05/2026,28/05/2026,,,C0014826,ΠΕ119756-98088,0901, ,FALSE,FALSE,FALSE,FALSE,TRUE,6,FALSE,0,TRUE,0,FALSE,0,FALSE,FALSE,FALSE,TRUE
400004831100,20/05/2026,23/05/2026,,,C0014826,ΠΕ119756-98088,0903, ,FALSE,FALSE,TRUE,FALSE,TRUE,3,FALSE,0,TRUE,0,FALSE,0,FALSE,TRUE,FALSE,TRUE
400004831094,20/05/2026,23/05/2026,23/05/2026,,C0014826,ΠΕ119756-98088,0914, ,FALSE,FALSE,FALSE,FALSE,TRUE,3,FALSE,0,TRUE,0,TRUE,3,FALSE,TRUE,FALSE,TRUE
400004831078,20/05/2026,29/05/2026,29/05/2026,,C0014826,ΠΕ119756-98088,0901, ,FALSE,FALSE,FALSE,FALSE,TRUE,7,FALSE,0,TRUE,0,TRUE,7,FALSE,FALSE,FALSE,TRUE
400004831073,20/05/2026,21/05/2026,21/05/2026,,C0014826,ΠΕ119756-98088,0141, ,TRUE,FALSE,FALSE,FALSE,TRUE,1,FALSE,0,TRUE,0,TRUE,1,FALSE,TRUE,FALSE,TRUE
400004831068,20/05/2026,27/05/2026,27/05/2026,,C0014826,ΠΕ119756-98088,0907, ,FALSE,TRUE,FALSE,FALSE,TRUE,5,FALSE,0,TRUE,0,TRUE,5,FALSE,FALSE,FALSE,TRUE
400004831066,20/05/2026,28/05/2026,28/05/2026,,C0014826,ΠΕ119756-98088,0901, ,FALSE,FALSE,FALSE,FALSE,TRUE,6,FALSE,0,TRUE,0,TRUE,6,FALSE,FALSE,FALSE,TRUE
160000404109,20/05/2026,01/06/2026,03/06/2026,,C0014826,ΠΕ119756-98088,0901, ,FALSE,FALSE,FALSE,FALSE,TRUE,8,FALSE,0,TRUE,0,TRUE,9,FALSE,FALSE,FALSE,TRUE
160000404108,20/05/2026,22/05/2026,23/05/2026,,C0014826,ΠΕ119756-98088,0516, ,FALSE,TRUE,FALSE,FALSE,TRUE,2,FALSE,0,TRUE,0,TRUE,3,FALSE,TRUE,FALSE,TRUE
160000404107,20/05/2026,21/05/2026,22/05/2026,,C0014826,ΠΕ119756-98088,0211, ,TRUE,FALSE,FALSE,FALSE,TRUE,1,FALSE,0,TRUE,0,TRUE,2,FALSE,TRUE,FALSE,TRUE
160000404106,20/05/2026,25/05/2026,26/05/2026,,C0014826,ΠΕ119756-98088,0215, ,TRUE,FALSE,FALSE,FALSE,TRUE,3,FALSE,0,TRUE,0,TRUE,4,FALSE,FALSE,FALSE,TRUE
160000404105,20/05/2026,25/05/2026,26/05/2026,,C0014826,ΠΕ119756-98088,0215, ,TRUE,FALSE,FALSE,FALSE,TRUE,3,FALSE,0,TRUE,0,TRUE,4,FALSE,FALSE,FALSE,TRUE
160000404104,20/05/2026,21/05/2026,21/05/2026,,C0014826,ΠΕ119756-98088,0641, ,TRUE,FALSE,TRUE,FALSE,TRUE,1,FALSE,0,TRUE,0,TRUE,1,FALSE,TRUE,FALSE,TRUE
160000404103,20/05/2026,21/05/2026,21/05/2026,,C0014826,ΠΕ119756-98088,0211, ,TRUE,FALSE,FALSE,FALSE,TRUE,1,FALSE,0,TRUE,0,TRUE,1,FALSE,TRUE,FALSE,TRUE
160000404102,20/05/2026,21/05/2026,21/05/2026,,C0014826,ΠΕ119756-98088,0861, ,FALSE,FALSE,FALSE,FALSE,TRUE,1,FALSE,0,TRUE,0,TRUE,1,FALSE,TRUE,FALSE,TRUE
160000404101,20/05/2026,28/05/2026,28/05/2026,,C0014826,ΠΕ119756-98088,0851, ,FALSE,FALSE,FALSE,FALSE,TRUE,6,FALSE,0,TRUE,0,TRUE,6,FALSE,FALSE,FALSE,TRUE
160000404100,20/05/2026,25/05/2026,04/06/2026,,C0014826,ΠΕ119756-98088,0333, ,FALSE,FALSE,TRUE,FALSE,TRUE,3,FALSE,0,TRUE,0,TRUE,10,FALSE,TRUE,FALSE,TRUE
160000404099,20/05/2026,21/05/2026,25/05/2026,,C0014826,ΠΕ119756-98088,0701, ,TRUE,FALSE,FALSE,FALSE,TRUE,1,FALSE,0,TRUE,0,TRUE,3,FALSE,TRUE,FALSE,TRUE
160000404098,20/05/2026,21/05/2026,21/05/2026,,C0014826,ΠΕ119756-98088,0146, ,TRUE,FALSE,FALSE,FALSE,TRUE,1,FALSE,0,TRUE,0,TRUE,1,FALSE,TRUE,FALSE,TRUE
160000404093,20/05/2026,21/05/2026,21/05/2026,,C0014826,ΠΕ119756-98088,0131, ,TRUE,TRUE,FALSE,FALSE,TRUE,1,FALSE,0,TRUE,0,TRUE,1,FALSE,TRUE,FALSE,TRUE
160000404092,20/05/2026,21/05/2026,21/05/2026,,C0014826,ΠΕ119756-98088,0714, ,TRUE,FALSE,FALSE,FALSE,TRUE,1,FALSE,0,TRUE,0,TRUE,1,FALSE,TRUE,FALSE,TRUE
160000404091,20/05/2026,27/05/2026,,,C0014826,ΠΕ119756-98088,0907, ,FALSE,TRUE,FALSE,FALSE,TRUE,5,FALSE,0,TRUE,0,FALSE,0,FALSE,FALSE,FALSE,TRUE
160000404090,20/05/2026,25/05/2026,25/05/2026,,C0014826,ΠΕ119756-98088,0332, ,FALSE,TRUE,FALSE,FALSE,TRUE,3,FALSE,0,TRUE,0,TRUE,3,FALSE,TRUE,FALSE,TRUE
160000404089,20/05/2026,25/05/2026,25/05/2026,,C0014826,ΠΕ119756-98088,0332, ,FALSE,TRUE,FALSE,FALSE,TRUE,3,FALSE,0,TRUE,0,TRUE,3,FALSE,TRUE,FALSE,TRUE
160000404078,20/05/2026,29/05/2026,29/05/2026,,C0014826,ΠΕ119756-98088,0907, ,FALSE,TRUE,FALSE,FALSE,TRUE,7,FALSE,0,TRUE,0,TRUE,7,FALSE,FALSE,FALSE,TRUE
160000404065,20/05/2026,20/05/2026,20/05/2026,,C0014826,ΠΕ119756-98088,0131, ,TRUE,TRUE,FALSE,FALSE,TRUE,0,FALSE,0,TRUE,0,TRUE,0,FALSE,TRUE,FALSE,TRUE
160000404064,20/05/2026,29/05/2026,29/05/2026,,C0014826,ΠΕ119756-98088,0907, ,FALSE,TRUE,FALSE,FALSE,TRUE,7,FALSE,0,TRUE,0,TRUE,7,FALSE,FALSE,FALSE,TRUE
160000404052,20/05/2026,21/05/2026,21/05/2026,,C0014826,ΠΕ119756-98088,0141, ,TRUE,FALSE,FALSE,FALSE,TRUE,1,FALSE,0,TRUE,0,TRUE,1,FALSE,TRUE,FALSE,TRUE
160000404051,20/05/2026,28/05/2026,,,C0014826,ΠΕ119756-98088,0901, ,FALSE,FALSE,FALSE,FALSE,TRUE,6,FALSE,0,TRUE,0,FALSE,0,FALSE,FALSE,FALSE,TRUE
160000404045,20/05/2026,29/05/2026,29/05/2026,,C0014826,ΠΕ119756-98088,0901, ,FALSE,FALSE,FALSE,FALSE,TRUE,7,FALSE,0,TRUE,0,TRUE,7,FALSE,FALSE,FALSE,TRUE
160000404042,20/05/2026,28/05/2026,28/05/2026,,C0014826,ΠΕ119756-98088,0901, ,FALSE,FALSE,FALSE,FALSE,TRUE,6,FALSE,0,TRUE,0,TRUE,6,FALSE,FALSE,FALSE,TRUE
050086889578,19/05/2026,25/05/2026,25/05/2026,,C0014826,ΠΕ119756-98088,0948, ,TRUE,FALSE,FALSE,FALSE,TRUE,4,FALSE,0,FALSE,0,TRUE,4,FALSE,FALSE,FALSE,FALSE
700047030555,19/05/2026,25/05/2026,25/05/2026,,C0014826,ΠΕ119756-98088,0948, ,TRUE,FALSE,FALSE,FALSE,TRUE,4,FALSE,0,FALSE,0,TRUE,4,FALSE,FALSE,FALSE,FALSE
700047021489,19/05/2026,20/05/2026,20/05/2026,,C0014826,ΠΕ119756-98088,0948, ,TRUE,FALSE,FALSE,FALSE,TRUE,1,FALSE,0,TRUE,1,TRUE,1,FALSE,TRUE,FALSE,TRUE
160000404035,19/05/2026,22/05/2026,22/05/2026,,C0014826,ΠΕ119756-98088,0853, ,FALSE,TRUE,FALSE,FALSE,TRUE,3,FALSE,0,FALSE,0,TRUE,3,FALSE,TRUE,FALSE,FALSE
700047022985,19/05/2026,20/05/2026,20/05/2026,,C0014826,ΠΕ119756-98088,0948, ,TRUE,FALSE,FALSE,FALSE,TRUE,1,FALSE,0,TRUE,0,TRUE,1,FALSE,TRUE,FALSE,TRUE
700047041895,19/05/2026,21/05/2026,21/05/2026,,C0014826,ΠΕ119756-102229,0948, ,TRUE,FALSE,FALSE,FALSE,TRUE,2,FALSE,0,TRUE,1,TRUE,2,FALSE,TRUE,FALSE,TRUE
700047032834,19/05/2026,20/05/2026,20/05/2026,,C0014826,ΠΕ119756-98088,0948, ,TRUE,FALSE,FALSE,FALSE,TRUE,1,FALSE,0,TRUE,0,TRUE,1,FALSE,TRUE,FALSE,TRUE
050092650784,19/05/2026,26/05/2026,26/05/2026,,C0014826,ΠΕ119756-98088,0948, ,TRUE,FALSE,FALSE,FALSE,TRUE,5,FALSE,0,TRUE,3,TRUE,5,FALSE,FALSE,FALSE,FALSE
700047043279,19/05/2026,21/05/2026,21/05/2026,,C0014826,ΠΕ119756-98088,0948, ,TRUE,FALSE,FALSE,FALSE,TRUE,2,FALSE,0,TRUE,1,TRUE,2,FALSE,TRUE,FALSE,TRUE
700047024251,19/05/2026,20/05/2026,20/05/2026,,C0014826,ΠΕ119756-98088,0948, ,TRUE,FALSE,FALSE,FALSE,TRUE,1,FALSE,0,TRUE,0,TRUE,1,FALSE,TRUE,FALSE,TRUE
400004831033,19/05/2026,20/05/2026,20/05/2026,,C0014826,ΠΕ119756-98088,0211, ,TRUE,FALSE,FALSE,FALSE,TRUE,1,FALSE,0,TRUE,0,TRUE,1,FALSE,TRUE,FALSE,TRUE
700047029387,19/05/2026,20/05/2026,20/05/2026,,C0014826,ΠΕ119756-98088,0948, ,TRUE,FALSE,FALSE,FALSE,TRUE,1,FALSE,0,TRUE,0,TRUE,1,FALSE,TRUE,FALSE,TRUE
052009692097,19/05/2026,20/05/2026,20/05/2026,,C0014826,ΠΕ119756-98088,0948, ,TRUE,FALSE,FALSE,FALSE,TRUE,1,FALSE,0,TRUE,0,TRUE,1,FALSE,TRUE,FALSE,TRUE
400004831042,19/05/2026,22/05/2026,22/05/2026,,C0014826,ΠΕ119756-98088,0906, ,FALSE,FALSE,FALSE,FALSE,TRUE,3,FALSE,0,TRUE,0,TRUE,3,FALSE,TRUE,FALSE,TRUE
160000404039,19/05/2026,25/05/2026,25/05/2026,,C0014826,ΠΕ119756-98088,0917, ,FALSE,FALSE,TRUE,FALSE,TRUE,4,FALSE,0,TRUE,0,TRUE,4,FALSE,TRUE,FALSE,TRUE
400004831197,19/05/2026,22/05/2026,22/05/2026,,C0014826,ΠΕ119756-98088,0621, ,TRUE,FALSE,TRUE,FALSE,TRUE,3,FALSE,0,TRUE,0,TRUE,3,FALSE,TRUE,FALSE,TRUE
400004831196,19/05/2026,27/05/2026,27/05/2026,,C0014826,ΠΕ119756-98088,0215, ,TRUE,FALSE,FALSE,FALSE,TRUE,6,FALSE,0,TRUE,0,TRUE,6,FALSE,FALSE,FALSE,TRUE
400004831195,19/05/2026,20/05/2026,20/05/2026,,C0014826,ΠΕ119756-98088,0612, ,TRUE,FALSE,FALSE,FALSE,TRUE,1,FALSE,0,TRUE,0,TRUE,1,FALSE,TRUE,FALSE,TRUE
400004831193,19/05/2026,20/05/2026,20/05/2026,,C0014826,ΠΕ119756-98088,0636, ,TRUE,FALSE,FALSE,FALSE,TRUE,1,FALSE,0,TRUE,0,TRUE,1,FALSE,TRUE,FALSE,TRUE
400004831191,19/05/2026,22/05/2026,22/05/2026,,C0014826,ΠΕ119756-98088,0215, ,TRUE,FALSE,FALSE,FALSE,TRUE,3,FALSE,0,TRUE,0,TRUE,3,FALSE,FALSE,FALSE,TRUE
400004831190,19/05/2026,20/05/2026,20/05/2026,,C0014826,ΠΕ119756-98088,0615, ,TRUE,TRUE,FALSE,FALSE,TRUE,1,FALSE,0,TRUE,0,TRUE,1,FALSE,TRUE,FALSE,TRUE
400004831188,19/05/2026,20/05/2026,20/05/2026,,C0014826,ΠΕ119756-98088,0632, ,TRUE,FALSE,FALSE,FALSE,TRUE,1,FALSE,0,TRUE,0,TRUE,1,FALSE,TRUE,FALSE,TRUE
400004831187,19/05/2026,21/05/2026,21/05/2026,,C0014826,ΠΕ119756-98088,0855, ,FALSE,FALSE,FALSE,FALSE,TRUE,2,FALSE,0,TRUE,0,TRUE,2,FALSE,TRUE,FALSE,TRUE
400004831186,19/05/2026,22/05/2026,,,C0014826,ΠΕ119756-98088,0857, ,FALSE,FALSE,FALSE,FALSE,TRUE,3,FALSE,0,TRUE,0,FALSE,0,FALSE,TRUE,FALSE,TRUE
400004831185,19/05/2026,20/05/2026,20/05/2026,,C0014826,ΠΕ119756-98088,0214, ,TRUE,FALSE,FALSE,FALSE,TRUE,1,FALSE,0,TRUE,0,TRUE,1,FALSE,TRUE,FALSE,TRUE
400004831184,19/05/2026,20/05/2026,,29/05/2026,C0014826,ΠΕ119756-98088,0635, ,TRUE,TRUE,FALSE,FALSE,TRUE,1,TRUE,8,TRUE,0,FALSE,0,FALSE,TRUE,FALSE,TRUE
400004831183,19/05/2026,20/05/2026,20/05/2026,,C0014826,ΠΕ119756-98088,0304, ,TRUE,FALSE,FALSE,FALSE,TRUE,1,FALSE,0,TRUE,0,TRUE,1,FALSE,TRUE,FALSE,TRUE
400004831182,19/05/2026,21/05/2026,21/05/2026,,C0014826,ΠΕ119756-98088,0855, ,FALSE,FALSE,FALSE,FALSE,TRUE,2,FALSE,0,TRUE,0,TRUE,2,FALSE,TRUE,FALSE,TRUE
400004831181,19/05/2026,20/05/2026,,01/06/2026,C0014826,ΠΕ119756-98088,0325, ,TRUE,FALSE,FALSE,FALSE,TRUE,1,TRUE,9,TRUE,0,FALSE,0,FALSE,TRUE,FALSE,TRUE
400004831180,19/05/2026,20/05/2026,20/05/2026,,C0014826,ΠΕ119756-98088,0636, ,TRUE,FALSE,FALSE,FALSE,TRUE,1,FALSE,0,TRUE,0,TRUE,1,FALSE,TRUE,FALSE,TRUE
400004831179,19/05/2026,21/05/2026,26/05/2026,,C0014826,ΠΕ119756-98088,0863, ,FALSE,FALSE,FALSE,FALSE,TRUE,2,FALSE,0,TRUE,0,TRUE,5,FALSE,TRUE,FALSE,TRUE
400004831175,19/05/2026,20/05/2026,20/05/2026,,C0014826,ΠΕ119756-98088,0635, ,TRUE,TRUE,FALSE,FALSE,TRUE,1,FALSE,0,TRUE,0,TRUE,1,FALSE,TRUE,FALSE,TRUE
400004831174,19/05/2026,20/05/2026,25/05/2026,,C0014826,ΠΕ119756-98088,0307, ,TRUE,FALSE,FALSE,FALSE,TRUE,1,FALSE,0,TRUE,0,TRUE,4,FALSE,TRUE,FALSE,TRUE
400004831170,19/05/2026,26/05/2026,26/05/2026,,C0014826,ΠΕ119756-98088,0641, ,TRUE,FALSE,TRUE,FALSE,TRUE,5,FALSE,0,TRUE,0,TRUE,5,FALSE,TRUE,FALSE,TRUE
400004831168,19/05/2026,,,,C0014826,ΠΕ119756-98088,0222, ,FALSE,TRUE,FALSE,FALSE,FALSE,6,FALSE,0,TRUE,0,FALSE,0,FALSE,FALSE,FALSE,TRUE
400004831165,19/05/2026,28/05/2026,28/05/2026,,C0014826,ΠΕ119756-98088,0641, ,TRUE,FALSE,TRUE,FALSE,TRUE,7,FALSE,0,TRUE,0,TRUE,7,FALSE,FALSE,FALSE,TRUE
400004831162,19/05/2026,03/06/2026,03/06/2026,,C0014826,ΠΕ119756-98088,0901, ,FALSE,FALSE,FALSE,FALSE,TRUE,10,FALSE,0,TRUE,0,TRUE,10,FALSE,FALSE,FALSE,TRUE
400004831161,19/05/2026,,,,C0014826,ΠΕ119756-98088,0222, ,FALSE,TRUE,FALSE,FALSE,FALSE,6,FALSE,0,TRUE,0,FALSE,0,FALSE,FALSE,FALSE,TRUE
400004831160,19/05/2026,20/05/2026,20/05/2026,,C0014826,ΠΕ119756-98088,0612, ,TRUE,FALSE,FALSE,FALSE,TRUE,1,FALSE,0,TRUE,0,TRUE,1,FALSE,TRUE,FALSE,TRUE
400004831159,19/05/2026,22/05/2026,22/05/2026,,C0014826,ΠΕ119756-98088,0857, ,FALSE,FALSE,FALSE,FALSE,TRUE,3,FALSE,0,TRUE,0,TRUE,3,FALSE,TRUE,FALSE,TRUE
400004831158,19/05/2026,20/05/2026,21/05/2026,,C0014826,ΠΕ119756-98088,0612, ,TRUE,FALSE,FALSE,FALSE,TRUE,1,FALSE,0,TRUE,0,TRUE,2,FALSE,TRUE,FALSE,TRUE
400004831155,19/05/2026,21/05/2026,21/05/2026,,C0014826,ΠΕ119756-98088,0628,SKG,TRUE,FALSE,TRUE,FALSE,TRUE,2,FALSE,0,TRUE,0,TRUE,2,FALSE,TRUE,FALSE,TRUE
400004831154,19/05/2026,20/05/2026,21/05/2026,,C0014826,ΠΕ119756-98088,0611, ,TRUE,FALSE,FALSE,FALSE,TRUE,1,FALSE,0,TRUE,0,TRUE,2,FALSE,TRUE,FALSE,TRUE
400004831153,19/05/2026,26/05/2026,26/05/2026,,C0014826,ΠΕ119756-98088,0215, ,TRUE,FALSE,FALSE,FALSE,TRUE,5,FALSE,0,TRUE,0,TRUE,5,FALSE,FALSE,FALSE,TRUE
400004831152,19/05/2026,20/05/2026,20/05/2026,,C0014826,ΠΕ119756-98088,0636, ,TRUE,FALSE,FALSE,FALSE,TRUE,1,FALSE,0,TRUE,0,TRUE,1,FALSE,TRUE,FALSE,TRUE
400004831151,19/05/2026,21/05/2026,21/05/2026,,C0014826,ΠΕ119756-98088,0853, ,FALSE,TRUE,FALSE,FALSE,TRUE,2,FALSE,0,TRUE,0,TRUE,2,FALSE,TRUE,FALSE,TRUE
400004831150,19/05/2026,27/05/2026,27/05/2026,,C0014826,ΠΕ119756-98088,0215, ,TRUE,TRUE,FALSE,FALSE,TRUE,6,FALSE,0,TRUE,0,TRUE,6,FALSE,FALSE,FALSE,TRUE
400004831146,19/05/2026,20/05/2026,20/05/2026,,C0014826,ΠΕ119756-98088,0211, ,TRUE,FALSE,FALSE,FALSE,TRUE,1,FALSE,0,TRUE,0,TRUE,1,FALSE,TRUE,FALSE,TRUE
400004831145,19/05/2026,28/05/2026,05/06/2026,,C0014826,ΠΕ119756-98088,0331, ,FALSE,TRUE,FALSE,FALSE,TRUE,7,FALSE,0,TRUE,0,TRUE,12,FALSE,FALSE,FALSE,TRUE
400004831144,19/05/2026,20/05/2026,21/05/2026,,C0014826,ΠΕ119756-98088,0632, ,TRUE,FALSE,FALSE,FALSE,TRUE,1,FALSE,0,TRUE,0,TRUE,2,FALSE,TRUE,FALSE,TRUE
400004831143,19/05/2026,22/05/2026,22/05/2026,,C0014826,ΠΕ119756-98088,0203, ,TRUE,FALSE,FALSE,FALSE,TRUE,3,FALSE,0,TRUE,0,TRUE,3,FALSE,FALSE,FALSE,TRUE
400004831142,19/05/2026,20/05/2026,20/05/2026,,C0014826,ΠΕ119756-98088,0503, ,TRUE,FALSE,FALSE,FALSE,TRUE,1,FALSE,0,TRUE,0,TRUE,1,FALSE,TRUE,FALSE,TRUE
400004831141,19/05/2026,21/05/2026,21/05/2026,,C0014826,ΠΕ119756-98088,0711, ,TRUE,TRUE,FALSE,FALSE,TRUE,2,FALSE,0,TRUE,0,TRUE,2,FALSE,TRUE,FALSE,TRUE
400004831140,19/05/2026,20/05/2026,21/05/2026,,C0014826,ΠΕ119756-98088,0307, ,TRUE,FALSE,FALSE,FALSE,TRUE,1,FALSE,0,TRUE,0,TRUE,2,FALSE,TRUE,FALSE,TRUE
400004831139,19/05/2026,20/05/2026,20/05/2026,,C0014826,ΠΕ119756-98088,0611, ,TRUE,FALSE,FALSE,FALSE,TRUE,1,FALSE,0,TRUE,0,TRUE,1,FALSE,TRUE,FALSE,TRUE
400004831138,19/05/2026,20/05/2026,27/05/2026,,C0014826,ΠΕ119756-98088,0902, ,FALSE,FALSE,FALSE,FALSE,TRUE,1,FALSE,0,TRUE,0,TRUE,6,FALSE,TRUE,FALSE,TRUE
400004831137,19/05/2026,20/05/2026,22/05/2026,,C0014826,ΠΕ119756-98088,0623, ,TRUE,FALSE,FALSE,FALSE,TRUE,1,FALSE,0,TRUE,0,TRUE,3,FALSE,TRUE,FALSE,TRUE
400004831136,19/05/2026,21/05/2026,21/05/2026,,C0014826,ΠΕ119756-98088,0853, ,FALSE,FALSE,FALSE,FALSE,TRUE,2,FALSE,0,TRUE,0,TRUE,2,FALSE,TRUE,FALSE,TRUE
400004831135,19/05/2026,27/05/2026,27/05/2026,,C0014826,ΠΕ119756-98088,0215, ,TRUE,TRUE,FALSE,FALSE,TRUE,6,FALSE,0,TRUE,0,TRUE,6,FALSE,FALSE,FALSE,TRUE
400004831134,19/05/2026,20/05/2026,22/05/2026,,C0014826,ΠΕ119756-98088,0304, ,TRUE,FALSE,FALSE,FALSE,TRUE,1,FALSE,0,TRUE,0,TRUE,3,FALSE,TRUE,FALSE,TRUE
400004831133,19/05/2026,20/05/2026,20/05/2026,,C0014826,ΠΕ119756-98088,0214, ,TRUE,FALSE,FALSE,FALSE,TRUE,1,FALSE,0,TRUE,0,TRUE,1,FALSE,TRUE,FALSE,TRUE
400004831132,19/05/2026,21/05/2026,05/06/2026,,C0014826,ΠΕ119756-98088,0714, ,TRUE,FALSE,FALSE,FALSE,TRUE,2,FALSE,0,TRUE,0,TRUE,12,FALSE,TRUE,FALSE,TRUE
400004831131,19/05/2026,20/05/2026,20/05/2026,,C0014826,ΠΕ119756-98088,0636, ,TRUE,TRUE,FALSE,FALSE,TRUE,1,FALSE,0,TRUE,0,TRUE,1,FALSE,TRUE,FALSE,TRUE
400004831128,19/05/2026,20/05/2026,20/05/2026,,C0014826,ΠΕ119756-98088,0605,SKG,TRUE,TRUE,FALSE,FALSE,TRUE,1,FALSE,0,TRUE,0,TRUE,1,FALSE,TRUE,FALSE,TRUE
400004831127,19/05/2026,20/05/2026,20/05/2026,,C0014826,ΠΕ119756-98088,0635, ,TRUE,TRUE,FALSE,FALSE,TRUE,1,FALSE,0,TRUE,0,TRUE,1,FALSE,TRUE,FALSE,TRUE
400004831126,19/05/2026,21/05/2026,21/05/2026,,C0014826,ΠΕ119756-98088,0854, ,FALSE,FALSE,FALSE,FALSE,TRUE,2,FALSE,0,TRUE,0,TRUE,2,FALSE,TRUE,FALSE,TRUE
400004831125,19/05/2026,22/05/2026,22/05/2026,,C0014826,ΠΕ119756-98088,0332, ,FALSE,FALSE,TRUE,FALSE,TRUE,3,FALSE,0,TRUE,0,TRUE,3,FALSE,TRUE,FALSE,TRUE
400004831123,19/05/2026,20/05/2026,20/05/2026,,C0014826,ΠΕ119756-98088,0309, ,TRUE,FALSE,FALSE,FALSE,TRUE,1,FALSE,0,TRUE,0,TRUE,1,FALSE,TRUE,FALSE,TRUE
400004831122,19/05/2026,27/05/2026,27/05/2026,,C0014826,ΠΕ119756-98088,0643, ,TRUE,TRUE,FALSE,FALSE,TRUE,6,FALSE,0,TRUE,0,TRUE,6,FALSE,FALSE,FALSE,TRUE
400004831121,19/05/2026,21/05/2026,21/05/2026,,C0014826,ΠΕ119756-98088,0852, ,FALSE,FALSE,FALSE,FALSE,TRUE,2,FALSE,0,TRUE,0,TRUE,2,FALSE,TRUE,FALSE,TRUE
400004831120,19/05/2026,22/05/2026,25/05/2026,,C0014826,ΠΕ119756-98088,0504, ,FALSE,FALSE,FALSE,FALSE,TRUE,3,FALSE,0,TRUE,0,TRUE,4,FALSE,TRUE,FALSE,TRUE
400004831119,19/05/2026,21/05/2026,21/05/2026,,C0014826,ΠΕ119756-98088,0862, ,FALSE,FALSE,FALSE,FALSE,TRUE,2,FALSE,0,TRUE,0,TRUE,2,FALSE,TRUE,FALSE,TRUE
400004831118,19/05/2026,22/05/2026,22/05/2026,,C0014826,ΠΕ119756-98088,0504, ,FALSE,FALSE,FALSE,FALSE,TRUE,3,FALSE,0,TRUE,0,TRUE,3,FALSE,TRUE,FALSE,TRUE
400004831115,19/05/2026,25/05/2026,25/05/2026,,C0014826,ΠΕ119756-98088,0304, ,TRUE,TRUE,FALSE,FALSE,TRUE,4,FALSE,0,TRUE,0,TRUE,4,FALSE,TRUE,FALSE,TRUE
400004831114,19/05/2026,20/05/2026,20/05/2026,,C0014826,ΠΕ119756-98088,0712, ,TRUE,FALSE,FALSE,FALSE,TRUE,1,FALSE,0,TRUE,0,TRUE,1,FALSE,TRUE,FALSE,TRUE
400004831113,19/05/2026,21/05/2026,21/05/2026,,C0014826,ΠΕ119756-98088,0858, ,FALSE,FALSE,FALSE,FALSE,TRUE,2,FALSE,0,TRUE,0,TRUE,2,FALSE,TRUE,FALSE,TRUE
400004831112,19/05/2026,20/05/2026,20/05/2026,,C0014826,ΠΕ119756-98088,0212, ,TRUE,FALSE,FALSE,FALSE,TRUE,1,FALSE,0,TRUE,0,TRUE,1,FALSE,TRUE,FALSE,TRUE
400004831111,19/05/2026,20/05/2026,20/05/2026,,C0014826,ΠΕ119756-98088,0635, ,TRUE,TRUE,FALSE,FALSE,TRUE,1,FALSE,0,TRUE,0,TRUE,1,FALSE,TRUE,FALSE,TRUE
400004831110,19/05/2026,20/05/2026,20/05/2026,,C0014826,ΠΕ119756-98088,0622, ,TRUE,FALSE,FALSE,FALSE,TRUE,1,FALSE,0,TRUE,0,TRUE,1,FALSE,TRUE,FALSE,TRUE
400004831109,19/05/2026,28/05/2026,28/05/2026,,C0014826,ΠΕ119756-98088,0333, ,FALSE,FALSE,TRUE,FALSE,TRUE,7,FALSE,0,TRUE,0,TRUE,7,FALSE,FALSE,FALSE,TRUE
400004831108,19/05/2026,21/05/2026,23/05/2026,,C0014826,ΠΕ119756-98088,0858, ,FALSE,FALSE,FALSE,FALSE,TRUE,2,FALSE,0,TRUE,0,TRUE,4,FALSE,TRUE,FALSE,TRUE
400004831107,19/05/2026,22/05/2026,22/05/2026,,C0014826,ΠΕ119756-98088,0324, ,TRUE,TRUE,FALSE,FALSE,TRUE,3,FALSE,0,TRUE,0,TRUE,3,FALSE,TRUE,FALSE,TRUE
400004831106,19/05/2026,23/05/2026,23/05/2026,,C0014826,ΠΕ119756-98088,0903, ,FALSE,FALSE,FALSE,FALSE,TRUE,4,FALSE,0,TRUE,0,TRUE,4,FALSE,FALSE,FALSE,TRUE
400004831103,19/05/2026,20/05/2026,20/05/2026,,C0014826,ΠΕ119756-98088,0211, ,TRUE,FALSE,FALSE,FALSE,TRUE,1,FALSE,0,TRUE,0,TRUE,1,FALSE,TRUE,FALSE,TRUE
400004831102,19/05/2026,20/05/2026,21/05/2026,,C0014826,ΠΕ119756-98088,0311, ,TRUE,FALSE,TRUE,FALSE,TRUE,1,FALSE,0,TRUE,0,TRUE,2,FALSE,TRUE,FALSE,TRUE
400004831101,19/05/2026,20/05/2026,20/05/2026,,C0014826,ΠΕ119756-98088,0325, ,TRUE,FALSE,FALSE,FALSE,TRUE,1,FALSE,0,TRUE,0,TRUE,1,FALSE,TRUE,FALSE,TRUE
400004831099,19/05/2026,21/05/2026,21/05/2026,,C0014826,ΠΕ119756-98088,0212, ,TRUE,FALSE,TRUE,FALSE,TRUE,2,FALSE,0,TRUE,0,TRUE,2,FALSE,TRUE,FALSE,TRUE
400004831098,19/05/2026,22/05/2026,22/05/2026,,C0014826,ΠΕ119756-98088,0855, ,FALSE,FALSE,FALSE,FALSE,TRUE,3,FALSE,0,TRUE,0,TRUE,3,FALSE,TRUE,FALSE,TRUE
400004831097,19/05/2026,20/05/2026,20/05/2026,,C0014826,ΠΕ119756-98088,0146, ,TRUE,FALSE,FALSE,FALSE,TRUE,1,FALSE,0,TRUE,0,TRUE,1,FALSE,TRUE,FALSE,TRUE
400004831096,19/05/2026,20/05/2026,20/05/2026,,C0014826,ΠΕ119756-98088,0635, ,TRUE,FALSE,FALSE,FALSE,TRUE,1,FALSE,0,TRUE,0,TRUE,1,FALSE,TRUE,FALSE,TRUE
400004831095,19/05/2026,23/05/2026,,,C0014826,ΠΕ119756-98088,0854, ,FALSE,FALSE,FALSE,FALSE,TRUE,4,FALSE,0,TRUE,0,FALSE,0,FALSE,FALSE,FALSE,TRUE
400004831093,19/05/2026,21/05/2026,21/05/2026,,C0014826,ΠΕ119756-98088,0628,SKG,TRUE,FALSE,TRUE,FALSE,TRUE,2,FALSE,0,TRUE,0,TRUE,2,FALSE,TRUE,FALSE,TRUE
400004831092,19/05/2026,21/05/2026,21/05/2026,,C0014826,ΠΕ119756-98088,0853, ,FALSE,TRUE,FALSE,FALSE,TRUE,2,FALSE,0,TRUE,0,TRUE,2,FALSE,TRUE,FALSE,TRUE
400004831091,19/05/2026,20/05/2026,20/05/2026,,C0014826,ΠΕ119756-98088,0323, ,TRUE,TRUE,FALSE,FALSE,TRUE,1,FALSE,0,TRUE,0,TRUE,1,FALSE,TRUE,FALSE,TRUE
400004831090,19/05/2026,21/05/2026,21/05/2026,,C0014826,ΠΕ119756-98088,0855, ,FALSE,FALSE,FALSE,FALSE,TRUE,2,FALSE,0,TRUE,0,TRUE,2,FALSE,TRUE,FALSE,TRUE
400004831089,19/05/2026,20/05/2026,21/05/2026,,C0014826,ΠΕ119756-98088,0712, ,TRUE,FALSE,FALSE,FALSE,TRUE,1,FALSE,0,TRUE,0,TRUE,2,FALSE,TRUE,FALSE,TRUE
400004831088,19/05/2026,22/05/2026,25/05/2026,,C0014826,ΠΕ119756-98088,0516, ,FALSE,TRUE,FALSE,FALSE,TRUE,3,FALSE,0,TRUE,0,TRUE,4,FALSE,TRUE,FALSE,TRUE
400004831087,19/05/2026,20/05/2026,20/05/2026,,C0014826,ΠΕ119756-98088,0214, ,TRUE,FALSE,FALSE,FALSE,TRUE,1,FALSE,0,TRUE,0,TRUE,1,FALSE,TRUE,FALSE,TRUE
400004831086,19/05/2026,20/05/2026,20/05/2026,,C0014826,ΠΕ119756-98088,0702, ,TRUE,FALSE,FALSE,FALSE,TRUE,1,FALSE,0,TRUE,0,TRUE,1,FALSE,TRUE,FALSE,TRUE
400004831085,19/05/2026,20/05/2026,20/05/2026,,C0014826,ΠΕ119756-98088,0712, ,TRUE,FALSE,FALSE,FALSE,TRUE,1,FALSE,0,TRUE,0,TRUE,1,FALSE,TRUE,FALSE,TRUE
400004831084,19/05/2026,21/05/2026,21/05/2026,,C0014826,ΠΕ119756-98088,0859, ,FALSE,FALSE,FALSE,FALSE,TRUE,2,FALSE,0,TRUE,0,TRUE,2,FALSE,TRUE,FALSE,TRUE
400004831083,19/05/2026,02/06/2026,02/06/2026,,C0014826,ΠΕ119756-98088,0858, ,FALSE,TRUE,FALSE,FALSE,TRUE,9,FALSE,0,TRUE,0,TRUE,9,FALSE,FALSE,FALSE,TRUE
400004831082,19/05/2026,22/05/2026,,05/06/2026,C0014826,ΠΕ119756-98088,0203, ,TRUE,FALSE,FALSE,FALSE,TRUE,3,TRUE,12,TRUE,0,FALSE,0,FALSE,FALSE,FALSE,TRUE
400004831081,19/05/2026,22/05/2026,22/05/2026,,C0014826,ΠΕ119756-98088,0857, ,FALSE,FALSE,FALSE,FALSE,TRUE,3,FALSE,0,TRUE,0,TRUE,3,FALSE,TRUE,FALSE,TRUE
400004831080,19/05/2026,20/05/2026,20/05/2026,,C0014826,ΠΕ119756-98088,0711, ,TRUE,FALSE,FALSE,FALSE,TRUE,1,FALSE,0,TRUE,0,TRUE,1,FALSE,TRUE,FALSE,TRUE
400004831079,19/05/2026,21/05/2026,21/05/2026,,C0014826,ΠΕ119756-98088,0855, ,FALSE,FALSE,FALSE,FALSE,TRUE,2,FALSE,0,TRUE,0,TRUE,2,FALSE,TRUE,FALSE,TRUE
400004831077,19/05/2026,21/05/2026,21/05/2026,,C0014826,ΠΕ119756-98088,0853, ,FALSE,TRUE,FALSE,FALSE,TRUE,2,FALSE,0,TRUE,0,TRUE,2,FALSE,TRUE,FALSE,TRUE
400004831076,19/05/2026,21/05/2026,21/05/2026,,C0014826,ΠΕ119756-98088,0855, ,FALSE,FALSE,FALSE,FALSE,TRUE,2,FALSE,0,TRUE,0,TRUE,2,FALSE,TRUE,FALSE,TRUE
400004831075,19/05/2026,21/05/2026,21/05/2026,,C0014826,ΠΕ119756-98088,0855, ,FALSE,FALSE,FALSE,FALSE,TRUE,2,FALSE,0,TRUE,0,TRUE,2,FALSE,TRUE,FALSE,TRUE
400004831074,19/05/2026,20/05/2026,25/05/2026,,C0014826,ΠΕ119756-98088,0636, ,TRUE,FALSE,FALSE,FALSE,TRUE,1,FALSE,0,TRUE,0,TRUE,4,FALSE,TRUE,FALSE,TRUE
400004831072,19/05/2026,25/05/2026,25/05/2026,,C0014826,ΠΕ119756-98088,0215, ,TRUE,TRUE,FALSE,FALSE,TRUE,4,FALSE,0,TRUE,0,TRUE,4,FALSE,TRUE,FALSE,TRUE
400004831071,19/05/2026,20/05/2026,20/05/2026,,C0014826,ΠΕ119756-98088,0214, ,TRUE,FALSE,FALSE,FALSE,TRUE,1,FALSE,0,TRUE,0,TRUE,1,FALSE,TRUE,FALSE,TRUE
400004831070,19/05/2026,,,,C0014826,ΠΕ119756-98088,0854, ,FALSE,FALSE,FALSE,FALSE,FALSE,6,FALSE,0,TRUE,0,FALSE,0,FALSE,FALSE,FALSE,TRUE
400004831069,19/05/2026,23/05/2026,23/05/2026,,C0014826,ΠΕ119756-98088,0504, ,FALSE,FALSE,FALSE,FALSE,TRUE,4,FALSE,0,TRUE,0,TRUE,4,FALSE,FALSE,FALSE,TRUE
400004831067,19/05/2026,21/05/2026,21/05/2026,,C0014826,ΠΕ119756-98088,0213, ,TRUE,TRUE,FALSE,FALSE,TRUE,2,FALSE,0,TRUE,0,TRUE,2,FALSE,TRUE,FALSE,TRUE
400004831065,19/05/2026,29/05/2026,29/05/2026,,C0014826,ΠΕ119756-98088,0907, ,FALSE,TRUE,FALSE,FALSE,TRUE,8,FALSE,0,TRUE,0,TRUE,8,FALSE,FALSE,FALSE,TRUE
400004831064,19/05/2026,22/05/2026,22/05/2026,,C0014826,ΠΕ119756-98088,0857, ,FALSE,FALSE,FALSE,FALSE,TRUE,3,FALSE,0,TRUE,0,TRUE,3,FALSE,TRUE,FALSE,TRUE
400004831063,19/05/2026,21/05/2026,29/05/2026,,C0014826,ΠΕ119756-98088,0863, ,FALSE,FALSE,FALSE,FALSE,TRUE,2,FALSE,0,TRUE,0,TRUE,8,FALSE,TRUE,FALSE,TRUE
400004831062,19/05/2026,20/05/2026,20/05/2026,,C0014826,ΠΕ119756-98088,0308, ,TRUE,FALSE,TRUE,FALSE,TRUE,1,FALSE,0,TRUE,0,TRUE,1,FALSE,TRUE,FALSE,TRUE
400004831061,19/05/2026,20/05/2026,20/05/2026,,C0014826,ΠΕ119756-98088,0325, ,TRUE,FALSE,FALSE,FALSE,TRUE,1,FALSE,0,TRUE,0,TRUE,1,FALSE,TRUE,FALSE,TRUE
400004831060,19/05/2026,20/05/2026,20/05/2026,,C0014826,ΠΕ119756-98088,0151, ,TRUE,FALSE,FALSE,FALSE,TRUE,1,FALSE,0,TRUE,0,TRUE,1,FALSE,TRUE,FALSE,TRUE
400004831059,19/05/2026,20/05/2026,25/05/2026,,C0014826,ΠΕ119756-98088,0309, ,TRUE,FALSE,TRUE,FALSE,TRUE,1,FALSE,0,TRUE,0,TRUE,4,FALSE,TRUE,FALSE,TRUE
400004831058,19/05/2026,26/05/2026,26/05/2026,,C0014826,ΠΕ119756-98088,0215, ,TRUE,TRUE,FALSE,FALSE,TRUE,5,FALSE,0,TRUE,0,TRUE,5,FALSE,FALSE,FALSE,TRUE
400004831057,19/05/2026,05/06/2026,,,C0014826,ΠΕ119756-98088,0215, ,TRUE,FALSE,FALSE,FALSE,TRUE,12,FALSE,0,TRUE,0,FALSE,0,FALSE,FALSE,FALSE,TRUE
400004831056,19/05/2026,20/05/2026,20/05/2026,,C0014826,ΠΕ119756-98088,0637, ,TRUE,FALSE,FALSE,FALSE,TRUE,1,FALSE,0,TRUE,0,TRUE,1,FALSE,TRUE,FALSE,TRUE
400004831055,19/05/2026,20/05/2026,20/05/2026,,C0014826,ΠΕ119756-98088,0329, ,TRUE,TRUE,FALSE,FALSE,TRUE,1,FALSE,0,TRUE,0,TRUE,1,FALSE,TRUE,FALSE,TRUE
400004831054,19/05/2026,20/05/2026,20/05/2026,,C0014826,ΠΕ119756-98088,0214, ,TRUE,FALSE,FALSE,FALSE,TRUE,1,FALSE,0,TRUE,0,TRUE,1,FALSE,TRUE,FALSE,TRUE
400004831053,19/05/2026,20/05/2026,20/05/2026,,C0014826,ΠΕ119756-98088,0612, ,TRUE,FALSE,FALSE,FALSE,TRUE,1,FALSE,0,TRUE,0,TRUE,1,FALSE,TRUE,FALSE,TRUE
400004831052,19/05/2026,20/05/2026,,,C0014826,ΠΕ119756-98088,0613, ,TRUE,FALSE,FALSE,FALSE,TRUE,1,FALSE,0,TRUE,0,FALSE,0,FALSE,TRUE,FALSE,TRUE
400004831051,19/05/2026,20/05/2026,20/05/2026,,C0014826,ΠΕ119756-98088,0211, ,TRUE,FALSE,FALSE,FALSE,TRUE,1,FALSE,0,TRUE,0,TRUE,1,FALSE,TRUE,FALSE,TRUE
400004831050,19/05/2026,20/05/2026,20/05/2026,,C0014826,ΠΕ119756-98088,0711, ,TRUE,FALSE,FALSE,FALSE,TRUE,1,FALSE,0,TRUE,0,TRUE,1,FALSE,TRUE,FALSE,TRUE
400004831049,19/05/2026,20/05/2026,20/05/2026,,C0014826,ΠΕ119756-98088,0332, ,FALSE,FALSE,FALSE,FALSE,TRUE,1,FALSE,0,TRUE,0,TRUE,1,FALSE,TRUE,FALSE,TRUE
400004831048,19/05/2026,,,,C0014826,ΠΕ119756-98088,0866, ,FALSE,TRUE,FALSE,FALSE,FALSE,6,FALSE,0,TRUE,0,FALSE,0,FALSE,FALSE,FALSE,TRUE
400004831046,19/05/2026,29/05/2026,29/05/2026,,C0014826,ΠΕ119756-98088,0133, ,TRUE,TRUE,FALSE,FALSE,TRUE,8,FALSE,0,TRUE,0,TRUE,8,FALSE,FALSE,FALSE,TRUE
160000404088,19/05/2026,27/05/2026,27/05/2026,,C0014826,ΠΕ119756-98088,0215, ,TRUE,FALSE,FALSE,FALSE,TRUE,6,FALSE,0,TRUE,0,TRUE,6,FALSE,FALSE,FALSE,TRUE
160000404086,19/05/2026,22/05/2026,25/05/2026,,C0014826,ΠΕ119756-98088,0504, ,FALSE,FALSE,FALSE,FALSE,TRUE,3,FALSE,0,TRUE,0,TRUE,4,FALSE,TRUE,FALSE,TRUE
160000404085,19/05/2026,21/05/2026,26/05/2026,,C0014826,ΠΕ119756-98088,0863, ,FALSE,FALSE,FALSE,FALSE,TRUE,2,FALSE,0,TRUE,0,TRUE,5,FALSE,TRUE,FALSE,TRUE
160000404084,19/05/2026,20/05/2026,20/05/2026,,C0014826,ΠΕ119756-98088,0612, ,TRUE,FALSE,FALSE,FALSE,TRUE,1,FALSE,0,TRUE,0,TRUE,1,FALSE,TRUE,FALSE,TRUE
160000404083,19/05/2026,20/05/2026,20/05/2026,,C0014826,ΠΕ119756-98088,0632, ,TRUE,FALSE,FALSE,FALSE,TRUE,1,FALSE,0,TRUE,0,TRUE,1,FALSE,TRUE,FALSE,TRUE
160000404082,19/05/2026,21/05/2026,21/05/2026,,C0014826,ΠΕ119756-98088,0212, ,TRUE,FALSE,TRUE,FALSE,TRUE,2,FALSE,0,TRUE,0,TRUE,2,FALSE,TRUE,FALSE,TRUE
160000404081,19/05/2026,21/05/2026,21/05/2026,,C0014826,ΠΕ119756-98088,0853, ,FALSE,FALSE,FALSE,FALSE,TRUE,2,FALSE,0,TRUE,0,TRUE,2,FALSE,TRUE,FALSE,TRUE
160000404080,19/05/2026,21/05/2026,21/05/2026,,C0014826,ΠΕ119756-98088,0853, ,FALSE,FALSE,FALSE,FALSE,TRUE,2,FALSE,0,TRUE,0,TRUE,2,FALSE,TRUE,FALSE,TRUE
160000404079,19/05/2026,25/05/2026,25/05/2026,,C0014826,ΠΕ119756-98088,0304, ,TRUE,TRUE,FALSE,FALSE,TRUE,4,FALSE,0,TRUE,0,TRUE,4,FALSE,TRUE,FALSE,TRUE
160000404077,19/05/2026,20/05/2026,22/05/2026,,C0014826,ΠΕ119756-98088,0623, ,TRUE,FALSE,FALSE,FALSE,TRUE,1,FALSE,0,TRUE,0,TRUE,3,FALSE,TRUE,FALSE,TRUE
160000404076,19/05/2026,21/05/2026,21/05/2026,,C0014826,ΠΕ119756-98088,0855, ,FALSE,FALSE,FALSE,FALSE,TRUE,2,FALSE,0,TRUE,0,TRUE,2,FALSE,TRUE,FALSE,TRUE
160000404075,19/05/2026,22/05/2026,22/05/2026,,C0014826,ΠΕ119756-98088,0203, ,TRUE,FALSE,FALSE,FALSE,TRUE,3,FALSE,0,TRUE,0,TRUE,3,FALSE,FALSE,FALSE,TRUE
160000404074,19/05/2026,21/05/2026,21/05/2026,,C0014826,ΠΕ119756-98088,0855, ,FALSE,FALSE,FALSE,FALSE,TRUE,2,FALSE,0,TRUE,0,TRUE,2,FALSE,TRUE,FALSE,TRUE
160000404073,19/05/2026,22/05/2026,22/05/2026,,C0014826,ΠΕ119756-98088,0324, ,TRUE,TRUE,FALSE,FALSE,TRUE,3,FALSE,0,TRUE,0,TRUE,3,FALSE,TRUE,FALSE,TRUE
160000404072,19/05/2026,20/05/2026,20/05/2026,,C0014826,ΠΕ119756-98088,0211, ,TRUE,FALSE,FALSE,FALSE,TRUE,1,FALSE,0,TRUE,0,TRUE,1,FALSE,TRUE,FALSE,TRUE
160000404071,19/05/2026,20/05/2026,20/05/2026,,C0014826,ΠΕ119756-98088,0325, ,TRUE,FALSE,FALSE,FALSE,TRUE,1,FALSE,0,TRUE,0,TRUE,1,FALSE,TRUE,FALSE,TRUE
160000404070,19/05/2026,,,,C0014826,ΠΕ119756-98088,0866, ,FALSE,TRUE,FALSE,FALSE,FALSE,6,FALSE,0,TRUE,0,FALSE,0,FALSE,FALSE,FALSE,TRUE
160000404069,19/05/2026,20/05/2026,25/05/2026,,C0014826,ΠΕ119756-98088,0636, ,TRUE,FALSE,FALSE,FALSE,TRUE,1,FALSE,0,TRUE,0,TRUE,4,FALSE,TRUE,FALSE,TRUE
160000404068,19/05/2026,02/06/2026,02/06/2026,,C0014826,ΠΕ119756-98088,0858, ,FALSE,TRUE,FALSE,FALSE,TRUE,9,FALSE,0,TRUE,0,TRUE,9,FALSE,FALSE,FALSE,TRUE
160000404067,19/05/2026,20/05/2026,20/05/2026,,C0014826,ΠΕ119756-98088,0712, ,TRUE,FALSE,FALSE,FALSE,TRUE,1,FALSE,0,TRUE,0,TRUE,1,FALSE,TRUE,FALSE,TRUE
160000404066,19/05/2026,20/05/2026,20/05/2026,,C0014826,ΠΕ119756-98088,0711, ,TRUE,FALSE,FALSE,FALSE,TRUE,1,FALSE,0,TRUE,0,TRUE,1,FALSE,TRUE,FALSE,TRUE
160000404063,19/05/2026,21/05/2026,21/05/2026,,C0014826,ΠΕ119756-98088,0859, ,FALSE,FALSE,FALSE,FALSE,TRUE,2,FALSE,0,TRUE,0,TRUE,2,FALSE,TRUE,FALSE,TRUE
160000404062,19/05/2026,20/05/2026,20/05/2026,,C0014826,ΠΕ119756-98088,0308, ,TRUE,FALSE,TRUE,FALSE,TRUE,1,FALSE,0,TRUE,0,TRUE,1,FALSE,TRUE,FALSE,TRUE
160000404061,19/05/2026,21/05/2026,21/05/2026,,C0014826,ΠΕ119756-98088,0855, ,FALSE,FALSE,FALSE,FALSE,TRUE,2,FALSE,0,TRUE,0,TRUE,2,FALSE,TRUE,FALSE,TRUE
160000404060,19/05/2026,20/05/2026,20/05/2026,,C0014826,ΠΕ119756-98088,0214, ,TRUE,FALSE,FALSE,FALSE,TRUE,1,FALSE,0,TRUE,0,TRUE,1,FALSE,TRUE,FALSE,TRUE
160000404058,19/05/2026,22/05/2026,22/05/2026,,C0014826,ΠΕ119756-98088,0857, ,FALSE,FALSE,FALSE,FALSE,TRUE,3,FALSE,0,TRUE,0,TRUE,3,FALSE,TRUE,FALSE,TRUE
160000404057,19/05/2026,22/05/2026,,05/06/2026,C0014826,ΠΕ119756-98088,0203, ,TRUE,FALSE,FALSE,FALSE,TRUE,3,TRUE,12,TRUE,0,FALSE,0,FALSE,FALSE,FALSE,TRUE
160000404056,19/05/2026,22/05/2026,22/05/2026,,C0014826,ΠΕ119756-98088,0504, ,FALSE,FALSE,FALSE,FALSE,TRUE,3,FALSE,0,TRUE,0,TRUE,3,FALSE,TRUE,FALSE,TRUE
160000404055,19/05/2026,20/05/2026,20/05/2026,,C0014826,ΠΕ119756-98088,0711, ,TRUE,FALSE,FALSE,FALSE,TRUE,1,FALSE,0,TRUE,0,TRUE,1,FALSE,TRUE,FALSE,TRUE
160000404054,19/05/2026,20/05/2026,20/05/2026,,C0014826,ΠΕ119756-98088,0214, ,TRUE,FALSE,FALSE,FALSE,TRUE,1,FALSE,0,TRUE,0,TRUE,1,FALSE,TRUE,FALSE,TRUE
160000404050,19/05/2026,20/05/2026,20/05/2026,,C0014826,ΠΕ119756-98088,0332, ,FALSE,FALSE,FALSE,FALSE,TRUE,1,FALSE,0,TRUE,0,TRUE,1,FALSE,TRUE,FALSE,TRUE
160000404049,19/05/2026,20/05/2026,20/05/2026,,C0014826,ΠΕ119756-98088,0329, ,TRUE,TRUE,FALSE,FALSE,TRUE,1,FALSE,0,TRUE,0,TRUE,1,FALSE,TRUE,FALSE,TRUE
160000404048,19/05/2026,02/06/2026,02/06/2026,,C0014826,ΠΕ119756-98088,0858, ,FALSE,TRUE,FALSE,FALSE,TRUE,9,FALSE,0,TRUE,0,TRUE,9,FALSE,FALSE,FALSE,TRUE
160000404047,19/05/2026,22/05/2026,22/05/2026,,C0014826,ΠΕ119756-98088,0857, ,FALSE,FALSE,FALSE,FALSE,TRUE,3,FALSE,0,TRUE,0,TRUE,3,FALSE,TRUE,FALSE,TRUE
160000404046,19/05/2026,21/05/2026,21/05/2026,,C0014826,ΠΕ119756-98088,0855, ,FALSE,FALSE,FALSE,FALSE,TRUE,2,FALSE,0,TRUE,0,TRUE,2,FALSE,TRUE,FALSE,TRUE
160000404044,19/05/2026,20/05/2026,20/05/2026,,C0014826,ΠΕ119756-98088,0637, ,TRUE,FALSE,FALSE,FALSE,TRUE,1,FALSE,0,TRUE,0,TRUE,1,FALSE,TRUE,FALSE,TRUE
160000404043,19/05/2026,25/05/2026,25/05/2026,,C0014826,ΠΕ119756-98088,0215, ,TRUE,TRUE,FALSE,FALSE,TRUE,4,FALSE,0,TRUE,0,TRUE,4,FALSE,TRUE,FALSE,TRUE
160000404041,19/05/2026,20/05/2026,20/05/2026,,C0014826,ΠΕ119756-98088,0325, ,TRUE,FALSE,FALSE,FALSE,TRUE,1,FALSE,0,TRUE,0,TRUE,1,FALSE,TRUE,FALSE,TRUE
052002851890,18/05/2026,01/06/2026,01/06/2026,,C0014826,ΠΕ119756-98088,0948, ,TRUE,FALSE,FALSE,FALSE,TRUE,10,FALSE,0,FALSE,0,TRUE,10,FALSE,FALSE,FALSE,FALSE
050091026997,18/05/2026,19/05/2026,19/05/2026,,C0014826,ΠΕ119756-98088,0948, ,TRUE,FALSE,FALSE,FALSE,TRUE,1,FALSE,0,FALSE,0,TRUE,1,FALSE,TRUE,FALSE,FALSE
700046991825,18/05/2026,19/05/2026,19/05/2026,,C0014826,ΠΕ119756-98088,0948, ,TRUE,FALSE,FALSE,FALSE,TRUE,1,FALSE,0,TRUE,0,TRUE,1,FALSE,TRUE,FALSE,TRUE
050065247661,18/05/2026,20/05/2026,20/05/2026,,C0014826,ΠΕ119756-102229,0106,ATH,TRUE,FALSE,FALSE,FALSE,TRUE,2,FALSE,0,TRUE,0,TRUE,2,FALSE,TRUE,FALSE,TRUE
700046992760,18/05/2026,19/05/2026,19/05/2026,,C0014826,ΠΕ119756-98088,0948, ,TRUE,FALSE,FALSE,FALSE,TRUE,1,FALSE,0,TRUE,0,TRUE,1,FALSE,TRUE,FALSE,TRUE
050091736717,18/05/2026,19/05/2026,19/05/2026,,C0014826,ΠΕ119756-98088,0948, ,TRUE,FALSE,FALSE,FALSE,TRUE,1,FALSE,0,TRUE,0,TRUE,1,FALSE,TRUE,FALSE,TRUE
052000967975,18/05/2026,19/05/2026,19/05/2026,,C0014826,ΠΕ119756-98088,0823, ,FALSE,FALSE,FALSE,FALSE,TRUE,1,FALSE,0,TRUE,0,TRUE,1,FALSE,TRUE,FALSE,TRUE
400004831047,18/05/2026,19/05/2026,19/05/2026,,C0014826,ΠΕ119756-98088,0208, ,TRUE,FALSE,FALSE,FALSE,TRUE,1,FALSE,0,TRUE,0,TRUE,1,FALSE,TRUE,FALSE,TRUE
400004831045,18/05/2026,21/05/2026,22/05/2026,,C0014826,ΠΕ119756-98088,0323, ,TRUE,TRUE,FALSE,FALSE,TRUE,3,FALSE,0,TRUE,0,TRUE,4,FALSE,TRUE,FALSE,TRUE
400004831044,18/05/2026,23/05/2026,23/05/2026,,C0014826,ΠΕ119756-98088,0854, ,FALSE,FALSE,FALSE,FALSE,TRUE,5,FALSE,0,TRUE,0,TRUE,5,FALSE,FALSE,FALSE,TRUE
400004831041,18/05/2026,22/05/2026,22/05/2026,,C0014826,ΠΕ119756-98088,0853, ,FALSE,FALSE,FALSE,FALSE,TRUE,4,FALSE,0,TRUE,0,TRUE,4,FALSE,FALSE,FALSE,TRUE
400004831040,18/05/2026,21/05/2026,21/05/2026,,C0014826,ΠΕ119756-98088,0855, ,FALSE,FALSE,FALSE,FALSE,TRUE,3,FALSE,0,TRUE,0,TRUE,3,FALSE,TRUE,FALSE,TRUE
400004831039,18/05/2026,25/05/2026,25/05/2026,,C0014826,ΠΕ119756-98088,0917, ,FALSE,TRUE,FALSE,FALSE,TRUE,5,FALSE,0,TRUE,0,TRUE,5,FALSE,FALSE,FALSE,TRUE
400004831038,18/05/2026,25/05/2026,25/05/2026,,C0014826,ΠΕ119756-98088,0917, ,FALSE,FALSE,TRUE,FALSE,TRUE,5,FALSE,0,TRUE,0,TRUE,5,FALSE,TRUE,FALSE,TRUE
400004831037,18/05/2026,19/05/2026,19/05/2026,,C0014826,ΠΕ119756-98088,0701, ,TRUE,FALSE,FALSE,FALSE,TRUE,1,FALSE,0,TRUE,0,TRUE,1,FALSE,TRUE,FALSE,TRUE
400004831036,18/05/2026,19/05/2026,,22/05/2026,C0014826,ΠΕ119756-98088,0608,SKG,TRUE,FALSE,FALSE,FALSE,TRUE,1,TRUE,4,TRUE,0,FALSE,0,FALSE,TRUE,TRUE,TRUE
400004831035,18/05/2026,19/05/2026,19/05/2026,,C0014826,ΠΕ119756-98088,0712, ,TRUE,FALSE,FALSE,FALSE,TRUE,1,FALSE,0,TRUE,0,TRUE,1,FALSE,TRUE,FALSE,TRUE
400004831034,18/05/2026,19/05/2026,22/05/2026,,C0014826,ΠΕ119756-98088,0853, ,FALSE,TRUE,FALSE,FALSE,TRUE,1,FALSE,0,TRUE,0,TRUE,4,FALSE,TRUE,FALSE,TRUE
400004831032,18/05/2026,19/05/2026,20/05/2026,,C0014826,ΠΕ119756-98088,0701, ,TRUE,FALSE,FALSE,FALSE,TRUE,1,FALSE,0,TRUE,0,TRUE,2,FALSE,TRUE,FALSE,TRUE
400004831031,18/05/2026,22/05/2026,22/05/2026,,C0014826,ΠΕ119756-98088,0857, ,FALSE,FALSE,FALSE,FALSE,TRUE,4,FALSE,0,TRUE,0,TRUE,4,FALSE,FALSE,FALSE,TRUE
400004831030,18/05/2026,21/05/2026,29/05/2026,,C0014826,ΠΕ119756-98088,0851, ,FALSE,FALSE,FALSE,FALSE,TRUE,3,FALSE,0,TRUE,0,TRUE,9,FALSE,TRUE,FALSE,TRUE
160000404040,18/05/2026,25/05/2026,25/05/2026,,C0014826,ΠΕ119756-98088,0917, ,FALSE,TRUE,FALSE,FALSE,TRUE,5,FALSE,0,TRUE,0,TRUE,5,FALSE,FALSE,FALSE,TRUE
160000404038,18/05/2026,22/05/2026,22/05/2026,,C0014826,ΠΕ119756-98088,0853, ,FALSE,FALSE,FALSE,FALSE,TRUE,4,FALSE,0,TRUE,0,TRUE,4,FALSE,FALSE,FALSE,TRUE
160000404037,18/05/2026,19/05/2026,19/05/2026,,C0014826,ΠΕ119756-98088,0701, ,TRUE,FALSE,FALSE,FALSE,TRUE,1,FALSE,0,TRUE,0,TRUE,1,FALSE,TRUE,FALSE,TRUE
160000404036,18/05/2026,22/05/2026,22/05/2026,,C0014826,ΠΕ119756-98088,0853, ,FALSE,TRUE,FALSE,FALSE,TRUE,4,FALSE,0,TRUE,0,TRUE,4,FALSE,TRUE,FALSE,TRUE
160000404034,18/05/2026,21/05/2026,29/05/2026,,C0014826,ΠΕ119756-98088,0851, ,FALSE,FALSE,FALSE,FALSE,TRUE,3,FALSE,0,TRUE,0,TRUE,9,FALSE,TRUE,FALSE,TRUE
050085899435,16/05/2026,,,,C0014826,ΠΕ119756-102229,0948, ,TRUE,FALSE,FALSE,FALSE,FALSE,7,FALSE,0,FALSE,0,FALSE,0,TRUE,FALSE,FALSE,FALSE
700046985039,16/05/2026,19/05/2026,19/05/2026,,C0014826,ΠΕ119756-98088,0948, ,TRUE,FALSE,FALSE,FALSE,TRUE,1,FALSE,0,FALSE,0,TRUE,1,FALSE,TRUE,FALSE,FALSE
050090781620,15/05/2026,18/05/2026,18/05/2026,,C0014826,ΠΕ119756-98088,0948, ,TRUE,FALSE,FALSE,FALSE,TRUE,1,FALSE,0,FALSE,0,TRUE,1,FALSE,TRUE,FALSE,FALSE
700046889732,15/05/2026,18/05/2026,18/05/2026,,C0014826,ΠΕ119756-98088,0948, ,TRUE,FALSE,FALSE,FALSE,TRUE,1,FALSE,0,FALSE,0,TRUE,1,FALSE,TRUE,FALSE,FALSE
050092171899,15/05/2026,18/05/2026,18/05/2026,,C0014826,ΠΕ119756-98088,0948, ,TRUE,FALSE,FALSE,FALSE,TRUE,1,FALSE,0,FALSE,0,TRUE,1,FALSE,TRUE,FALSE,FALSE
700046973488,15/05/2026,18/05/2026,18/05/2026,,C0014826,ΠΕ119756-98088,0948, ,TRUE,FALSE,FALSE,FALSE,TRUE,1,FALSE,0,FALSE,0,TRUE,1,FALSE,TRUE,FALSE,FALSE
700046975327,15/05/2026,18/05/2026,18/05/2026,,C0014826,ΠΕ119756-98088,0948, ,TRUE,FALSE,FALSE,FALSE,TRUE,1,FALSE,0,TRUE,0,TRUE,1,FALSE,TRUE,FALSE,TRUE
052001346144,15/05/2026,18/05/2026,18/05/2026,,C0014826,ΠΕ119756-98088,0948, ,TRUE,FALSE,FALSE,FALSE,TRUE,1,FALSE,0,TRUE,0,TRUE,1,FALSE,TRUE,FALSE,TRUE
052000967997,15/05/2026,16/05/2026,16/05/2026,,C0014826,ΠΕ119756-98088,0325, ,TRUE,FALSE,FALSE,FALSE,TRUE,1,FALSE,0,TRUE,0,TRUE,1,FALSE,TRUE,FALSE,TRUE
052000967986,15/05/2026,18/05/2026,18/05/2026,,C0014826,ΠΕ119756-98088,0611, ,TRUE,TRUE,FALSE,FALSE,TRUE,1,FALSE,0,TRUE,0,TRUE,1,FALSE,TRUE,FALSE,TRUE
052000967766,15/05/2026,16/05/2026,16/05/2026,,C0014826,ΠΕ119756-98088,0307, ,TRUE,FALSE,FALSE,FALSE,TRUE,1,FALSE,0,TRUE,0,TRUE,1,FALSE,TRUE,FALSE,TRUE
052000964620,15/05/2026,18/05/2026,18/05/2026,,C0014826,ΠΕ119756-98088,0722, ,TRUE,FALSE,FALSE,FALSE,TRUE,1,FALSE,0,TRUE,0,TRUE,1,FALSE,TRUE,FALSE,TRUE
052000964610,15/05/2026,18/05/2026,18/05/2026,,C0014826,ΠΕ119756-98088,0621, ,TRUE,FALSE,FALSE,FALSE,TRUE,1,FALSE,0,TRUE,0,TRUE,1,FALSE,TRUE,FALSE,TRUE
052000964609,15/05/2026,16/05/2026,16/05/2026,,C0014826,ΠΕ119756-98088,0641, ,TRUE,FALSE,FALSE,FALSE,TRUE,1,FALSE,0,TRUE,0,TRUE,1,FALSE,TRUE,FALSE,TRUE
400004831025,15/05/2026,26/05/2026,27/05/2026,,C0014826,ΠΕ119756-98088,0909, ,FALSE,TRUE,FALSE,FALSE,TRUE,7,FALSE,0,TRUE,0,TRUE,8,FALSE,FALSE,FALSE,TRUE
160000404031,15/05/2026,18/05/2026,27/05/2026,,C0014826,ΠΕ119756-98088,0909, ,FALSE,TRUE,FALSE,FALSE,TRUE,1,FALSE,0,TRUE,0,TRUE,8,FALSE,TRUE,FALSE,TRUE
050089169680,14/05/2026,15/05/2026,15/05/2026,,C0014826,ΠΕ119756-98088,0948, ,TRUE,FALSE,FALSE,FALSE,TRUE,1,FALSE,0,TRUE,0,TRUE,1,FALSE,TRUE,FALSE,TRUE
052001159100,14/05/2026,15/05/2026,15/05/2026,,C0014826,ΠΕ119756-98088,0948, ,TRUE,FALSE,FALSE,FALSE,TRUE,1,FALSE,0,TRUE,0,TRUE,1,FALSE,TRUE,FALSE,TRUE
052001557157,14/05/2026,15/05/2026,15/05/2026,,C0014826,ΠΕ119756-98088,0948, ,TRUE,FALSE,FALSE,FALSE,TRUE,1,FALSE,0,TRUE,0,TRUE,1,FALSE,TRUE,FALSE,TRUE
052000964576,14/05/2026,26/05/2026,27/05/2026,,C0014826,ΠΕ119756-98088,0605,SKG,TRUE,FALSE,FALSE,FALSE,TRUE,8,FALSE,0,TRUE,0,TRUE,9,FALSE,FALSE,FALSE,TRUE
052000967777,14/05/2026,15/05/2026,15/05/2026,,C0014826,ΠΕ119756-98088,0331, ,FALSE,FALSE,FALSE,FALSE,TRUE,1,FALSE,0,TRUE,0,TRUE,1,FALSE,TRUE,FALSE,TRUE
052000967755,14/05/2026,18/05/2026,18/05/2026,,C0014826,ΠΕ119756-98088,0327, ,TRUE,FALSE,FALSE,FALSE,TRUE,2,FALSE,0,TRUE,0,TRUE,2,FALSE,TRUE,FALSE,TRUE
052000967733,14/05/2026,20/05/2026,20/05/2026,,C0014826,ΠΕ119756-98088,0321, ,TRUE,FALSE,TRUE,FALSE,TRUE,4,FALSE,0,TRUE,0,TRUE,4,FALSE,TRUE,FALSE,TRUE
052000967690,14/05/2026,18/05/2026,18/05/2026,,C0014826,ΠΕ119756-98088,0903, ,FALSE,FALSE,FALSE,FALSE,TRUE,2,FALSE,0,TRUE,0,TRUE,2,FALSE,TRUE,FALSE,TRUE
052000964598,14/05/2026,15/05/2026,15/05/2026,,C0014826,ΠΕ119756-98088,0608,SKG,TRUE,FALSE,FALSE,FALSE,TRUE,1,FALSE,0,TRUE,0,TRUE,1,FALSE,TRUE,FALSE,TRUE
052000964587,14/05/2026,15/05/2026,20/05/2026,,C0014826,ΠΕ119756-98088,0151, ,TRUE,FALSE,FALSE,FALSE,TRUE,1,FALSE,0,TRUE,0,TRUE,4,FALSE,TRUE,FALSE,TRUE
052000964554,14/05/2026,14/05/2026,14/05/2026,,C0014826,ΠΕ119756-98088,0141, ,TRUE,TRUE,FALSE,FALSE,TRUE,0,FALSE,0,TRUE,0,TRUE,0,FALSE,TRUE,FALSE,TRUE
400004831029,14/05/2026,15/05/2026,15/05/2026,,C0014826,ΠΕ119756-98088,0641, ,TRUE,FALSE,TRUE,FALSE,TRUE,1,FALSE,0,TRUE,0,TRUE,1,FALSE,TRUE,FALSE,TRUE
400004831028,14/05/2026,15/05/2026,,30/05/2026,C0014826,ΠΕ119756-98088,0212, ,TRUE,FALSE,TRUE,FALSE,TRUE,1,TRUE,12,TRUE,0,FALSE,0,FALSE,TRUE,FALSE,TRUE
400004831027,14/05/2026,15/05/2026,18/05/2026,,C0014826,ΠΕ119756-98088,0331, ,FALSE,FALSE,FALSE,FALSE,TRUE,1,FALSE,0,TRUE,0,TRUE,2,FALSE,TRUE,FALSE,TRUE
400004831026,14/05/2026,15/05/2026,15/05/2026,,C0014826,ΠΕ119756-98088,0628,SKG,TRUE,FALSE,TRUE,FALSE,TRUE,1,FALSE,0,TRUE,0,TRUE,1,FALSE,TRUE,FALSE,TRUE
400004831024,14/05/2026,18/05/2026,19/05/2026,,C0014826,ΠΕ119756-98088,0213, ,TRUE,TRUE,FALSE,FALSE,TRUE,2,FALSE,0,TRUE,0,TRUE,3,FALSE,TRUE,FALSE,TRUE
400004831021,14/05/2026,18/05/2026,18/05/2026,,C0014826,ΠΕ119756-98088,0851, ,FALSE,FALSE,FALSE,FALSE,TRUE,2,FALSE,0,TRUE,0,TRUE,2,FALSE,TRUE,FALSE,TRUE
400004831020,14/05/2026,19/05/2026,20/05/2026,,C0014826,ΠΕ119756-98088,0903, ,FALSE,FALSE,FALSE,FALSE,TRUE,3,FALSE,0,TRUE,0,TRUE,4,FALSE,TRUE,FALSE,TRUE
160000404033,14/05/2026,15/05/2026,15/05/2026,,C0014826,ΠΕ119756-98088,0641, ,TRUE,FALSE,TRUE,FALSE,TRUE,1,FALSE,0,TRUE,0,TRUE,1,FALSE,TRUE,FALSE,TRUE
160000404032,14/05/2026,18/05/2026,19/05/2026,,C0014826,ΠΕ119756-98088,0213, ,TRUE,TRUE,FALSE,FALSE,TRUE,2,FALSE,0,TRUE,0,TRUE,3,FALSE,TRUE,FALSE,TRUE
160000404030,14/05/2026,15/05/2026,,30/05/2026,C0014826,ΠΕ119756-98088,0212, ,TRUE,FALSE,TRUE,FALSE,TRUE,1,TRUE,12,TRUE,0,FALSE,0,FALSE,TRUE,FALSE,TRUE
160000404029,14/05/2026,15/05/2026,,30/05/2026,C0014826,ΠΕ119756-98088,0212, ,TRUE,FALSE,TRUE,FALSE,TRUE,1,TRUE,12,TRUE,0,FALSE,0,FALSE,TRUE,FALSE,TRUE
160000404028,14/05/2026,15/05/2026,15/05/2026,,C0014826,ΠΕ119756-98088,0628,SKG,TRUE,FALSE,TRUE,FALSE,TRUE,1,FALSE,0,TRUE,0,TRUE,1,FALSE,TRUE,FALSE,TRUE
160000404027,14/05/2026,18/05/2026,18/05/2026,,C0014826,ΠΕ119756-98088,0851, ,FALSE,FALSE,FALSE,FALSE,TRUE,2,FALSE,0,TRUE,0,TRUE,2,FALSE,TRUE,FALSE,TRUE
160000404023,14/05/2026,19/05/2026,20/05/2026,,C0014826,ΠΕ119756-98088,0903, ,FALSE,FALSE,FALSE,FALSE,TRUE,3,FALSE,0,TRUE,0,TRUE,4,FALSE,TRUE,FALSE,TRUE
160000404022,14/05/2026,19/05/2026,20/05/2026,,C0014826,ΠΕ119756-98088,0903, ,FALSE,FALSE,FALSE,FALSE,TRUE,3,FALSE,0,TRUE,0,TRUE,4,FALSE,TRUE,FALSE,TRUE
160000404020,14/05/2026,19/05/2026,20/05/2026,,C0014826,ΠΕ119756-98088,0903, ,FALSE,FALSE,FALSE,FALSE,TRUE,3,FALSE,0,TRUE,0,TRUE,4,FALSE,TRUE,FALSE,TRUE
050088570224,13/05/2026,19/05/2026,19/05/2026,,C0014826,ΠΕ119756-98088,0948, ,TRUE,FALSE,FALSE,FALSE,TRUE,4,FALSE,0,TRUE,4,TRUE,4,FALSE,FALSE,FALSE,FALSE
050093436151,13/05/2026,14/05/2026,14/05/2026,,C0014826,ΠΕ119756-98088,0948, ,TRUE,FALSE,FALSE,FALSE,TRUE,1,FALSE,0,FALSE,0,TRUE,1,FALSE,TRUE,FALSE,FALSE
700046903698,13/05/2026,15/05/2026,15/05/2026,,C0014826,ΠΕ119756-98088,0948, ,TRUE,FALSE,FALSE,FALSE,TRUE,2,FALSE,0,FALSE,0,TRUE,2,FALSE,TRUE,FALSE,FALSE
050086729550,13/05/2026,14/05/2026,14/05/2026,,C0014826,ΠΕ119756-102229,0948, ,TRUE,FALSE,FALSE,FALSE,TRUE,1,FALSE,0,TRUE,0,TRUE,1,FALSE,TRUE,FALSE,TRUE
052001878786,13/05/2026,14/05/2026,14/05/2026,,C0014826,ΠΕ119756-98088,0948, ,TRUE,FALSE,FALSE,FALSE,TRUE,1,FALSE,0,TRUE,0,TRUE,1,FALSE,TRUE,FALSE,TRUE
050043185269,13/05/2026,14/05/2026,14/05/2026,,C0014826,ΠΕ119756-98088,0948, ,TRUE,FALSE,FALSE,FALSE,TRUE,1,FALSE,0,TRUE,0,TRUE,1,FALSE,TRUE,FALSE,TRUE
700046932727,13/05/2026,14/05/2026,14/05/2026,,C0014826,ΠΕ119756-98088,0948, ,TRUE,FALSE,FALSE,FALSE,TRUE,1,FALSE,0,FALSE,0,TRUE,1,FALSE,TRUE,FALSE,FALSE
050033405928,13/05/2026,15/05/2026,15/05/2026,,C0014826,ΠΕ119756-98088,0106,ATH,TRUE,FALSE,FALSE,FALSE,TRUE,2,FALSE,0,TRUE,0,TRUE,2,FALSE,TRUE,FALSE,TRUE
400004831023,13/05/2026,19/05/2026,19/05/2026,,C0014826,ΠΕ119756-98088,0215, ,TRUE,TRUE,FALSE,FALSE,TRUE,4,FALSE,0,TRUE,1,TRUE,4,FALSE,TRUE,FALSE,TRUE
400004831022,13/05/2026,20/05/2026,20/05/2026,,C0014826,ΠΕ119756-98088,0304, ,TRUE,TRUE,FALSE,FALSE,TRUE,5,FALSE,0,FALSE,0,TRUE,5,FALSE,FALSE,FALSE,FALSE
400004831019,13/05/2026,,,,C0014826,ΠΕ119756-98088,0215, ,TRUE,FALSE,FALSE,FALSE,FALSE,10,FALSE,0,TRUE,1,FALSE,0,FALSE,FALSE,FALSE,TRUE
160000404026,13/05/2026,20/05/2026,20/05/2026,,C0014826,ΠΕ119756-98088,0304, ,TRUE,TRUE,FALSE,FALSE,TRUE,5,FALSE,0,FALSE,0,TRUE,5,FALSE,FALSE,FALSE,FALSE
160000404025,13/05/2026,20/05/2026,20/05/2026,,C0014826,ΠΕ119756-98088,0304, ,TRUE,TRUE,FALSE,FALSE,TRUE,5,FALSE,0,FALSE,0,TRUE,5,FALSE,FALSE,FALSE,FALSE
160000404021,13/05/2026,19/05/2026,19/05/2026,,C0014826,ΠΕ119756-98088,0215, ,TRUE,TRUE,FALSE,FALSE,TRUE,4,FALSE,0,TRUE,1,TRUE,4,FALSE,TRUE,FALSE,TRUE
052000967744,13/05/2026,14/05/2026,14/05/2026,,C0014826,ΠΕ119756-98088,0611, ,TRUE,FALSE,FALSE,FALSE,TRUE,1,FALSE,0,TRUE,0,TRUE,1,FALSE,TRUE,FALSE,TRUE
052000967722,13/05/2026,14/05/2026,14/05/2026,,C0014826,ΠΕ119756-98088,0502, ,TRUE,FALSE,FALSE,FALSE,TRUE,1,FALSE,0,TRUE,0,TRUE,1,FALSE,TRUE,FALSE,TRUE
052000967711,13/05/2026,14/05/2026,14/05/2026,,C0014826,ΠΕ119756-98088,0503, ,TRUE,FALSE,FALSE,FALSE,TRUE,1,FALSE,0,TRUE,0,TRUE,1,FALSE,TRUE,FALSE,TRUE
052000964565,13/05/2026,19/05/2026,19/05/2026,,C0014826,ΠΕ119756-98088,0214, ,TRUE,TRUE,FALSE,FALSE,TRUE,4,FALSE,0,TRUE,0,TRUE,4,FALSE,TRUE,FALSE,TRUE
052000964543,13/05/2026,15/05/2026,15/05/2026,,C0014826,ΠΕ119756-98088,0858, ,FALSE,FALSE,FALSE,FALSE,TRUE,2,FALSE,0,TRUE,0,TRUE,2,FALSE,TRUE,FALSE,TRUE
400004831012,13/05/2026,16/05/2026,,02/06/2026,C0014826,ΠΕ119756-98088,0903, ,FALSE,FALSE,FALSE,FALSE,TRUE,3,TRUE,13,TRUE,0,FALSE,0,FALSE,TRUE,FALSE,TRUE
400004831011,13/05/2026,14/05/2026,14/05/2026,,C0014826,ΠΕ119756-98088,0905, ,FALSE,FALSE,FALSE,FALSE,TRUE,1,FALSE,0,TRUE,0,TRUE,1,FALSE,TRUE,FALSE,TRUE
160000404024,13/05/2026,,,,C0014826,ΠΕ119756-98088,0215, ,TRUE,FALSE,FALSE,FALSE,FALSE,10,FALSE,0,TRUE,0,FALSE,0,FALSE,FALSE,FALSE,TRUE
160000404000,12/05/2026,19/05/2026,19/05/2026,,C0014826,ΠΕ119756-98088,0142, ,TRUE,TRUE,FALSE,FALSE,TRUE,5,FALSE,0,TRUE,0,TRUE,5,FALSE,FALSE,FALSE,TRUE
050037356116,12/05/2026,13/05/2026,13/05/2026,,C0014826,ΠΕ119756-98088,0948, ,TRUE,FALSE,FALSE,FALSE,TRUE,1,FALSE,0,TRUE,1,TRUE,1,FALSE,TRUE,FALSE,TRUE
052001040630,12/05/2026,14/05/2026,14/05/2026,,C0014826,ΠΕ119756-98088,0106,ATH,TRUE,FALSE,FALSE,FALSE,TRUE,2,FALSE,0,TRUE,1,TRUE,2,FALSE,TRUE,FALSE,TRUE
700046913428,12/05/2026,14/05/2026,14/05/2026,,C0014826,ΠΕ119756-98088,0113,ATH,TRUE,FALSE,FALSE,FALSE,TRUE,2,FALSE,0,TRUE,1,TRUE,2,FALSE,TRUE,FALSE,TRUE
700046889918,12/05/2026,14/05/2026,14/05/2026,,C0014826,ΠΕ119756-98088,0948, ,TRUE,FALSE,FALSE,FALSE,TRUE,2,FALSE,0,TRUE,2,TRUE,2,FALSE,TRUE,FALSE,FALSE
700046897835,12/05/2026,19/05/2026,19/05/2026,,C0014826,ΠΕ119756-102229,0948, ,TRUE,FALSE,FALSE,FALSE,TRUE,5,FALSE,0,TRUE,0,TRUE,5,FALSE,FALSE,FALSE,TRUE
050091189071,12/05/2026,14/05/2026,14/05/2026,,C0014826,ΠΕ119756-98088,0948, ,TRUE,FALSE,FALSE,FALSE,TRUE,2,FALSE,0,TRUE,0,TRUE,2,FALSE,TRUE,FALSE,TRUE
050091189060,12/05/2026,14/05/2026,14/05/2026,,C0014826,ΠΕ119756-98088,0948, ,TRUE,FALSE,FALSE,FALSE,TRUE,2,FALSE,0,TRUE,0,TRUE,2,FALSE,TRUE,FALSE,TRUE
160000404012,12/05/2026,14/05/2026,14/05/2026,,C0014826,ΠΕ119756-98088,0905, ,FALSE,FALSE,FALSE,FALSE,TRUE,2,FALSE,0,TRUE,1,TRUE,2,FALSE,TRUE,FALSE,TRUE
160000404011,12/05/2026,15/05/2026,18/05/2026,,C0014826,ΠΕ119756-98088,0304, ,TRUE,TRUE,FALSE,FALSE,TRUE,3,FALSE,0,TRUE,0,TRUE,4,FALSE,TRUE,FALSE,TRUE
160000404010,12/05/2026,15/05/2026,18/05/2026,,C0014826,ΠΕ119756-98088,0304, ,TRUE,TRUE,FALSE,FALSE,TRUE,3,FALSE,0,TRUE,0,TRUE,4,FALSE,TRUE,FALSE,TRUE
400004831013,12/05/2026,13/05/2026,13/05/2026,,C0014826,ΠΕ119756-98088,0338, ,TRUE,FALSE,TRUE,FALSE,TRUE,1,FALSE,0,TRUE,0,TRUE,1,FALSE,TRUE,FALSE,TRUE
400004831010,12/05/2026,15/05/2026,18/05/2026,,C0014826,ΠΕ119756-98088,0304, ,TRUE,TRUE,FALSE,FALSE,TRUE,3,FALSE,0,TRUE,0,TRUE,4,FALSE,TRUE,FALSE,TRUE
400004831009,12/05/2026,19/05/2026,19/05/2026,,C0014826,ΠΕ119756-98088,0142, ,TRUE,TRUE,FALSE,FALSE,TRUE,5,FALSE,0,TRUE,0,TRUE,5,FALSE,FALSE,FALSE,TRUE
700046875736,11/05/2026,14/05/2026,14/05/2026,,C0014826,ΠΕ119756-98088,0106,ATH,TRUE,FALSE,FALSE,FALSE,TRUE,3,FALSE,0,FALSE,0,TRUE,3,FALSE,TRUE,FALSE,FALSE
050094120835,11/05/2026,14/05/2026,14/05/2026,,C0014826,ΠΕ119756-98088,0948, ,TRUE,FALSE,FALSE,FALSE,TRUE,3,FALSE,0,FALSE,0,TRUE,3,FALSE,TRUE,FALSE,FALSE
700046866448,11/05/2026,14/05/2026,14/05/2026,,C0014826,ΠΕ119756-98088,0106,ATH,TRUE,FALSE,FALSE,FALSE,TRUE,3,FALSE,0,TRUE,1,TRUE,3,FALSE,FALSE,FALSE,TRUE
050086934535,11/05/2026,13/05/2026,13/05/2026,,C0014826,ΠΕ119756-98088,0948, ,TRUE,FALSE,FALSE,FALSE,TRUE,2,FALSE,0,TRUE,0,TRUE,2,FALSE,TRUE,FALSE,TRUE
700046855773,11/05/2026,12/05/2026,12/05/2026,,C0014826,ΠΕ119756-98088,0948, ,TRUE,FALSE,FALSE,FALSE,TRUE,1,FALSE,0,TRUE,1,TRUE,1,FALSE,TRUE,FALSE,TRUE
052000967865,11/05/2026,12/05/2026,12/05/2026,,C0014826,ΠΕ119756-98088,0329, ,TRUE,FALSE,TRUE,FALSE,TRUE,1,FALSE,0,TRUE,0,TRUE,1,FALSE,TRUE,FALSE,TRUE
052000967854,11/05/2026,14/05/2026,14/05/2026,,C0014826,ΠΕ119756-98088,0215, ,TRUE,FALSE,FALSE,FALSE,TRUE,3,FALSE,0,TRUE,0,TRUE,3,FALSE,FALSE,FALSE,TRUE
052000964532,11/05/2026,13/05/2026,13/05/2026,,C0014826,ΠΕ119756-98088,0855, ,FALSE,TRUE,FALSE,FALSE,TRUE,2,FALSE,0,TRUE,0,TRUE,2,FALSE,TRUE,FALSE,TRUE
052000964521,11/05/2026,12/05/2026,12/05/2026,,C0014826,ΠΕ119756-98088,0213, ,TRUE,FALSE,FALSE,FALSE,TRUE,1,FALSE,0,TRUE,0,TRUE,1,FALSE,TRUE,FALSE,TRUE
052000964048,11/05/2026,22/05/2026,22/05/2026,,C0014826,ΠΕ119756-98088,0858, ,FALSE,FALSE,FALSE,FALSE,TRUE,9,FALSE,0,TRUE,0,TRUE,9,FALSE,FALSE,FALSE,TRUE
700046858076,09/05/2026,13/05/2026,13/05/2026,,C0014826,ΠΕ119756-98088,0948, ,TRUE,FALSE,FALSE,FALSE,TRUE,2,FALSE,0,TRUE,2,TRUE,2,FALSE,TRUE,FALSE,FALSE
700046851654,08/05/2026,12/05/2026,12/05/2026,,C0014826,ΠΕ119756-98088,0948, ,TRUE,FALSE,FALSE,FALSE,TRUE,2,FALSE,0,TRUE,1,TRUE,2,FALSE,TRUE,FALSE,TRUE
052001878820,08/05/2026,12/05/2026,12/05/2026,,C0014826,ΠΕ119756-102229,0948, ,TRUE,FALSE,FALSE,FALSE,TRUE,2,FALSE,0,TRUE,0,TRUE,2,FALSE,TRUE,FALSE,TRUE
700046839590,08/05/2026,13/05/2026,13/05/2026,,C0014826,ΠΕ119756-98088,0948, ,TRUE,FALSE,FALSE,FALSE,TRUE,3,FALSE,0,TRUE,0,TRUE,3,FALSE,FALSE,FALSE,TRUE
052001597054,08/05/2026,12/05/2026,12/05/2026,,C0014826,ΠΕ119756-98088,0948, ,TRUE,FALSE,FALSE,FALSE,TRUE,2,FALSE,0,TRUE,0,TRUE,2,FALSE,TRUE,FALSE,TRUE
700046838812,08/05/2026,13/05/2026,13/05/2026,,C0014826,ΠΕ119756-102229,0948, ,TRUE,FALSE,FALSE,FALSE,TRUE,3,FALSE,0,TRUE,2,TRUE,3,FALSE,TRUE,FALSE,TRUE
052002899718,08/05/2026,13/05/2026,13/05/2026,,C0014826,ΠΕ119756-98088,0948, ,TRUE,FALSE,FALSE,FALSE,TRUE,3,FALSE,0,TRUE,3,TRUE,3,FALSE,FALSE,FALSE,TRUE
052000967876,08/05/2026,09/05/2026,15/05/2026,,C0014826,ΠΕ119756-98088,0302, ,TRUE,FALSE,FALSE,FALSE,TRUE,1,FALSE,0,TRUE,0,TRUE,5,FALSE,TRUE,FALSE,TRUE
052000964510,08/05/2026,11/05/2026,11/05/2026,,C0014826,ΠΕ119756-98088,0645, ,TRUE,FALSE,TRUE,FALSE,TRUE,1,FALSE,0,TRUE,0,TRUE,1,FALSE,TRUE,FALSE,TRUE
052000964500,08/05/2026,11/05/2026,11/05/2026,,C0014826,ΠΕ119756-98088,0324, ,TRUE,FALSE,FALSE,FALSE,TRUE,1,FALSE,0,TRUE,0,TRUE,1,FALSE,TRUE,FALSE,TRUE
052000964499,08/05/2026,11/05/2026,11/05/2026,,C0014826,ΠΕ119756-98088,0511, ,TRUE,FALSE,FALSE,FALSE,TRUE,1,FALSE,0,TRUE,0,TRUE,1,FALSE,TRUE,FALSE,TRUE
052000964488,08/05/2026,11/05/2026,11/05/2026,,C0014826,ΠΕ119756-98088,0131, ,TRUE,FALSE,FALSE,FALSE,TRUE,1,FALSE,0,TRUE,0,TRUE,1,FALSE,TRUE,FALSE,TRUE
052000964477,08/05/2026,09/05/2026,09/05/2026,,C0014826,ΠΕ119756-98088,0622, ,TRUE,FALSE,FALSE,FALSE,TRUE,1,FALSE,0,TRUE,0,TRUE,1,FALSE,TRUE,FALSE,TRUE
052000964466,08/05/2026,09/05/2026,09/05/2026,,C0014826,ΠΕ119756-98088,0622, ,TRUE,FALSE,FALSE,FALSE,TRUE,1,FALSE,0,TRUE,0,TRUE,1,FALSE,TRUE,FALSE,TRUE
700046824370,07/05/2026,12/05/2026,12/05/2026,,C0014826,ΠΕ119756-98088,0948, ,TRUE,FALSE,FALSE,FALSE,TRUE,3,FALSE,0,TRUE,3,TRUE,3,FALSE,TRUE,FALSE,FALSE
050091769541,07/05/2026,12/05/2026,12/05/2026,,C0014826,ΠΕ119756-102229,0948, ,TRUE,FALSE,FALSE,FALSE,TRUE,3,FALSE,0,TRUE,3,TRUE,3,FALSE,TRUE,FALSE,FALSE
050094099660,07/05/2026,08/05/2026,08/05/2026,,C0014826,ΠΕ119756-98088,0113,ATH,TRUE,FALSE,FALSE,FALSE,TRUE,1,FALSE,0,TRUE,0,TRUE,1,FALSE,TRUE,FALSE,TRUE
052001648501,07/05/2026,08/05/2026,08/05/2026,,C0014826,ΠΕ119756-98088,0113,ATH,TRUE,FALSE,FALSE,FALSE,TRUE,1,FALSE,0,TRUE,0,TRUE,1,FALSE,TRUE,FALSE,TRUE
052001942157,07/05/2026,08/05/2026,08/05/2026,,C0014826,ΠΕ119756-98088,0113,ATH,TRUE,FALSE,FALSE,FALSE,TRUE,1,FALSE,0,TRUE,0,TRUE,1,FALSE,TRUE,FALSE,TRUE
052000967887,07/05/2026,08/05/2026,08/05/2026,,C0014826,ΠΕ119756-98088,0502, ,TRUE,FALSE,FALSE,FALSE,TRUE,1,FALSE,0,TRUE,0,TRUE,1,FALSE,TRUE,FALSE,TRUE
052000964400,07/05/2026,09/05/2026,09/05/2026,,C0014826,ΠΕ119756-98088,0855, ,FALSE,FALSE,FALSE,FALSE,TRUE,2,FALSE,0,TRUE,0,TRUE,2,FALSE,TRUE,FALSE,TRUE
052000964081,07/05/2026,08/05/2026,12/05/2026,,C0014826,ΠΕ119756-98088,0324, ,TRUE,FALSE,FALSE,FALSE,TRUE,1,FALSE,0,TRUE,0,TRUE,3,FALSE,TRUE,FALSE,TRUE
052000964070,07/05/2026,08/05/2026,08/05/2026,,C0014826,ΠΕ119756-98088,0863, ,FALSE,FALSE,FALSE,FALSE,TRUE,1,FALSE,0,TRUE,0,TRUE,1,FALSE,TRUE,FALSE,TRUE
052000964060,07/05/2026,08/05/2026,08/05/2026,,C0014826,ΠΕ119756-98088,0711, ,TRUE,FALSE,FALSE,FALSE,TRUE,1,FALSE,0,TRUE,0,TRUE,1,FALSE,TRUE,FALSE,TRUE
052000964059,07/05/2026,09/05/2026,09/05/2026,,C0014826,ΠΕ119756-98088,0852, ,FALSE,FALSE,FALSE,FALSE,TRUE,2,FALSE,0,TRUE,0,TRUE,2,FALSE,TRUE,FALSE,TRUE
052000963982,07/05/2026,08/05/2026,08/05/2026,,C0014826,ΠΕ119756-98088,0605,SKG,TRUE,FALSE,FALSE,FALSE,TRUE,1,FALSE,0,TRUE,0,TRUE,1,FALSE,TRUE,FALSE,TRUE
052000963950,07/05/2026,08/05/2026,08/05/2026,,C0014826,ΠΕ119756-98088,0324, ,TRUE,FALSE,FALSE,FALSE,TRUE,1,FALSE,0,TRUE,0,TRUE,1,FALSE,TRUE,FALSE,TRUE
050089828173,07/05/2026,11/05/2026,11/05/2026,,C0014826,ΠΕ119756-98088,0904, ,FALSE,FALSE,FALSE,FALSE,TRUE,2,FALSE,0,TRUE,0,TRUE,2,FALSE,TRUE,FALSE,TRUE
052001898256,06/05/2026,08/05/2026,08/05/2026,,C0014826,ΠΕ119756-98088,0113,ATH,TRUE,FALSE,FALSE,FALSE,TRUE,2,FALSE,0,TRUE,1,TRUE,2,FALSE,TRUE,FALSE,TRUE
700046789061,06/05/2026,07/05/2026,07/05/2026,,C0014826,ΠΕ119756-98088,0113,ATH,TRUE,FALSE,FALSE,FALSE,TRUE,1,FALSE,0,TRUE,0,TRUE,1,FALSE,TRUE,FALSE,TRUE
050090954254,06/05/2026,07/05/2026,07/05/2026,,C0014826,ΠΕ119756-98088,0113,ATH,TRUE,FALSE,FALSE,FALSE,TRUE,1,FALSE,0,TRUE,0,TRUE,1,FALSE,TRUE,FALSE,TRUE
700046810749,06/05/2026,08/05/2026,08/05/2026,,C0014826,ΠΕ119756-98088,0113,ATH,TRUE,FALSE,FALSE,FALSE,TRUE,2,FALSE,0,TRUE,2,TRUE,2,FALSE,TRUE,FALSE,FALSE
700046802550,06/05/2026,07/05/2026,07/05/2026,,C0014826,ΠΕ119756-98088,0113,ATH,TRUE,FALSE,FALSE,FALSE,TRUE,1,FALSE,0,TRUE,0,TRUE,1,FALSE,TRUE,FALSE,TRUE
052000964455,06/05/2026,11/05/2026,12/05/2026,,C0014826,ΠΕ119756-98088,0906, ,FALSE,FALSE,FALSE,FALSE,TRUE,3,FALSE,0,TRUE,0,TRUE,4,FALSE,TRUE,FALSE,TRUE
052000964444,06/05/2026,14/05/2026,14/05/2026,,C0014826,ΠΕ119756-98088,0901, ,FALSE,FALSE,FALSE,FALSE,TRUE,6,FALSE,0,TRUE,0,TRUE,6,FALSE,FALSE,FALSE,TRUE
052000964433,06/05/2026,13/05/2026,13/05/2026,,C0014826,ΠΕ119756-98088,0907, ,FALSE,FALSE,FALSE,FALSE,TRUE,5,FALSE,0,TRUE,0,TRUE,5,FALSE,FALSE,FALSE,TRUE
052000964037,06/05/2026,07/05/2026,07/05/2026,,C0014826,ΠΕ119756-98088,0327, ,TRUE,FALSE,FALSE,FALSE,TRUE,1,FALSE,0,TRUE,0,TRUE,1,FALSE,TRUE,FALSE,TRUE
052000964026,06/05/2026,12/05/2026,12/05/2026,,C0014826,ΠΕ119756-98088,0876, ,FALSE,FALSE,FALSE,FALSE,TRUE,4,FALSE,0,TRUE,0,TRUE,4,FALSE,FALSE,FALSE,TRUE
052000964004,06/05/2026,07/05/2026,07/05/2026,,C0014826,ΠΕ119756-98088,0611, ,TRUE,FALSE,FALSE,FALSE,TRUE,1,FALSE,0,TRUE,0,TRUE,1,FALSE,TRUE,FALSE,TRUE
052000963993,06/05/2026,11/05/2026,11/05/2026,,C0014826,ΠΕ119756-98088,0131, ,TRUE,FALSE,TRUE,FALSE,TRUE,3,FALSE,0,TRUE,0,TRUE,3,FALSE,TRUE,FALSE,TRUE
052000963971,06/05/2026,07/05/2026,07/05/2026,,C0014826,ΠΕ119756-98088,0632, ,TRUE,FALSE,FALSE,FALSE,TRUE,1,FALSE,0,TRUE,0,TRUE,1,FALSE,TRUE,FALSE,TRUE
700046719785,05/05/2026,07/05/2026,07/05/2026,,C0014826,ΠΕ119756-98088,0113,ATH,TRUE,FALSE,FALSE,FALSE,TRUE,2,FALSE,0,TRUE,2,TRUE,2,FALSE,TRUE,FALSE,FALSE
700046777054,05/05/2026,06/05/2026,06/05/2026,,C0014826,ΠΕ119756-98088,0113,ATH,TRUE,FALSE,FALSE,FALSE,TRUE,1,FALSE,0,TRUE,1,TRUE,1,FALSE,TRUE,FALSE,TRUE
052001997586,05/05/2026,07/05/2026,07/05/2026,,C0014826,ΠΕ119756-98088,0113,ATH,TRUE,FALSE,FALSE,FALSE,TRUE,2,FALSE,0,TRUE,0,TRUE,2,FALSE,TRUE,FALSE,TRUE
700046772733,05/05/2026,06/05/2026,06/05/2026,,C0014826,ΠΕ119756-98088,0113,ATH,TRUE,FALSE,FALSE,FALSE,TRUE,1,FALSE,0,TRUE,0,TRUE,1,FALSE,TRUE,FALSE,TRUE
052000964390,05/05/2026,06/05/2026,06/05/2026,,C0014826,ΠΕ119756-98088,0309, ,TRUE,FALSE,FALSE,FALSE,TRUE,1,FALSE,0,TRUE,0,TRUE,1,FALSE,TRUE,FALSE,TRUE
052000964389,05/05/2026,07/05/2026,07/05/2026,,C0014826,ΠΕ119756-98088,0858, ,FALSE,FALSE,FALSE,FALSE,TRUE,2,FALSE,0,TRUE,0,TRUE,2,FALSE,TRUE,FALSE,TRUE
052000964378,05/05/2026,07/05/2026,09/05/2026,,C0014826,ΠΕ119756-98088,0902, ,FALSE,FALSE,FALSE,FALSE,TRUE,2,FALSE,0,TRUE,0,TRUE,4,FALSE,TRUE,FALSE,TRUE
052000964103,05/05/2026,06/05/2026,07/05/2026,,C0014826,ΠΕ119756-98088,0711, ,TRUE,FALSE,FALSE,FALSE,TRUE,1,FALSE,0,TRUE,0,TRUE,2,FALSE,TRUE,FALSE,TRUE
052000964092,05/05/2026,14/05/2026,14/05/2026,,C0014826,ΠΕ119756-98088,0215, ,TRUE,FALSE,FALSE,FALSE,TRUE,7,FALSE,0,TRUE,0,TRUE,7,FALSE,FALSE,FALSE,TRUE
052000963960,05/05/2026,06/05/2026,06/05/2026,,C0014826,ΠΕ119756-98088,0203, ,TRUE,FALSE,FALSE,FALSE,TRUE,1,FALSE,0,TRUE,0,TRUE,1,FALSE,TRUE,FALSE,TRUE
052000963949,05/05/2026,06/05/2026,06/05/2026,,C0014826,ΠΕ119756-98088,0327, ,TRUE,FALSE,FALSE,FALSE,TRUE,1,FALSE,0,TRUE,0,TRUE,1,FALSE,TRUE,FALSE,TRUE
052001566232,04/05/2026,06/05/2026,06/05/2026,,C0014826,ΠΕ119756-98088,0113,ATH,TRUE,FALSE,FALSE,FALSE,TRUE,2,FALSE,0,FALSE,0,TRUE,2,FALSE,TRUE,FALSE,FALSE
050037356105,04/05/2026,06/05/2026,06/05/2026,,C0014826,ΠΕ119756-98088,0113,ATH,TRUE,FALSE,FALSE,FALSE,TRUE,2,FALSE,0,TRUE,1,TRUE,2,FALSE,TRUE,FALSE,TRUE
050054964729,04/05/2026,06/05/2026,06/05/2026,,C0014826,ΠΕ119756-98088,0113,ATH,TRUE,FALSE,FALSE,FALSE,TRUE,2,FALSE,0,TRUE,2,TRUE,2,FALSE,TRUE,FALSE,FALSE
700046746091,04/05/2026,06/05/2026,06/05/2026,,C0014826,ΠΕ119756-98088,0113,ATH,TRUE,FALSE,FALSE,FALSE,TRUE,2,FALSE,0,TRUE,0,TRUE,2,FALSE,TRUE,FALSE,TRUE
050086748294,04/05/2026,05/05/2026,05/05/2026,,C0014826,ΠΕ119756-102229,0113,ATH,TRUE,FALSE,FALSE,FALSE,TRUE,1,FALSE,0,TRUE,0,TRUE,1,FALSE,TRUE,FALSE,TRUE
700046737671,04/05/2026,05/05/2026,05/05/2026,,C0014826,ΠΕ119756-102229,0113,ATH,TRUE,FALSE,FALSE,FALSE,TRUE,1,FALSE,0,TRUE,1,TRUE,1,FALSE,TRUE,FALSE,TRUE
200311674320260501,04/05/2026,,,,C0014826,ΠΕ119756-98088,0948, ,TRUE,FALSE,FALSE,FALSE,FALSE,17,FALSE,0,FALSE,0,FALSE,0,FALSE,FALSE,FALSE,FALSE
050090952153,04/05/2026,05/05/2026,05/05/2026,,C0014826,ΠΕ119756-98088,0113,ATH,TRUE,FALSE,FALSE,FALSE,TRUE,1,FALSE,0,TRUE,0,TRUE,1,FALSE,TRUE,FALSE,TRUE
050088512089,04/05/2026,05/05/2026,05/05/2026,,C0014826,ΠΕ119756-102229,0113,ATH,TRUE,FALSE,FALSE,FALSE,TRUE,1,FALSE,0,TRUE,0,TRUE,1,FALSE,TRUE,FALSE,TRUE
700046742868,04/05/2026,05/05/2026,05/05/2026,,C0014826,ΠΕ119756-98088,0113,ATH,TRUE,FALSE,FALSE,FALSE,TRUE,1,FALSE,0,TRUE,0,TRUE,1,FALSE,TRUE,FALSE,TRUE
050051410167,04/05/2026,05/05/2026,05/05/2026,,C0014826,ΠΕ119756-98088,0113,ATH,TRUE,FALSE,FALSE,FALSE,TRUE,1,FALSE,0,TRUE,0,TRUE,1,FALSE,TRUE,FALSE,TRUE
052002899950,04/05/2026,19/05/2026,19/05/2026,,C0014826,ΠΕ119756-98088,0948, ,TRUE,FALSE,FALSE,FALSE,TRUE,11,FALSE,0,FALSE,0,TRUE,11,FALSE,FALSE,FALSE,FALSE
052002899949,04/05/2026,05/05/2026,05/05/2026,,C0014826,ΠΕ119756-98088,0113,ATH,TRUE,FALSE,FALSE,FALSE,TRUE,1,FALSE,0,TRUE,1,TRUE,1,FALSE,TRUE,FALSE,TRUE
052000964422,04/05/2026,05/05/2026,05/05/2026,,C0014826,ΠΕ119756-98088,0214, ,TRUE,FALSE,FALSE,FALSE,TRUE,1,FALSE,0,TRUE,0,TRUE,1,FALSE,TRUE,FALSE,TRUE
052000964411,04/05/2026,06/05/2026,08/05/2026,,C0014826,ΠΕ119756-98088,0903, ,FALSE,FALSE,FALSE,FALSE,TRUE,2,FALSE,0,TRUE,0,TRUE,4,FALSE,TRUE,FALSE,TRUE
052000963938,04/05/2026,09/05/2026,09/05/2026,,C0014826,ΠΕ119756-98088,0215, ,TRUE,FALSE,FALSE,FALSE,TRUE,5,FALSE,0,TRUE,0,TRUE,5,FALSE,FALSE,FALSE,TRUE
052000963927,04/05/2026,07/05/2026,07/05/2026,,C0014826,ΠΕ119756-98088,0133, ,TRUE,FALSE,FALSE,FALSE,TRUE,3,FALSE,0,TRUE,0,TRUE,3,FALSE,FALSE,FALSE,TRUE
700046724933,02/05/2026,05/05/2026,05/05/2026,,C0014826,ΠΕ119756-98088,0113,ATH,TRUE,FALSE,FALSE,FALSE,TRUE,1,FALSE,0,TRUE,0,TRUE,1,FALSE,TRUE,FALSE,TRUE
